cpu,memory,latency,status
16.504852546233142,174.2510955620752,2.190149592604065,0
20.793480849665915,247.2616939651968,2.274804794579394,0
18.42093691264641,237.22543267650792,1.5187982095069312,0
22.85354909099911,207.32481995850077,1.9224103094563898,0
18.203652083531587,177.7635613014776,3.0346266871087813,0
22.21862307104688,161.86482410614502,1.189046758040889,0
18.533690224005817,185.45770143863132,2.445240025469143,0
15.29261629389279,246.53279118817042,2.1000480102589334,0
23.570706127023474,239.63042901120525,1.2630507314830353,0
20.993724141944682,163.7637199648151,3.419129244906802,0
22.91348506595179,245.53459512107452,1.3175285389431313,0
22.730668314016793,220.491722972253,2.4408486112357064,0
22.173123355342632,171.89429413375046,2.3842646819393942,0
15.878599538773543,166.92610418777002,0.7941813799439649,0
17.1581804377421,152.97890077780474,2.893161713674824,0
22.481755323582934,162.21609100187968,2.613794270723137,0
24.68026343365401,227.2020797548024,2.7073751876026764,0
24.54031137946989,216.66843069243953,3.1940462934947575,0
17.680459259296207,234.7494358960446,0.6508827205911992,0
21.10903007303984,150.27725412428603,0.5358459806457356,0
19.690004875512553,243.2786452934572,1.8562831554518449,0
17.754262842594215,230.14131931892837,2.0971764581697645,0
15.695595495287085,245.820980190407,1.8606861241882118,0
21.789175990937288,173.06581658723917,2.0112511576772008,0
17.114372693769237,189.0846568692467,1.620663005538404,0
20.878805487557738,189.95171080971608,2.103767913995142,0
22.68886415861425,201.12199670834102,1.5238977944869032,0
19.696158382553392,210.5159816780734,3.02083693752279,0
18.243000628549332,222.33368667864073,0.9525986635488124,0
20.863820362988843,198.52834976940693,3.0578215531592785,0
16.020514426265645,182.20313953623366,2.4310290302252193,0
23.630107408001017,159.77660131654807,2.488839433715441,0
16.037454604297515,226.90033664872766,1.4608537285423395,0
24.722514099621183,247.85458750742293,2.1153180412071064,0
19.40176929796113,167.52156156729686,2.754080937443859,0
21.468157315531563,192.30289808311372,0.5713819727914642,0
24.427012053961203,237.2567873470472,3.153559205768935,0
20.34641813169168,177.43614403663165,1.3341446925718516,0
20.260753167171046,213.61730033709313,0.6584110595902435,0
24.289570595146465,229.3036551714773,3.2419236072356146,0
23.349299969593872,237.49326868076025,0.7089440801110856,0
18.61053792223372,201.9424703120526,2.4994377430811205,0
22.883592932661706,211.46104935642376,1.7544691611781897,0
19.118601948634417,236.15272004388345,0.8957928255454379,0
18.23941056160163,205.7327562381604,3.2198890741440716,0
16.054318562832005,206.73749736670402,0.7651690506974443,0
22.845170270652567,179.04776598562003,3.1840354502184445,0
24.880389552051604,190.86391387816712,0.5383799419019576,0
24.469984529129814,166.3206080985816,1.8733966246834912,0
18.13456622395021,200.6056524234139,0.7477890971141729,0
18.86470320475513,178.68681461478414,0.9648348508314365,0
15.665526956144166,204.2430816642712,0.5964815426993139,0
18.759389488794156,173.25431561015867,2.0950733357313323,0
20.218134457061264,189.54607506631928,3.4736070705283613,0
20.076810590452393,158.57430215792203,1.6066917801475937,0
23.954150567925,179.7234243371491,2.1144264646522988,0
17.135972167083978,206.82088875609958,2.014288839343723,0
15.125901903622243,218.42331076703786,1.5079319497513475,0
22.225009047446044,170.28868632608282,2.21152154501908,0
18.608415886652963,160.70525007978932,1.5006640688137967,0
21.112668757691644,156.64899631153673,2.3563087745591615,0
21.806535457376718,175.74352186104505,1.2577223399727577,0
19.661247743819697,231.10068406969913,3.3423547218715326,0
22.104982097934382,212.99411821976764,2.872204115670088,0
21.742286043545224,225.11713515874033,3.3315327702350364,0
15.983974843528255,167.67387361052067,1.696237378793629,0
15.779429726490312,178.29339614898865,0.7219247779969967,0
15.009785786929111,170.48557696719215,1.2670263280519976,0
22.38598650200303,248.06831189536345,3.2982078560559756,0
22.90946388602858,233.9315514919586,2.490528795839876,0
23.438779248951576,198.62193996845502,3.4266034733878095,0
17.884196234765845,158.63209172081298,3.2145818108716386,0
24.593806821318594,161.92965784559146,2.305887970000039,0
24.76063194375484,214.30483983022148,1.2667157870167727,0
22.239405316874993,169.63178473694038,2.219376128927215,0
21.923440104436963,245.00438800930817,0.9556457189234602,0
23.48180683958755,247.15412542810125,0.9418027041039091,0
19.66612704312348,233.3401682999679,1.6779576524564215,0
20.344585716519497,221.46840565891324,2.636353046779645,0
15.56794376440644,152.79648905521657,1.6546181563031435,0
21.166460135592718,163.44535465358152,2.2139437090918888,0
19.176832392447785,176.8007399925678,2.363911403115166,0
19.76575065671751,222.39978894841926,1.0540979361220124,0
15.454246024747189,249.53153919793849,2.023605946988048,0
19.4107794547219,225.9224435323992,2.6214087436672786,0
21.302688781489856,187.88465393104798,2.7936486342589033,0
18.827590516084285,158.48190809372178,0.5239254550879182,0
23.078741910028945,189.20429780038353,0.6708324901729252,0
18.437327145218678,186.1506309610568,3.4156705430932273,0
23.32111261821669,216.94704227434772,1.921531317218246,0
22.99384621564056,164.8448164191402,0.8211399877812242,0
24.199770256325692,245.53815577477874,2.530019111575627,0
20.307932796746684,233.83461768956653,1.72134723517673,0
18.304738683282356,237.220588673667,1.2062569467750701,0
21.98650887750663,186.83859933237656,0.5152778091091914,0
23.678690071654255,172.94120478640633,0.7403901977699895,0
22.730981297962032,218.14683374035488,1.0698356837623928,0
24.461783779938436,165.65443938516296,1.5986677924169463,0
24.20153058666041,246.52967964706656,1.4629005236479151,0
15.632056741422574,219.47142996113396,1.4125042298432886,0
23.801474717773544,195.35040209870562,0.8572492667867325,0
19.050320922504586,171.61059325783,3.0297192011495593,0
21.985467036044696,236.28216662145797,2.0061617980497446,0
22.310360629662036,186.58331781459924,1.389070729814347,0
21.235267435013597,191.920690421828,3.289843779139156,0
19.993814873653402,226.55595748070715,1.3337929051788115,0
17.446238022606952,249.774716253158,3.2311322228959702,0
19.970289658218345,153.77301244736458,2.9117190380241773,0
22.65583867938983,249.18068657604243,0.7828320432621948,0
17.740403683188475,221.85820572758405,1.1453039512103265,0
16.519434350180518,166.25438726347338,0.5033630236564856,0
15.052616615812948,186.41994300603986,2.7220654376154663,0
17.403832117140414,239.96822826424977,2.4128981065438793,0
22.542021021012168,192.53610475970632,2.0630525822881687,0
17.304773765359997,225.3026769838198,1.0600295245831473,0
23.97139438867749,233.97789806976812,2.2428049995180226,0
15.307004512551286,193.03736828521548,3.425606992673065,0
17.062119256210593,189.08732737666978,0.7612659550807868,0
17.734867663526682,150.78167157018643,3.059026858789158,0
17.946347914174865,157.82552362974394,1.624959592269608,0
23.54172058670098,243.06687401163376,1.4701587028550303,0
22.986329668243275,229.93095012557387,2.8395805490132893,0
18.06758627110189,229.5946547823898,0.6331498199360216,0
18.562122862807353,248.90993615055112,0.9640708182696314,0
18.00816681745608,213.7238045093977,1.7182289136765583,0
22.340266306233833,215.22511092886765,0.5947057316857043,0
23.21119798078228,209.29411273857622,1.2869611025622445,0
17.20413841393651,170.53527537600945,2.4286434033539983,0
16.825141373729306,237.96026355320492,3.302234385395795,0
19.29072193663061,177.5538086401559,1.0421238530674026,0
18.336590985942887,184.4257867297201,1.8100381867065332,0
23.843875213058354,175.51277019937902,3.142468589820622,0
21.623919051829404,219.77996257598522,1.2734741889345185,0
18.674954189571533,225.14777347575142,1.6123120177533217,0
19.933627550965106,168.77830370119398,1.8591056583302756,0
19.05231519767697,151.49404217671292,3.3056873642559275,0
24.490635817622195,192.85801354018162,1.8074690187653637,0
18.685844505217943,218.48123159941485,1.0815512189664664,0
16.015357930943555,163.93229278408324,2.445623092161656,0
21.605644272024772,187.14312129593395,0.7895797417026518,0
20.351329220898485,176.15588892712117,2.165125803752751,0
17.1916636371707,193.36834552658019,0.6719075464730102,0
15.582492216025091,229.96250010495908,2.212318866482492,0
23.493994779844968,166.52169924480472,3.0507361937633855,0
22.661253713664017,202.31215400840284,0.6150368492151169,0
15.401573010530782,164.89205526389497,0.9874623704393765,0
16.74706531253682,242.34627463148627,2.287597804528906,0
23.769309429683975,171.44155391604352,2.2997653672592566,0
18.05122222556916,238.69598681981176,3.202092855794655,0
20.624938542541894,154.8555406198253,2.2290012479985615,0
24.376717404242314,189.47251837441848,3.0990388062244616,0
17.45268110619174,222.4670953441351,3.2700625084749833,0
21.12832353132501,233.98427270142128,3.1485466637440154,0
20.5393152527436,248.9652260435659,0.605891668914334,0
19.741913567803692,217.07924929845987,0.7430471612894622,0
16.925464038920335,176.72216055269192,2.395004472151766,0
16.583763057884077,165.46850808871972,3.304543989744485,0
15.817099520100289,229.6270030513433,2.7129191864567526,0
22.866981017597517,210.46811480360816,0.9429076776410914,0
19.176997479752217,196.9081716447913,1.9021718865580237,0
15.749262440068847,232.09815329365637,2.508320981421785,0
15.996808551192963,189.10605181086197,2.3714390370875797,0
19.299965038293678,161.06524397426065,2.817642598680736,0
16.259815016144163,197.43900319706805,1.2539449119851411,0
22.350311498957044,152.11098346868883,2.191148113046422,0
16.004160238145438,234.73757075320435,3.415748762433327,0
19.935647483174705,150.04320331974134,2.081788360579772,0
20.032475926055525,182.04116958214027,3.4907726106662706,0
23.41712158926274,176.94490063520158,0.9686083551041246,0
16.230145544701156,217.23967225114689,3.338621702963902,0
16.74523550517003,244.38254421009063,2.3937467681382296,0
17.752938493047196,162.6278287863146,1.3427020004095178,0
15.265326872435182,168.8443161718933,2.591095667247501,0
22.164345359389998,189.77884441577243,2.6715042637326585,0
23.883690598156548,235.05498099236172,3.3852531371051877,0
22.586149881681813,185.19274681620618,0.903460769236586,0
23.28353680866224,205.42363306857226,1.5722770293031316,0
22.115262588795446,154.3238698713044,0.9263379032776192,0
23.675732711966,177.48753317107742,0.5342906133129706,0
19.69027043030513,161.30659413607162,1.1863734067739624,0
20.391037748208014,176.33334983350642,2.390942290367895,0
18.125410339492085,244.37218549908442,1.0845773206228069,0
21.310670056746872,155.34513393501703,2.358083913236192,0
16.393974851482454,169.14475104112205,2.0536770364195154,0
19.038133302923136,207.52588917557972,1.3419026694806317,0
17.45135174833957,198.6213201285526,2.3122233970201873,0
18.768069318167587,206.05925882411645,1.0816361240082666,0
20.69290213449771,240.86764725898522,0.6121721195970623,0
24.914470134915426,152.32426795249236,0.9367210950830659,0
22.96378147307967,205.71514390853713,2.84792498541636,0
18.83102020516495,174.2106294367671,1.4143922365904382,0
22.34248983022262,187.37917888892596,3.148953532552474,0
15.97159532926825,194.19308590958536,1.5162558476031027,0
21.045410118483467,245.08971144159574,1.9116356934717833,0
20.93954009647868,242.02439769176488,1.8118389057239639,0
15.176344843140477,162.3167332815257,0.8955436169735826,0
21.876198839977654,185.00934433564393,3.298946460410656,0
23.193890124007158,185.98719627844147,1.605187393722829,0
19.255258844844562,181.71665421541897,0.8001125416514486,0
18.49458653440806,186.4540532736916,2.4245188620777247,0
23.64560288265985,212.29898644463725,1.6407843831255573,0
15.327275828672654,188.20782719159197,0.8849528582857104,0
21.755971672821364,221.99110439657332,0.7316188263158401,0
15.929396907544739,151.26118622420756,1.292404015026378,0
17.7173871417862,209.5470331919009,2.19184532397399,0
24.43923048083932,210.96950904421536,2.6042466887790767,0
24.05077396265189,207.37859448017193,0.9768816521009723,0
23.020083636700996,192.33367672253706,0.6788596513897963,0
19.417817121870357,202.90371634088004,0.9842012467378183,0
18.298770632767972,240.08597902576196,2.4203011886610986,0
16.947119682238355,191.2041794901074,2.525659319224218,0
21.994485713601968,234.07318647034285,1.7857513319161273,0
16.535862127981055,226.58035250909484,1.3015258380263166,0
18.705926269217777,185.09228588978038,1.1830524472945276,0
23.451272656235957,174.19183609404547,2.5606871603196653,0
16.3152440160775,167.13082191909035,3.0308307069271176,0
23.273442451380795,166.79788781280448,1.6996615599825553,0
21.756468720871453,216.8376159258925,2.582078341432847,0
18.194866560635557,160.72591570487944,2.590498977019267,0
16.666765380005423,210.03376816341262,0.7471110235428953,0
20.117798380418805,190.90742116307197,3.1074331634799113,0
15.604931756950872,169.3833790570692,0.5643891437126372,0
19.12012110911875,191.16434692196015,1.2023948544542697,0
17.552063327274734,236.99481710509542,1.7405751839044359,0
23.18845031382972,180.21132059979698,3.2455503084711133,0
16.43208721021077,166.90755380003307,1.6635760233110222,0
18.14461593142106,198.4442078485593,2.9558930780685286,0
15.79707698397046,158.868185290411,1.7609461039087058,0
17.350575474207513,215.45491329585127,0.6587218939582236,0
15.844577587904013,204.91490310254542,2.2005159986711966,0
17.087441862320144,220.9890701712861,0.908655133539163,0
21.595616547829536,155.45833370995703,1.4197400941748572,0
19.47244743687653,155.36147979392766,0.8532615420994376,0
20.98486473808888,241.21605254185573,2.2389415353993947,0
16.735571164979643,243.7125856470832,0.535391298050248,0
24.094465245182896,210.66069722096785,2.475131212523142,0
22.107763938692955,194.19859109416473,3.169718628189383,0
22.134826840599317,156.24965356118318,0.5053647810839815,0
20.986171493997112,223.29906542973853,2.7813227879904354,0
15.369638578853355,182.31968893999777,1.3137811791502136,0
19.21141860349028,199.371348895403,3.431487031823933,0
16.886444167186863,180.4400397498416,0.7185384619367021,0
21.723820909668355,156.7921709112934,0.7531983208677265,0
15.35557183134975,205.02060320554796,2.9255277929080146,0
19.179994664426758,202.66908418215928,1.57123815798837,0
21.532013562389864,158.2263575617406,1.0510731838105567,0
19.20608346290164,165.93540618373544,2.5949423856961404,0
16.829835613032653,171.34047667489966,2.5460845542406325,0
18.872939527105864,186.17488120068901,2.517089729743714,0
23.73933603761715,206.30131274081495,1.0819352569398049,0
15.049144870292515,168.30060601380313,3.040689894710215,0
24.98527204659778,203.30473983146314,1.5950449472204333,0
21.588990872385075,190.2030123488595,1.2284076720748014,0
19.24404213338757,162.03897827911646,0.9960184201890261,0
22.919229618937926,215.83855847102933,0.5042567926739112,0
15.147045286139495,183.60194472604397,1.1013157298212994,0
24.659701341097794,211.17239194003645,1.1992239899956643,0
24.907058306380943,171.12640366925868,3.0163189706479225,0
19.810232840729903,215.80034724289942,2.0550105604028372,0
17.5188418046102,207.65853230609994,2.7295096842301163,0
23.957992181596705,158.06144386116114,1.8747609149550821,0
17.446877287601204,196.7053698530857,1.650906228190462,0
20.737267302164405,238.0975810449747,2.4600708510056544,0
23.572960827981873,196.19788586214548,2.033265578772682,0
16.69530507504165,202.6497623683651,3.1232183662316695,0
21.065444703741576,219.82579325367652,0.7333114503620974,0
18.735224895596883,223.21769346706984,1.9895892329518834,0
23.228910944978256,167.94498767900484,2.0661453051134884,0
17.033677798601655,187.76748043176255,2.783230365567157,0
23.333652891202817,169.55899149085747,2.5716815572481044,0
18.12136538694516,197.66264071011236,1.7275049370168705,0
17.01297248745525,230.42666528402842,2.491440771038429,0
18.490092022805154,216.16977834618947,1.2865235236226884,0
20.80960538203035,175.79548095987028,3.3061213988038025,0
24.821420166234585,171.25154651161017,1.410221902795122,0
21.526810636489124,209.14030019346592,2.6902529557183636,0
23.124484376325057,194.4234581206589,0.984187317535072,0
17.851870528667988,200.3608804376382,1.1134304735458938,0
18.83176121459008,212.3176118460038,3.390799598705608,0
23.16794692080983,193.04892481001554,3.318163874785421,0
23.82714302547807,168.08916826804753,1.7523094317962795,0
15.051554157022535,195.22778774227066,2.004054917039331,0
16.00875128072356,209.05734475660591,1.7803121394286319,0
19.178063733035945,181.6433790240786,1.4573909582189526,0
22.188903089436316,249.72689677773417,1.3004677472565804,0
20.687725630433942,161.66693656302022,0.7731871865266009,0
22.742686860534825,159.5391436578666,2.0242781639816,0
21.707694643849997,221.23463457451632,3.20300268051641,0
20.332452500786154,230.4781784230988,2.618660850175904,0
20.477110787241333,182.9417105157838,2.91560654464062,0
18.578321436221955,162.18585956226093,2.2981588652822076,0
22.68260483849824,181.54303087130762,1.8931634326247906,0
17.69837085227746,164.0707530032119,1.5143349827794201,0
19.095778924833418,187.64536554186927,0.9659979582070819,0
21.663171011599015,162.49142598021143,1.2776662826675032,0
15.378557345400072,219.25401951728978,0.7838811224891632,0
21.122617005536135,168.9827775873208,0.800164797500299,0
15.806808931315532,154.44787156907825,1.407787768203709,0
19.96348625541225,233.7379211408733,2.3850356071375454,0
20.339004600656807,193.45604210358982,1.505014022989648,0
24.474381527789866,192.80226491174193,1.5394071325162266,0
22.481169602680446,198.1039135151646,3.3277911146703216,0
16.717528000043778,180.55238243648844,1.6129889000234574,0
18.13167498904366,188.0365034793092,3.3123022636943444,0
20.019745990462706,221.8305188966998,3.023062534478214,0
17.262552208343802,229.06283868304104,0.8878954129019062,0
23.135264845569225,153.74609442528833,0.890075444090767,0
23.916960252162905,226.9123916550441,2.7578321285245924,0
18.797560080467505,215.89057038567387,2.746334013118899,0
16.834763817528916,194.3556851166322,1.7396285525891746,0
24.38893902973915,201.67918666259735,2.451432604230053,0
21.76990058926489,231.17087826485428,1.8194383324540127,0
17.608843389573504,164.07941173864174,2.468303670057548,0
24.22060645406478,160.1153562216412,0.9229671911716453,0
21.903310776416063,249.16035454328426,0.981320523030079,0
21.42733573682209,244.4928756776465,2.225953581968677,0
17.610861527273613,169.9550811630496,2.2481291950980844,0
19.793234149722316,208.28095455170106,1.9407245364743868,0
17.22137747777327,173.9973198961761,1.6883369667296089,0
19.047989871652415,238.5153389452986,2.3367134622487926,0
20.92995956874146,174.15232148281603,3.300810453479311,0
24.47385047211054,154.1680700899052,1.8840223233769917,0
20.919427928944845,229.10694518878555,0.6057476167297848,0
17.742402683716136,239.8913138212655,3.240208068493771,0
16.47318609127336,240.31178703100716,2.3632615091798486,0
15.005675032289663,190.98123982188156,0.9049995515755545,0
24.729335740281797,205.7662351811539,2.980604231649789,0
23.72593595849871,176.41629356179635,1.1888038528033293,0
20.39271456242216,200.02621627810407,0.9386740865317518,0
20.109726972836356,195.74509416365825,3.4211654902395043,0
21.32020957944406,169.84364073859075,3.046275177123919,0
22.54900984072255,222.11146664821047,2.1585202561825945,0
19.62176432318729,227.5539024120033,2.8553445350837716,0
17.85986625564442,161.04856260305584,2.5126268109434213,0
21.779300660060056,222.04932332577346,1.3203911896768772,0
23.44601263971243,240.67164672005418,0.8611789930840371,0
21.252738262132837,183.02719600228718,1.930897898694029,0
24.838375615925603,197.14011878434513,1.3833358552828814,0
21.122767243800702,211.85448844569802,1.1912161276093536,0
23.80978344544403,215.32633469531345,1.1949061559626108,0
22.08944601622118,195.17398827224216,0.7856065219833496,0
18.185279986216745,204.0517039911432,1.7678270977609158,0
21.66457173842159,249.15386008923724,3.4222731338621353,0
20.27700883014095,232.89463534638656,2.6364059568999476,0
17.558613903677543,225.66567178227524,2.9265347988616837,0
18.874977974995367,228.69074712795253,2.6003618049174806,0
21.39475538844284,247.65620827529705,1.142308960167497,0
16.158819311460796,249.79494281284616,1.3942281476287632,0
16.19543472831903,179.45319487431112,3.1738830761574572,0
15.461099472567819,184.03478486027066,0.6283908890608327,0
19.675787867526715,199.0025763179232,1.0875854489307888,0
16.99943180932162,171.04348222738673,1.8390034910786,0
22.016482536282926,174.65001813110948,0.7804088172979489,0
20.072366152602502,215.85932214038922,0.8904741637792635,0
17.558598180076928,155.13544017604553,1.988924748445322,0
23.89861513181364,205.291542406492,2.8412539815209605,0
23.08303260814134,179.52909434566118,0.9537976468100517,0
20.78653110950681,229.75956151025952,2.173660214084568,0
23.263488714232885,207.9180385109777,1.5656225846465,0
16.047048998830324,234.1267252849895,2.5830058043111874,0
17.032886308670278,197.71218851139437,2.913085597152836,0
21.616316280651382,208.89725993674077,2.799467821679321,0
24.703838373645688,210.64732515528516,1.0001610347018495,0
15.510971565350959,157.46568537611344,3.358202698404229,0
17.651802226832537,248.7828066427212,0.5154314597813909,0
17.073172704162385,249.6881846026775,1.026303354965903,0
17.409919053121374,244.52906067841005,2.428407441292195,0
20.756161958160597,227.18963780201176,0.5428653596564214,0
16.514656414794217,231.17143753144285,1.8174231436697066,0
20.168601979079373,231.41145351067055,2.1944919435170487,0
20.53068357345051,178.37977021592073,0.5113785891116861,0
20.309594999558108,220.07574676806368,1.6846494961209943,0
17.16895757180053,234.19083386548513,0.884888538693176,0
21.63543598422468,177.60141560907147,2.5157345240776836,0
20.722073516669013,230.78311891513653,2.186894223731084,0
18.76341752306714,233.85135684546498,1.1835343388480624,0
17.82454213230959,180.07808495864197,1.7410648276314484,0
21.32490208262149,197.45752138811417,2.0533766143371595,0
19.299989160051226,150.45500134926758,1.4462104448996258,0
24.5878194535181,242.087202375946,2.4508774201299626,0
17.764222521385527,207.0379088972835,3.1287018181139086,0
24.153873326632976,225.02557451225624,2.9042744098847595,0
20.069401290757828,200.71386132006216,2.2672346388256135,0
19.790511034997056,166.51261813282048,1.855823694845414,0
18.62449958502702,170.54167970658295,1.9332844819005692,0
19.727852705268965,192.4710398812918,2.0924413383732645,0
24.977196063120147,182.30246973211624,3.4265913209299432,0
18.829459730632962,223.17659017542803,1.0280276961072046,0
22.078191758454686,233.15632737081125,2.1612456434169864,0
18.36573880932607,174.19148482816496,2.206516055830273,0
22.460810976371263,159.36416476070923,1.0003742587251052,0
15.684540634103765,181.00693142688814,0.5839026297990373,0
18.780870355569583,191.92146383221407,3.1065434924202466,0
22.29395153031441,172.44135897695557,1.6044239805996332,0
19.925791201856185,202.9974363625617,2.8578967930472734,0
24.099103561053997,246.8963032739943,1.732143578935613,0
19.3267613799307,201.7602496637374,3.0327880251431556,0
15.572806781800633,239.07203168640487,1.6120859203476292,0
24.3333323604561,182.63769573385218,0.8427312967352063,0
23.66053899515023,181.5189578382888,2.8890538001943478,0
17.845911152661436,225.85318484822858,3.3249865770522518,0
22.617068616369885,221.50345935967843,1.2720401640333574,0
15.07898858300015,194.32326851137842,0.5639828579941695,0
20.363526648093035,223.51805889406737,2.6319018801155165,0
19.50110903377519,188.8737049045819,0.7468737248509449,0
22.82785160212982,207.3445582346086,2.9903672609853413,0
16.906557732056466,240.59578920084314,0.5727406935243389,0
20.93640671342814,179.25053910113834,1.976391644891702,0
18.46793505030426,217.2548344621044,0.7735590296722105,0
22.699493884616988,151.08350464370108,2.0725673981043693,0
24.4334489351559,239.66422848804072,0.7617956756615815,0
19.571051801892906,219.45897184062858,3.3399732791567938,0
24.180127660040654,153.42443226146767,2.156647423958056,0
17.861400812309235,167.62180281048927,3.0483008190549294,0
18.55976060133978,227.29519636038975,2.084087677173708,0
18.717240362950154,169.86228939957576,2.5015453462293538,0
19.32491369916107,154.6608838341539,2.4039509076551386,0
15.681892487769552,162.18729051107542,1.9336790991472834,0
16.337854612613047,157.88737462955385,2.3384917306600483,0
24.423714898080046,187.53899783889534,0.9097751166055565,0
24.085220343233836,161.82583853579726,0.7679009984968653,0
22.103599399585175,163.55816898114773,1.021343094844722,0
19.757193884828173,212.1672942190251,3.4705026325909536,0
18.622963907732814,179.27602448054782,0.9448251993429729,0
24.98692042364398,177.67364549870615,0.9269867806347138,0
16.5164425521176,175.5946437667904,0.6337052383755509,0
18.10758135281381,150.76754137232132,2.8310700344235533,0
24.283438254146336,164.5705563502505,1.7493754549820921,0
21.50665196019786,168.98990109830893,3.4030900954416547,0
23.84808353868112,150.57201363632373,1.8126604529971901,0
16.2061141880462,169.0852558322389,1.4193588010249578,0
17.870161469378736,195.07673885555357,2.127463687343294,0
22.197683350799103,160.6855693792605,3.091024255311958,0
24.00758432749174,198.1293551311348,1.9563464159411514,0
18.74841199290369,176.2442959553864,3.388732606610726,0
22.441168495967677,201.2127450042108,0.7528313906694609,0
21.77813072975013,224.96351930322416,2.966199755653343,0
21.31141976635348,236.4081196101494,1.5752317236414304,0
15.920672753785368,237.4879009342488,2.6930211222703715,0
24.666090869983535,193.5729630668901,1.1734624769309216,0
15.784034090651359,233.2910456131139,1.3777533391243644,0
17.831833608702276,211.42553821767518,3.4862225094371047,0
23.94487554839926,244.56356868403117,1.0611535798303526,0
24.48816595979686,156.41632905862355,2.9646402670255934,0
15.40546216253287,162.37902216262455,2.772847473365159,0
17.37808689246672,204.89652248650836,0.7333108142931986,0
20.32917456363164,207.7259731499728,2.8946289519966912,0
17.494066345011145,174.9729731015802,2.859343287956169,0
15.456944204599772,217.21610231091404,1.8885664453320223,0
24.934757286319233,240.56376635370725,3.39914041606508,0
15.620484077587836,175.68695767146488,3.462659368509561,0
24.18977734660135,186.62718508556642,2.5121001131141867,0
15.748762774012162,169.72509494628162,3.490868340261253,0
16.22368617652579,220.06999726160382,1.4169001170952844,0
22.49723154666853,245.1788227543991,1.067733273453984,0
22.30776006363705,153.05569502131627,0.5202829599709556,0
19.918342680295112,174.69275986149643,3.2391919035644117,0
24.246973695111777,209.9605728213961,2.292713926552336,0
24.670849172764417,198.49324020995027,3.356925135066277,0
17.44358933130897,240.9500939661047,2.3598390389346866,0
19.881734210679063,189.67581305336932,2.1445541395975405,0
21.224499325503764,151.0994018508943,1.5602935068052526,0
23.36122557006288,177.4902848914111,1.8713645658248605,0
17.562414411794546,241.8749955809733,2.655816111597944,0
19.372546698005717,169.8282344395667,1.5275890555905587,0
24.537548743291055,188.78727490769862,3.4690727586998116,0
23.18666465172229,199.3706584988081,2.681327067533448,0
16.95859592583939,194.06648938517912,2.114480535093136,0
17.665831606786266,220.0044202395358,3.151902454682875,0
20.151400028920513,187.56144938034961,1.82149377781337,0
24.20260501191412,185.80141439204442,2.2304376707867464,0
20.858206976321107,237.9866513892718,1.5419355814732962,0
16.56761007748063,245.8347688477868,1.3942083567789605,0
18.313030937378535,194.2293231085265,1.9474730273275447,0
19.448623243694406,168.72837866015277,1.570820114158689,0
20.674418324251263,211.94052521651554,0.6127659094230086,0
20.642420210052236,231.03824439487056,2.2966317182406635,0
20.059829233132085,202.4313721315421,3.2205455028562096,0
19.151908976031304,248.35823340509933,2.1359846060300187,0
21.850887994120548,192.19664180341283,2.8079308007802912,0
21.502153394963592,167.44207281319544,3.2553631073508216,0
20.756683706381637,188.8486926995426,0.5765512908608298,0
23.24509566092198,182.3577148451748,3.2940205930060262,0
17.40786428107371,189.58106884048158,2.2121171039977483,0
17.245214845639868,173.90404083528517,3.3132694616902594,0
24.638482997738702,212.07710207520304,2.070640199173295,0
21.624054302195315,185.54577850970372,1.3050665243126671,0
17.733031355398072,244.06175874388782,3.3870948025385013,0
16.779921943131036,195.33566348681515,2.7122357238146577,0
23.05878098639586,208.86145205615296,0.8244510331182402,0
21.965197178601343,156.0645711262223,3.4996591847638023,0
16.671074252889234,247.48466414508107,2.244327883530146,0
22.725975902869965,187.75823055783056,1.4332815779380472,0
20.041264266301198,152.44170350534125,1.2163014600755715,0
16.72221676584811,231.20663866886105,2.9286705122136594,0
16.341556248016964,178.57625490851422,1.029409701829496,0
15.717710566904302,166.50175836242906,1.1705498336147682,0
22.490743981911297,177.89259682927894,2.987348571130476,0
15.875217247220782,248.10242088832211,1.7266000977111196,0
20.268057777708083,211.5745536217345,3.099521257300543,0
21.723011408216372,194.29422847156982,2.534126803662729,0
17.197770603658718,189.18019861723994,2.3594050092420353,0
16.298390199247173,216.45645728091097,1.2186769588204385,0
15.67961264965077,213.2998496914912,2.765046099497234,0
18.444221801879234,233.26918245047818,3.193468042689877,0
19.40189364557851,167.13270102834144,2.1134864281668184,0
19.0984553896353,181.85959942979724,0.7371000514658348,0
21.19659048552063,185.07727794396573,1.8525190934752502,0
16.974397957447678,227.7402653307974,1.1584068088044805,0
16.846720469546582,230.95132281493295,2.305693412800016,0
24.83577566624246,181.6826812128064,2.023157437158713,0
18.584014399192288,152.08182621980046,0.8539338008654066,0
22.624010016729333,189.58167954410274,2.220380633739129,0
23.46324170414794,170.05148070982744,1.0266005538042768,0
17.736077124816248,177.55559195566826,0.509476896155613,0
22.930297173212907,164.87358764850558,2.36152639456475,0
18.02094972112383,242.7045465313396,1.470019476122224,0
18.841489643618658,223.77156547555654,1.763281135644399,0
22.5873604632268,161.8203187313867,3.032933205186725,0
23.538720232072187,220.82367031650355,1.4586609971531548,0
17.86755217933176,202.49258823792087,1.2450697876927856,0
18.686382505626284,161.32964118041957,0.8835487331531859,0
22.902078319103232,155.40141956549456,1.9149931340383817,0
17.324645154376647,179.57431427409006,3.356607369848356,0
22.76649831756732,229.59826648512723,2.187162053851405,0
18.19234154583904,177.0989356220186,1.9408387611742381,0
23.351360293105305,231.13683812612587,2.0886034240735825,0
24.52264691345345,241.06228724692735,0.917596557579939,0
22.50426729652986,230.2734690596927,1.3447536210694968,0
21.1609504163766,158.13285667155293,2.1008650506371316,0
19.227298873795633,197.42352960327,2.696605797046856,0
15.780238437518072,177.51998181054267,2.6748613768931344,0
23.96556859089647,214.7311375388749,1.020405989793069,0
20.92384616406596,176.86362958194474,3.0940112335224805,0
15.514927288408606,182.35444262627254,1.0779486315990747,0
20.241448053069526,188.4987919891023,3.3821944480327217,0
24.322075623872927,222.28908277558048,2.8583053173362574,0
24.69619685448181,174.7370880827066,3.0124394976011697,0
19.886446011428276,243.46293802620906,1.4859960379064336,0
15.609213952030316,239.41543768263958,0.6143835605371337,0
20.210621478816112,203.56144881846095,0.851148347334358,0
22.454254632830953,216.779568366481,1.1551460029164744,0
24.88006287650226,247.58805650485976,2.0449778918985713,0
20.932480057609997,193.28570681210414,1.413250275169738,0
21.94715687902967,227.79101359352313,2.3788511328493525,0
15.968123046154489,157.76604972843168,2.2051821083865324,0
20.76709978167717,242.4587609633962,2.0127101537320384,0
16.492867494249673,155.74762399176305,1.5505561518622928,0
15.336319140390493,156.71603982338723,2.6962324848884265,0
15.539769146350118,179.4220179728253,2.9697181289482453,0
24.985740527253157,222.69662522869493,0.7247455843000146,0
16.664167680734465,235.37396605266625,2.858756514460297,0
15.21117592142023,243.2864796937506,3.1640963109292577,0
21.879479561790948,184.90616853895284,1.4783244434891876,0
17.344027089638757,165.41895381475237,2.424809426658796,0
15.910692589481096,178.06732142942235,3.1199701250597727,0
21.641742695702007,156.23676624077075,3.148874120530013,0
22.159803410674606,235.0546593764006,2.6281332421540875,0
24.882812787999526,151.37170683377553,3.07649827814354,0
19.552142400827613,239.50152453326382,1.2849156555367198,0
22.904306075098,173.37357548152977,0.7917755743436926,0
24.384167768181143,155.16468751545193,2.460703099385278,0
15.83054359151947,216.29897627057,2.85847109817621,0
22.15043806225594,187.6694919926793,1.9714157362406297,0
20.051190936341822,168.01326935285516,2.545722261328833,0
16.62890843073809,178.1596281806357,1.589604707196649,0
15.018244909833692,207.490294098998,2.758844348399263,0
19.20949511795748,172.15960777641374,0.8400392665653231,0
15.050961615935265,188.5554871233566,2.8012864007315272,0
20.809170574966483,168.09288578900944,0.698364505834579,0
15.154353739045803,248.62541358606347,2.7325636517206267,0
15.079929878829972,166.28935649687048,1.2913591921177399,0
18.91883470860283,179.32221936738432,1.8062931568150453,0
24.296939016922366,173.64133518727579,0.5356392164250281,0
24.946458261790468,212.50815306508832,2.1277779948170883,0
17.566854520144467,161.54671145459713,1.830340638600953,0
23.980100168894374,165.89767253263184,0.9837909356754154,0
19.01825238463431,246.86834017611147,2.419008758307929,0
23.021812710914777,243.95394010808099,1.5674593896559275,0
22.54165679255824,170.51238969967312,1.2545016774764401,0
22.989596118087643,186.90756144769264,1.6947241767520254,0
20.615977940076817,159.62153793203404,1.635313411089892,0
19.222582199681305,205.54180562951112,3.4629317566215434,0
17.529500521762536,160.00709381921894,1.0177148686453616,0
15.368641647861732,153.74471290165445,3.270435360465438,0
24.34629234168642,207.9375657781253,1.5508138166358418,0
23.838209407404616,163.36343153009562,2.340453143534325,0
15.467024209702416,194.9878921162251,2.7721309942888257,0
24.82201718017835,241.34343654749088,0.9365098540808146,0
19.2106202902445,161.53494533699262,2.3289826187442966,0
19.65132119756551,184.09786480027128,1.3258269770960776,0
16.788100971537144,174.86813685565772,1.286178875102919,0
24.33653773767879,211.22161336088442,0.5236181919737921,0
17.191118273565223,183.35919489097364,0.868084308382201,0
19.455061320411076,166.15776230912667,3.1718099989911863,0
24.135998449106165,177.81636520048005,1.9116987098267721,0
23.439475111827065,177.93954923752793,3.210814931002506,0
15.630511210064032,189.26757019807792,2.4697914273184125,0
21.809134789667215,232.57934127111352,2.4612239740254322,0
21.86203104303326,249.78455049703263,0.6451986052705617,0
16.15992162435632,180.41941374023574,0.9201702631851825,0
17.02715372056188,157.06150699574962,0.946452052940926,0
22.667708040251533,158.9219512335472,1.3280629288570878,0
24.082401765009273,246.59792874613402,2.2817148399807836,0
21.28425647664049,158.27148412343254,1.6971672320197744,0
20.146779719578134,248.21293668633552,2.9795676864337266,0
20.887153086027425,196.94206769116172,3.26929821711162,0
23.28064774177775,239.9291377683415,0.8904956164368641,0
18.85480916224312,244.66973478357204,1.3474987926217832,0
16.741474855644658,236.6580301730205,1.5194562335653905,0
17.00357954905418,246.02901385633533,1.033004363839337,0
16.80827356920809,231.23698929860592,1.2363723205220283,0
15.782460493845573,239.340419215956,2.2799987761806157,0
20.412883216610396,175.19257405444685,3.3865069187400305,0
19.487483323672194,184.13775095618436,0.647101522294854,0
23.283157090908006,246.6408213240338,2.2190663045718253,0
21.18709764010763,233.61548446878015,3.1702152918900666,0
18.701675870456825,210.71136068770127,1.2083222712520858,0
22.77200909714368,173.05868372681107,1.2595422009531196,0
19.076502979308845,231.96059405764984,3.0122348769798215,0
15.481474053448434,161.0703350650855,1.7435611560608475,0
19.451922422899955,215.100479555684,3.1446702597464387,0
15.761641191631572,158.43174616655946,1.4348071110826583,0
21.748492042198066,236.80823322957184,1.5141788311404742,0
22.574862389577355,159.2099098517855,1.7654444278629777,0
21.45283824059378,223.03318315451776,0.7515626250052955,0
22.26704619965485,154.05956643282786,1.7928037791650135,0
15.729321768577421,209.52131508568587,2.713288587931086,0
19.462781960843635,197.9764282075717,2.7944474335260496,0
20.189260692251494,200.51943213713287,0.7477924688578674,0
20.794911519946126,245.9092467344629,0.6636885831995103,0
15.675054816157832,180.2743721883136,0.8389201107273767,0
19.121123913766073,189.72389612436976,3.0049845236616712,0
23.228957591620983,163.34866192680607,3.2846457079778193,0
23.806143718013296,199.62524457236793,2.8050628063901457,0
21.781863877670755,178.99104793299682,3.1828864593798754,0
24.85149024199705,160.3186298118689,0.8901013802230392,0
17.83047170555307,246.35292197847832,1.3680647205523875,0
20.43976339817915,158.5694119337583,3.0693237588510653,0
17.1825597514256,222.9084942972939,2.463127937736017,0
18.985403502257686,165.88911020670466,1.0714526936078734,0
18.296595062197518,193.57057166748973,3.0356881083618945,0
23.913070512342287,181.19121271025057,1.767013255563382,0
20.625256725325467,159.80478460275765,3.2063296225059448,0
16.712374967854988,198.5818427237295,0.7444161955923786,0
21.039781694224445,190.53043741307363,3.3476796061380973,0
21.040022497250142,189.1807859220101,2.2373708024347354,0
15.932886255944707,215.56675167373436,1.142919927320254,0
23.470266302720347,159.56806761146638,1.0002082638206842,0
23.633228296745415,219.69902970464767,1.749628316302267,0
19.44929297504551,212.39263946620764,1.0516921576189426,0
18.00797697154527,167.02526930018078,1.9730227285532411,0
17.687210305304014,243.3915632076361,0.9110543873044614,0
24.28994061559583,175.17422776852786,2.1602413505391107,0
15.920926661051833,174.05898210448768,2.554366834921033,0
21.03780579669181,218.57624270173847,2.277056851777611,0
16.465321496946025,233.47061951100355,1.3575349331496263,0
19.59868041210374,200.90289152622947,1.1529266789546315,0
19.474160247653252,174.79246098350544,1.8476857822733477,0
18.932818788337013,248.25099636513073,0.6399218767883891,0
18.74881013181679,232.34457617805157,1.051937418908039,0
19.84476852606981,247.38607855125608,3.271950408628382,0
19.120825988475204,200.74060564541915,3.406471583702033,0
17.008941124081762,194.96202947179222,0.9643365714031873,0
20.103551664673418,203.74589688791758,0.6616528783526081,0
18.23334020660951,220.81096958062403,0.5844936642694225,0
15.300377539158053,222.7321477069894,3.486076939103226,0
22.186562804305975,185.09300226645502,3.426686526933724,0
21.678988263947616,223.78504990981241,3.222405857202358,0
23.37902828662667,249.67271728221738,1.5068490759539817,0
18.40019571779299,160.13354434937133,1.027438029807795,0
17.657675826746825,246.3743589142391,2.043772783039461,0
24.139966700592236,168.6167157864563,1.8267584215699288,0
18.795104592139143,158.04898250262963,0.8358802801604494,0
20.77193181518546,180.72716495962425,2.474631294210625,0
17.910542028423954,221.12324827209517,1.208631504940894,0
15.624689405943787,153.94468215122413,2.3259382352713454,0
24.461102500899777,186.98817937294928,2.7642425667637074,0
16.23045480610817,219.15945877260833,2.716050363091044,0
16.501155360725,190.81065695894938,2.9986698077226452,0
15.977572624955544,176.48545770185848,0.5443780202914049,0
23.073490537680115,199.1201600345149,2.0163300008740865,0
18.80180854055493,153.38922145556643,2.2306541782383618,0
22.566204903727932,165.576883175485,2.635988926246258,0
19.111037209483452,203.3852967070561,2.047793738174445,0
18.302494818968047,162.27469193525604,1.1074561906496267,0
24.18520489326822,233.61682656081325,1.7069988134414935,0
22.243880692885817,155.38467606566982,1.041256331193856,0
21.96433601997498,242.34935237350447,2.423773296139183,0
19.02699321125087,195.45211697783083,2.13357295339174,0
16.913630747549114,167.1900692900827,2.0859996370528755,0
15.602104412945165,185.25688373377304,1.3425394228869594,0
19.728933949787375,245.84255221010028,2.955808801000924,0
24.3299147128662,185.651423689301,2.6876249117174016,0
23.097166739547045,177.20800423604112,3.4169288679742835,0
18.578110426828772,172.48426356819323,2.344774783482726,0
22.65267896802869,162.3435551306126,3.0493537920818263,0
19.241594369781957,231.62685625295057,0.6823897681147691,0
18.502094455417122,215.4326114363235,1.507321148294896,0
20.196156815728344,210.64592872694368,1.5752087675005737,0
19.468698024147457,213.10802953668704,2.0035519622616302,0
19.66131749907997,223.79158650082115,2.116699898664062,0
22.335010672751125,237.33619157275223,2.9803592943654946,0
22.700441638458035,238.68263850969709,3.0603370943774975,0
15.343830444207907,243.55616059779163,1.9291411869047597,0
15.49560475076127,172.05045633763427,2.083987474424685,0
20.068317926720027,189.16534469584255,2.9402921606061074,0
19.664764479423955,207.32418888897675,2.9754739115712914,0
15.032521523187391,167.63201618316057,3.0702132412972327,0
24.879193172377633,192.5666039746348,2.4475138943222525,0
23.539145043691057,161.21340227071647,3.4192774978950533,0
22.71167031204916,241.76548549256262,3.4025281588770913,0
19.03746219840157,245.34158483679784,2.7659370124117006,0
15.941830277699102,207.4819685977154,2.849675428486198,0
15.881898549862875,230.54154727267124,1.1103522689621006,0
16.751934236104567,227.81123614429885,2.936686926615957,0
21.5255815132614,206.34424832105316,1.9081343752140147,0
19.501231373058598,198.50347229585242,2.111032731874963,0
19.154221581320144,168.83776037445543,2.4781835854660446,0
20.742182755990235,164.15769669718497,0.9700286493971438,0
21.422352001880103,197.56988575052554,1.0168080852441181,0
15.741777447136307,199.84160283521578,1.4387604365813962,0
20.808076955718843,189.37404927605962,0.5477800997552347,0
15.184521577900455,245.60364143074065,3.420273975433087,0
16.146421093838867,190.52574316684397,0.7631501769047861,0
19.941255376003525,183.65058420612877,2.579347921401319,0
21.862018885374596,206.21893690242098,3.137309532826948,0
17.96488753041016,245.87843730919158,1.9546207342386976,0
21.90052809655628,225.13086824697558,2.1001663627927405,0
15.13700863435082,237.16379014066212,1.325349448095818,0
15.816899533411437,202.14284794636572,0.8109195940980368,0
19.792741050095685,237.8609080035664,2.194947510775311,0
17.454947220356914,216.8313609163493,2.122133708495709,0
22.879982984185187,185.48973412567733,2.0395388376522017,0
23.639901536034685,159.64486841068475,1.1136932178782577,0
20.860219398477078,166.4109463811181,2.249149895288948,0
19.491789119747807,160.39911001477958,1.5499704771707807,0
18.64200109032209,227.19165053748748,1.1069698605481517,0
16.385055384386973,196.67425218745768,2.6581871436356606,0
24.636894639190402,203.85365328055627,1.0966197196230507,0
23.084277267975878,151.90775139463926,0.8278848319358095,0
15.370502144240522,217.9293774660602,2.829879080048259,0
18.779206933541552,154.73354678045806,2.1142422095303495,0
18.756066502067085,220.70482764888672,3.275642411347241,0
20.46350601838129,168.7378383990563,0.8492834099144918,0
15.27796190049739,236.53247037727658,1.387881163355428,0
16.9910611633632,198.09773290326893,1.4259222286780266,0
20.905457211018806,204.01963577465938,3.4553701116892084,0
23.21571609337076,223.7202952922225,1.5674199279013616,0
23.876606767828235,216.43048730640737,1.013943255545506,0
17.549467157740253,197.9424133770224,0.7684306769286797,0
16.333907340028688,236.45095874731072,0.6055331588783884,0
23.350451555773795,169.43226995796255,1.874365041477615,0
17.13954580458757,249.93155668542033,3.1662142728967275,0
16.053782330907918,150.31915667324697,2.4962132145214966,0
23.503801560834688,203.48254773996803,2.541048688572051,0
21.91537829876174,247.6005765998009,1.7796743517466247,0
21.816330552613135,213.26642277946985,0.974061432563825,0
21.46093242818009,194.18198604953184,2.853787919995738,0
19.692228486897633,153.2383121958522,3.0627390216533508,0
17.337261954009485,177.19532844969675,3.4970364938945653,0
18.10091487387975,155.85216650987914,1.516623208188523,0
18.212653989821945,200.8631590033928,3.1263972507138695,0
16.987697913287526,156.22275658453938,0.7886273104125103,0
15.047489055795797,153.54319962236457,2.449622402322992,0
18.55094550186525,172.54773518371312,1.814173356380091,0
23.72558989009743,153.75124969435166,2.3334707283977636,0
21.39659713147809,163.5907055018347,1.1236839493229598,0
23.0136354783209,165.759655317204,3.1424536101360214,0
15.840149168946215,204.2312691393918,1.516447281848329,0
17.471256558339142,232.10580900169703,3.363140617773233,0
20.00293315615739,229.73591664900738,1.8736130155738828,0
18.97440385573283,211.14503563782623,2.128184630389999,0
18.8582702296982,236.43101937482663,3.3139819205564627,0
16.24644858930918,170.4808165605516,0.8199256762768194,0
19.44967788988567,192.39746788384835,2.6890533663841962,0
15.673362241270869,151.35237820622163,1.9870007771270795,0
16.61341862978435,162.13302939983885,2.3927561282488323,0
16.70275987025801,210.99337765723834,2.0064387441836065,0
15.536442129535668,166.4137927664623,1.3859844597270825,0
22.225437430131514,194.44512140018543,1.9297724935664649,0
16.773587999278313,230.3212419761319,3.3750624592243157,0
19.503828704126136,185.15771265232758,2.2562829660999855,0
23.46350921630414,193.98046848587546,0.7389819679603209,0
16.931542167987157,180.8286442174258,1.221420479278786,0
16.500092429493623,177.03935325112994,3.1444029964947564,0
24.62795529771592,182.24825106789686,1.338480322711764,0
21.9765017938187,218.59910592994146,3.423965944432773,0
22.17604260492114,171.96766104573936,1.2482020641170157,0
15.510919957519274,229.51415867191653,1.252695197757789,0
22.43522371611565,232.30240733102076,1.7394811725667116,0
24.664034948705407,216.44381772920735,0.7734946889603511,0
15.888197518262892,178.94080475793982,2.4790356320996776,0
18.80242098962012,176.78201613912776,3.335812963634885,0
18.65664556071215,150.7214136765066,2.110596716611263,0
15.51920516313593,248.80997595803007,1.3685770621886926,0
23.789834006631622,190.32295518432323,2.2639623877353823,0
18.656740962076093,247.14246446161724,3.0102923510527626,0
17.10154581560389,215.44261866052074,2.7059387766629515,0
16.52997415720026,170.0516778645343,2.3772547942483344,0
15.16065454333275,173.2764770400506,2.644115688096237,0
15.92299288000865,232.19747193955226,1.4139250452866552,0
19.32525757192449,240.56227979909664,2.7521872141227717,0
19.80776096786635,210.00137880880783,3.130462048024317,0
19.74023146167351,151.71009063160932,1.8641466688548158,0
17.521012160077184,173.41197667522707,2.1207906690655713,0
18.645266529132677,224.8682234053835,1.0236238473211707,0
23.443521730764353,197.65887366001203,0.5540752993635222,0
16.710734876937344,245.63612352696578,3.414044683787574,0
20.80923775645854,242.15858414825362,1.1608245190132847,0
22.45387642289396,200.308776443258,1.2358938029488749,0
16.491085831138612,206.68860470511066,1.6030128818953535,0
23.137144058605514,176.68369629776635,2.333209366470441,0
17.814363225658624,238.17595317334514,3.2948871735792897,0
23.766747071065716,175.13185973115907,1.7271253940257045,0
16.469834615572253,202.62040721418325,2.923840105974939,0
21.92900593176672,233.21830507181977,0.9344624158083709,0
15.27974334654037,181.00215420938912,1.4654686407448756,0
16.647870955962432,174.3746684789981,0.7319444980135963,0
22.189789582294846,244.7117929831581,3.0662176532811056,0
19.616973066379177,218.57499208959942,0.818669364575556,0
23.76276410076115,232.3360406597746,3.0564612470036865,0
21.177316522083938,161.12066213321148,1.6459804187626128,0
21.05813993882195,213.12434676027655,0.9499651019433036,0
17.80209454062694,202.66566432339624,0.9481453078675244,0
15.594321858124431,237.13553650104495,1.9782832226797733,0
19.459910254234835,162.24962075008136,0.5405867586784796,0
16.344482327519625,186.3381015420403,0.8961534717831476,0
21.49396761244799,218.46421063438163,0.6532625992276809,0
19.570841922793676,156.27001424849772,2.681076847467714,0
17.129759592678525,160.33025781210642,3.3074296575384086,0
17.21693450205794,206.685965428886,3.325355762323655,0
19.381872457687734,170.74170496331828,2.474088993877489,0
24.64704482945565,165.01982015386244,2.429000287726197,0
23.33558755376775,178.1770319861863,0.9065882810606233,0
23.40514794169846,188.8506142632102,2.8404721354580653,0
22.889998892311485,191.3093163675247,3.2933531505684592,0
17.97783535607673,210.84675316461386,0.6595673922998164,0
18.858850583152396,235.21364876517885,2.8649307446359416,0
23.33138469800913,175.16442679313016,2.927807401826848,0
24.204025858636538,174.24820777777524,2.36579338184617,0
15.785740681453671,233.33242951744012,1.343626828769842,0
22.30814372453765,225.51345188583542,1.6555899168834958,0
19.981756807523873,214.87515731736534,2.1663399821850673,0
18.764386108146763,154.06970416690518,0.8738297132182103,0
18.62420313201353,214.72444786090733,2.5403545187231504,0
20.52800811244232,170.43236077980248,1.3993843793263796,0
23.71354071845292,208.24333388723718,1.213934860069653,0
20.378863054256797,226.47595370303173,2.019686776371573,0
22.658747776414014,224.18875845151632,1.1179752734783757,0
22.47075034878594,201.63570799602206,3.333626547586003,0
21.255008859278487,216.98092975882804,1.7662050428965934,0
24.994407527135913,184.80881134135007,1.2938074392352317,0
21.041459905760295,236.8515210937621,1.5972267703680911,0
24.978533642163818,185.3208151397888,3.1945134489799867,0
15.941509515562819,185.69834518513434,0.6072280663356744,0
23.541888812760284,153.65640636478875,3.2371732475105714,0
22.753357601977175,178.27344760305624,1.9205880566172984,0
23.914593981635047,243.5977429002778,1.3148951212924849,0
23.737425822637633,235.66157700440507,2.860550240880868,0
15.703374708156705,172.1780122922938,2.319915035996825,0
15.064846722186223,201.7808814922421,2.732664422866918,0
20.899606182570157,188.42360844367192,0.9315074597037158,0
16.381117752513987,209.10768901644553,3.385061257730488,0
20.776408541187443,228.52149540639414,2.390814392821214,0
16.354011101915038,152.02713799174623,1.308608822296224,0
19.885140128010335,154.5926053055353,0.7625724836912186,0
18.078913690577686,173.5485759446398,1.902926667400671,0
15.880782756841914,186.59935117594156,3.1365133199066446,0
15.565884220122479,213.43273668324133,1.3902077981405956,0
15.785266043622293,188.15875530383988,1.3112316396007184,0
19.10914977659262,209.92544111322724,1.63503805148223,0
23.829770013512004,231.7454418598033,1.7155958649919145,0
24.72382147363794,181.83239926177183,1.1734319484582567,0
19.1181209608803,220.01374773714923,3.1846953636554187,0
20.431414662631802,233.93167120777758,1.4253029245974689,0
20.518380029605236,186.92338653870377,0.5732556842077025,0
18.831917521936557,200.67293473466754,2.3467090235025974,0
18.732555450350766,157.7784477858453,1.3332238856112628,0
17.398208608665037,239.62953826216375,2.3693186483912014,0
16.57340038521888,180.37543693257297,3.222410193171355,0
20.329952864169755,217.99983304416114,1.892852964462391,0
18.178034386921567,185.98524306530862,1.734795707765329,0
24.07478723602881,188.25903513330184,2.0585998848265916,0
18.196715816897825,210.0086903705088,1.1027620691487439,0
22.53329963170505,168.55437733727788,3.037859894974509,0
22.033925951702145,206.80716576029738,1.1018778563529203,0
16.01069564828591,184.15174357820962,3.0164344160803673,0
15.603492274780839,199.1702234626942,2.2234628349195575,0
24.05634035275881,218.39178105393458,2.711440464506952,0
20.198036337505165,232.1570037799305,1.4364386518499455,0
21.717733453661662,240.84512698641555,1.1945865550410453,0
17.969759510312834,226.3953707627267,1.6385275161675517,0
16.845176466816042,216.4561491436084,2.052374008971802,0
23.249458555871357,158.2349000905302,2.0923937386941134,0
22.142825612283552,249.76310109937862,1.2661629203889597,0
20.45045271385126,172.37902996841922,1.0485191863374956,0
20.323113447196967,225.49912556098477,3.3038016068823906,0
20.05564887204193,160.18653471779777,2.4545908004848958,0
20.08276846344522,218.95166265964554,1.662369859492471,0
23.44667964791865,218.28516576398607,3.14322748468795,0
22.924719114623976,229.8628665306939,1.8197787292481467,0
20.43948187461652,170.97576467174522,2.314978706424498,0
17.538825275688836,209.02196942281742,3.21548591126819,0
23.398369476055006,178.24954367739682,3.412630010620392,0
16.369256488914306,189.70486545043724,1.4644794664123395,0
20.49022069106971,215.60703220551886,1.2817503696676456,0
17.68926425624999,198.29134232909206,3.2857103309158493,0
17.098994142950033,186.7407346493041,2.181772147557777,0
16.101613250690704,215.83755162338548,1.3628351004236072,0
19.226461758066645,168.48702372302066,3.4327907303857876,0
15.736145512291435,185.17118815583666,0.8952961904593085,0
20.25646327968579,164.4071328816951,2.345157477450928,0
17.397223748404013,165.7069686125543,0.7191403130627142,0
17.304287108794295,174.80896141317865,2.4502956209370343,0
16.702756174069318,226.38781736578136,0.910805963617346,0
16.771904840183435,220.64768391062705,2.5814453499432886,0
15.464412333416574,174.3369999023983,2.0469850733740254,0
18.304918570804713,183.1956452055726,3.178267858073342,0
22.14430306959595,159.20576733600774,0.6198914256700647,0
18.745254952087357,162.12780289223366,2.042560021101673,0
24.3419980743791,214.77034188805493,3.42023034182612,0
20.98038322797545,196.44866401883107,1.197416994510228,0
15.535599088343275,193.1731197616667,3.4939462155594647,0
23.471262639662484,203.45227895849018,0.5976717138047611,0
24.769905932937018,219.7109084822833,1.6636331388927448,0
19.531587301732955,191.62386597788665,2.465265244810173,0
18.9446640471592,150.76787206658838,2.7176613462740606,0
20.728426259094007,236.77228988175784,3.267764574334806,0
15.607920878167842,161.5518369664505,2.9362188839647505,0
22.936377527706718,180.57598864299254,1.1807071660764028,0
19.51325203696568,207.55947504034444,0.8438642779936785,0
15.405571017892871,154.94154411140005,3.060279718356135,0
17.478878270485694,184.7783708294476,1.5678343184826713,0
17.367981092182887,227.65608561118688,2.4724484109656792,0
17.744906298965248,201.67047259579425,3.087484323128404,0
24.461063165529243,162.62018524069805,0.8994766440798138,0
16.425675010826534,163.06287130762536,0.6034741094526609,0
15.247234469738345,183.89206745107862,1.0735141491843794,0
17.03189815678787,167.01803116937924,3.1455255831251216,0
17.115869704147627,206.49631242348508,2.777458153817641,0
20.855021438860792,214.3048158793409,2.204031012589481,0
15.112875730799866,199.71307628049476,1.5820492134087896,0
17.545751274732346,170.91805657589583,1.4906916338385043,0
20.483165046918593,249.4160960230702,2.813649603804149,0
17.966773790772468,236.45627367137672,0.5599695700664248,0
16.44429716233114,222.50893647841337,2.7824841628104995,0
19.83226087825373,182.146273145754,3.1244632244778785,0
23.87603503383798,160.87823044123817,1.3252078600426238,0
18.195804220880497,195.60394384824207,2.7249336846564196,0
20.47707052773294,165.69546449545004,0.810058858006642,0
24.721199526629313,161.46032724785218,1.0606550751714328,0
16.164128731048468,163.86074642637706,2.778894922057111,0
23.601948705012767,184.10471769000836,1.8023099124738073,0
21.922901142659324,196.8638891435515,1.9819382006923565,0
19.76906399792721,204.38741823606586,0.545490635474424,0
21.766925582000745,213.19034560481163,1.2740032012685618,0
24.258814296788906,221.36725842157097,2.5773467425934076,0
24.346872645215264,230.75210729808995,3.465534292254403,0
24.54799712957339,189.50386251286085,0.5495901122835333,0
16.50660403730601,153.76593270663744,2.947544465870719,0
22.091452789044382,151.4763113515993,1.3376324958845052,0
15.778269353814792,229.1454889810475,1.8226499388163022,0
17.273497151280864,153.43540597646066,2.23738403101055,0
23.700547459108,222.0065042473293,2.88442563365525,0
24.231956630815827,178.15383538073453,0.8019167247628487,0
18.384179984496043,192.61155260500968,0.7416131865179826,0
15.295689448390632,228.9350952090793,1.0462708079663616,0
20.040790737811296,226.61604424913702,3.1884364516619486,0
15.895381689162441,161.2643264093077,3.343172036645061,0
21.3436330472717,202.04068755675607,3.1473487402712843,0
23.265042727986714,174.64037906984348,2.6121909982176352,0
24.196274930825155,153.05510227510712,1.0135862599728611,0
16.192160554567234,245.91681988173912,1.0843708777097116,0
18.11759413538342,195.47689341947154,1.2058336987756115,0
18.878280689731415,213.37203049160175,1.456948303908958,0
15.47653562823653,242.15208826308668,2.268370781505269,0
18.89577461056462,212.76338183132904,2.352640829619835,0
20.7509587691435,155.06076832696925,3.2650382560095945,0
15.92081616101487,162.47494398157932,0.943231552520754,0
23.38288802156596,190.16850154613172,2.1811248661529854,0
18.372760623008297,167.58328837607388,1.3086436669840933,0
24.56485375558949,180.40976588599963,0.7507492682912691,0
18.758367636895862,235.86914661139838,2.664411771206188,0
15.270042587892302,193.09338858623718,2.5495350391416722,0
15.71458892873773,239.28262894235363,2.700697718152854,0
15.561726562719294,177.00047735894222,1.3738152865539617,0
16.652023179781313,185.9968489801755,1.6126798310999768,0
24.34389906628424,215.745308979382,2.978272433570433,0
23.547730512298482,156.0504159951846,2.707237026257774,0
21.48099342368181,156.087343591665,1.9303697565684574,0
18.493673223560606,167.24713758706912,0.9024677990805581,0
19.192920249983345,205.90809043730155,1.3086796863378676,0
22.50226943298574,171.3707619438346,0.7271344909488843,0
24.748025082109987,208.16152807565294,2.0772730563483286,0
15.822789143537442,168.17235142595266,2.883884433336696,0
17.27518419733054,232.45654660793105,2.1409909727318266,0
19.017964309404263,186.21382273682966,2.6430369886655236,0
19.533332611450525,154.93884394545177,1.8423946840203085,0
16.30675825689709,204.522454235155,1.7795281475639015,0
18.121906061561504,179.38697280187486,2.054133413563756,0
22.982276900399736,184.0596156061431,2.7146946208433693,0
23.240785025280328,248.62063187768698,0.8462547781071904,0
17.994693996385447,245.5203087747264,1.8089050866941805,0
20.249884124784025,237.783891841345,0.7898365138813619,0
24.934306176906453,200.1034407841633,2.990001218796983,0
15.489408842371347,204.40953543312636,3.37528250855734,0
17.24342772175521,184.53665268066447,1.8330669611254475,0
20.626123127786116,169.45552666124613,1.4402325361299728,0
21.697155299586903,173.44081414661537,3.0945435231827494,0
17.39040461305786,179.7734331155507,2.9950122337152,0
18.215644280642106,179.67862374445792,2.0870605686496297,0
19.42458340391868,200.15139289045462,1.2538043057598223,0
17.18135774867377,233.88967856788753,2.3675863622253224,0
17.63711320608967,161.95056779325563,3.3831399990180318,0
24.564666866522202,173.0580181369514,1.1878313240131764,0
19.85319186143475,168.08839005519687,2.27659912692219,0
20.869169865805937,204.6444812286361,1.4467216878202787,0
24.382248513190625,154.4569436148266,1.657284074660804,0
22.341065409594698,203.85786417531216,1.4419956256986994,0
15.61496165542869,223.7550560341192,0.5614024592268158,0
20.15503300185073,154.6928061383507,2.3062780921345913,0
18.955184736950166,238.48278087244557,1.9766502494537892,0
21.083840800681855,210.41836062595436,0.9945045035118326,0
15.324795184559921,199.53361961343202,0.9971828305142034,0
20.298055727080573,189.89403468023409,3.055301153701899,0
22.87610404278423,224.45718025042524,3.138960239033871,0
17.699048970592397,194.41937106901628,1.288035742185376,0
16.28001289742783,187.72050775461517,3.1678006924994326,0
22.439791919979044,188.33037890412768,1.852380295338659,0
24.096734507408073,174.14489600805092,2.518366474629686,0
17.657397752896795,187.23697968172266,3.177792100739693,0
18.659209853618993,178.40152022431533,2.2338039336268296,0
20.91766343946072,224.32250521202127,3.338897511800087,0
16.93463989259583,214.84969478456122,2.2151244558142467,0
24.733677599840718,174.16466890958836,0.9123169905006563,0
17.947229999129537,233.0254109900941,3.3691724958116294,0
21.103614316632115,213.28745009266888,3.0940220184672222,0
22.924281353297637,217.39440270327867,2.3783628889701016,0
23.866275792815834,203.03552711231382,0.7573348560323807,0
24.597353762050766,165.8144833695279,1.4960467971922924,0
24.386991291257644,229.97381160115702,3.1599561773232563,0
17.67034415345167,222.30961849171115,1.5888318843510838,0
17.495400375267923,210.1070404365659,3.3928338339004473,0
20.368274697686854,217.03922587002762,1.0373414924615458,0
21.322860211957636,219.70481592072036,0.6455913736740667,0
24.088691891169425,236.7870083836044,1.0895099371980375,0
19.654881077361797,237.109225554776,3.417983818022304,0
17.32488246744012,183.11500338494932,2.9004833584102534,0
23.766681245653707,170.35358823609369,1.9650035396070251,0
20.49622909033102,207.3646133631304,0.8265054189383324,0
17.608500836518253,223.05041933012444,2.7355206510910954,0
20.841483330299972,217.4343081274642,0.690849449400515,0
15.304104967251925,243.38133180349595,1.4801761938611602,0
15.897354684489185,195.13051716486243,0.5198329623726892,0
17.31885085404113,244.4064755972139,2.9563044662087776,0
15.25066836999017,178.299101965801,1.328893020368817,0
15.219721296810784,162.35296066435842,3.3246661906724966,0
21.801356394686493,161.28615876083438,3.235879462471347,0
21.394793730914117,249.93928426067419,2.4927241010730405,0
19.938329397316853,157.61982523423416,1.9989358504754446,0
22.35956942835395,198.72528520977644,2.7087812178815325,0
19.561146210104805,177.63325735301743,2.2003830734529712,0
23.871538819994676,210.44923683432958,3.439647345822341,0
23.210195601670428,190.05970353138937,1.2751646454978534,0
18.549155296951117,241.17895334579055,2.062523982857265,0
17.047569240085153,248.9376923491367,2.7972226202336374,0
23.43800668772217,222.14404435238743,1.9770523002650688,0
17.056651853248233,163.59027968791418,3.24527970424458,0
16.911233007320636,219.04395097747306,0.8873825248083222,0
19.3712643663465,243.41998159879662,1.5930669050664004,0
23.738397129779656,170.49338905336546,3.2999618452506985,0
18.420565487894685,234.9505045932166,2.7751431549527603,0
24.861960791983556,165.45382297982118,3.4420612356239015,0
20.72413104856253,228.5855507108346,2.702230176911532,0
18.764877465244,187.77518747508546,2.857950217590131,0
24.728137872802243,228.58391911268365,1.8072341200970885,0
20.398207122468254,224.5155109504134,2.884560708637425,0
15.385710112373921,167.49163288964985,3.029576114928953,0
17.013288617605316,219.36241503578452,2.7840406683606016,0
24.964225677952935,214.7319135610727,2.826484145379325,0
19.527813811315596,183.42634241184868,1.083478987144188,0
16.55100202367911,177.84497266264248,2.9788977803567565,0
23.54301379367986,172.59723996232995,1.104941080047948,0
23.34310188316537,241.13250956657444,1.9981444960487194,0
21.226088844941845,151.72753119424226,0.6153560120279811,0
22.493554071636677,238.25298645370344,3.2316725465490235,0
23.405266504418304,212.87548513793593,0.501168562382388,0
21.038274403530394,233.34835164010968,1.8218023045074365,0
20.724985842222708,215.61078565059816,2.1268627372357,0
20.243173452570947,243.05210260595481,1.3176526317573862,0
20.7856545468163,227.53314611319465,1.5208803590485265,0
15.97093590802107,199.72588648290127,1.800374542378302,0
16.730928598536362,204.9431968811644,0.7342741844346431,0
22.6493534367089,248.01056634234453,0.7741049252195137,0
16.387237623331615,189.8492741357408,3.0033513266144953,0
16.64658134871866,205.3262527739838,0.7379414912530821,0
22.102748266868716,231.41086289936214,2.3849836120044317,0
15.699777300250672,243.26777446418674,0.7904402996548775,0
20.501755980810675,210.54246074742605,2.091170096078459,0
24.14285423086457,236.74251642579725,1.6465336676971045,0
18.80903285202254,234.66811439050113,3.153867448286884,0
21.018423882515144,231.42885621500247,0.563431460969467,0
15.714946024379554,158.91800094749667,2.6843183385272065,0
24.05674612987612,223.5455324689915,3.1985790524837863,0
24.992296053099018,158.86098047399258,2.226121529074093,0
18.94498839678648,191.8674695612664,1.4192641135543953,0
18.51231318335298,207.52022389937204,0.7783673563294137,0
20.100299691871776,153.8811067206124,2.3267581691712333,0
20.579046114299423,155.282890155043,3.3967232501794307,0
20.395797043242823,177.91923513871853,1.545117614714433,0
21.424286596850724,245.58990412147443,2.801596117455488,0
23.817030657012616,191.8581197223133,1.7737826208412848,0
18.274196655997827,155.95196922375553,1.1320284961805585,0
19.84662094961235,182.1248198298482,2.153785636478683,0
24.713763271677585,205.8265576134068,2.4137554371645846,0
16.081592552843162,203.3246935403749,1.362479310859091,0
20.94935897064933,168.8673132402808,1.7310689845144065,0
22.2871170041512,196.94993717688365,2.226408487931742,0
15.17368614657845,152.47782944024044,2.9098420036277033,0
17.8683019285105,178.31531969355686,2.896916103933072,0
23.61610790448509,153.3833204431777,1.7141852187485154,0
16.915475962190225,224.2956591608703,3.4190304140250767,0
17.336942764129276,168.01893234840915,0.7232682175374197,0
15.883956594313382,232.74544489978587,3.3564597224116555,0
16.165211557494967,180.6214277723083,3.2450891350956335,0
19.566974879511008,160.43463357159257,0.520208035302334,0
24.38680952825966,208.20472320692255,1.9866433094338614,0
20.48909368738947,159.36963593197942,1.412529052485955,0
21.220383756433733,201.6209031564377,2.258497261536008,0
22.745249134471447,237.46924185380317,0.5012134578830015,0
22.372850792034477,158.28937593027266,2.0305033985370122,0
18.405189325081864,234.45535053479767,2.4089479605689004,0
19.154050179156123,181.57203715205222,0.5966206521625804,0
23.14283996449344,207.43949489500523,2.7577895850201726,0
22.05234236677392,166.02404012592393,1.8142605769343554,0
17.16507534658412,184.6896049403916,1.8752238545331366,0
19.512555855086255,240.575158609592,2.2232195415057427,0
18.166868371090494,236.37828456377102,0.7072613392983634,0
16.457055152201015,160.79373992239593,0.6245270260546378,0
16.010049535494733,206.88023108843225,3.0696343679426183,0
23.441727039726754,227.74056085136363,0.7429692941008545,0
21.584290579226252,202.74215865596767,2.6718847447280414,0
18.704451576213785,154.20589172445307,1.3390601032007685,0
24.001294775296444,171.23403420612607,2.0231982925185217,0
15.964449974310597,150.40139143131907,1.515459514534083,0
18.57096111801283,172.91065532052104,1.396810688583556,0
22.867283261329398,224.7328694055467,1.0638565326396674,0
19.020926790992394,247.59556145810365,2.7448221893312215,0
21.489443744428513,206.6182671575549,2.103785370480395,0
23.908094280480366,156.07508898702105,2.3715376158730717,0
18.40661768710293,189.14557186460684,0.5000292838855062,0
16.85627246745019,200.95888309753548,3.217569948927497,0
19.18617063832742,154.92760902226468,1.4572689598956117,0
18.590094852694683,192.90388036022176,1.6780971426367461,0
18.471379108949158,195.28400788225733,3.457684577902354,0
18.91563912038444,205.26533758422647,1.432206462819873,0
17.577896838416812,183.2270504139318,1.4817868945110138,0
16.64170646051215,238.40663690857838,2.672340856003747,0
24.176744392541156,246.77576528648194,1.9038862307925974,0
19.611196851956947,237.95325092451765,2.1544460561756393,0
21.41828454280062,211.22305102885153,0.564420543870908,0
24.907395005448656,236.79299605367248,0.6714381252317734,0
18.15591346514948,217.2615874551384,0.9785333352118162,0
19.90524089158271,167.55959688345882,3.2100457283761474,0
23.35544110162717,177.01889001058345,0.6450057368466571,0
15.993331446637317,224.1820869191664,1.2621181085615287,0
15.313063249135407,152.41569890794466,2.1979226997424655,0
16.973647565055444,209.40734994862436,2.9089631656637684,0
24.369212795121598,168.25464686660158,2.98011614418527,0
15.856004414550208,236.16881786046628,2.1739987410233477,0
18.771103356200264,151.19831451974434,2.1178981462037703,0
15.489446679767454,212.97514393138226,1.8494098456196562,0
23.47828320246642,155.60294310682042,1.2513269329090173,0
23.14356677842455,195.96557906630807,2.115571264381498,0
19.32458685191601,166.0471622080699,2.982660084439635,0
24.819339030001856,189.70261377096273,2.764337222854213,0
20.782738957648426,209.91904909032002,2.22361333178097,0
22.86371667773697,226.02182984606952,2.4616921643241954,0
21.357771144857814,196.66777547710322,1.6496098304542035,0
22.1902282488523,216.95803478563477,1.8272180464118088,0
22.340357012965303,202.53382064444162,3.0767516537765887,0
19.06844420933037,160.05185686037737,1.1470724291651548,0
18.36321929713536,187.8679329500185,2.994950796101495,0
19.127775070871678,167.15364668361923,2.331223185288776,0
24.41342391631521,249.44607532477713,2.849630358765228,0
16.574168066945344,227.39142417114635,1.333358758171863,0
21.095074416546453,187.10380278756006,1.7698979205287837,0
16.714410263544227,164.16080424801308,1.2707887602355594,0
24.58625507954963,154.3628430946116,2.1291230602310653,0
15.288071200101664,192.20714897114806,3.0549025201829663,0
21.033770907610258,206.49819922832629,1.1824570258664344,0
15.232006683977453,172.59996091165775,3.239876325789843,0
17.15847317098645,155.73189511734097,1.8139248446104128,0
18.35648119097917,188.98096185914565,1.5800735466338431,0
24.66156571344939,182.91398929300263,3.1879025019194325,0
19.657242500529904,169.20427845400198,2.734294717695819,0
16.266796439651127,155.71991052474507,1.0535269247014325,0
20.357695685098744,182.28887403061952,1.3944401635913297,0
20.923785795065797,177.21582316888617,2.184688407211728,0
24.02066940124068,199.51122838231598,1.5698346687561273,0
24.34412577240768,202.01804840427428,3.3214035985766577,0
23.436733502725314,189.11510359468483,2.732424688243305,0
18.83173496609628,185.39567179462253,3.1372431345408973,0
24.034512297957665,172.2127559123679,1.2911602771257304,0
17.471320269347114,153.05881152098976,2.748221406287845,0
16.559223111313578,156.9398078121713,1.4704796035568837,0
18.322993570344856,202.00870864174576,2.9939528437238616,0
18.77709887745382,181.08410031073555,1.6609471432100662,0
20.838024311775982,217.40892260627376,0.9001158161668038,0
15.422216860210652,219.50950308040308,0.8212031950856766,0
17.940374795282306,164.81050714337027,2.5873993870294334,0
17.453638803214453,228.81154677103171,2.856899570274149,0
18.62074549664818,154.73808917107237,2.564380575477531,0
19.92024087134353,196.39640762168554,1.4908131499603825,0
15.285027741089326,230.1651934621272,3.265649989471088,0
24.010282709456135,244.36628562031325,2.445549063594275,0
17.27816591183138,197.8128582080729,1.4446313476108843,0
16.392686144974203,248.69734204216581,1.8203088739609579,0
23.426742823318072,168.1822442113199,2.7782147593200825,0
18.931818279418046,174.20218989644087,0.5212416869681841,0
18.722340044159807,177.29947871702353,2.448109362914466,0
15.010445607640163,211.14768625640136,3.216531067062278,0
15.783105412594404,201.18009742719983,1.4489039423843515,0
16.910410948872936,194.79902422428984,1.3100656001026534,0
21.14329113636225,244.8977238202251,1.7929130230623649,0
21.370922077474283,188.87380546914747,1.8806144570728778,0
19.624526780987996,226.93416327246706,1.244060429873782,0
21.508541213355123,214.76571666877942,3.2380694254578257,0
15.750763355640265,239.11840567134868,1.4041987447435798,0
20.389888027189187,241.10724966084334,0.7302474869499759,0
16.6791335124053,215.23155514333416,0.928176131579186,0
20.84881754742206,216.86779803013513,1.6829325164063178,0
15.80989826849365,228.30185867575165,3.131979838879064,0
23.694809902971464,154.03297452497054,1.7628432961168559,0
16.229551259098926,167.5090018758782,1.3437596943745187,0
24.96226650498304,183.6634513375404,1.8063583461957575,0
18.664220266415562,226.60506996633808,1.5117329904297847,0
15.37320739702464,196.75232835573956,2.585406704948383,0
23.29353009684095,204.7518965416909,1.101378422420232,0
23.57730762500581,220.29398169544166,3.179539042617641,0
23.960807619423484,227.18032799766542,2.86570171899949,0
17.168751758385394,191.15220100895118,2.837392435551638,0
21.66694600634347,166.240467388356,0.6337293571474776,0
20.999696283487694,202.39865623861024,0.8327548262640521,0
21.701661151635797,168.7139254224307,2.6673686870633846,0
22.43913088757333,163.85352375709456,0.9460639301177055,0
18.00916832784234,188.73325153180096,0.5827938597433517,0
23.328121587534945,193.55910353597272,1.6289746856952823,0
18.545305623886694,164.4245970058078,2.8553052144508304,0
17.55543700684776,212.5694238052373,0.5865661283591893,0
20.481506832170304,167.15466374511976,2.7350698500933612,0
21.11261979354869,163.4494713928127,1.845885304211279,0
17.703992732838646,234.70955256758575,0.8084758370167351,0
22.23068218559229,204.7376704921924,0.5952691858246612,0
19.00283684063186,226.64258263208166,2.2331726325254895,0
24.93611859774041,213.6040480988073,2.4556816229766816,0
21.944181110660686,165.86675611633055,2.1465175381842156,0
17.120525467948212,167.32409723321146,1.163323287400993,0
22.958473449856776,161.02648029890543,1.7661686075001692,0
19.622726437929934,172.03024523675083,0.7259299774691355,0
17.253959367768573,165.61669992882946,2.551458765784387,0
19.508541919523665,249.1723250742406,1.814011569005959,0
16.742984047380634,195.89935728112584,2.5167626136463053,0
15.895640157494388,173.4787003595284,2.084166139252726,0
23.713621709521803,179.00089134676165,2.8613883492182173,0
17.110337446144214,178.21603480542257,1.015401795680328,0
24.789675878595965,227.7227567370811,2.245690953568296,0
18.93480880095799,157.0795646303616,2.7569141255854532,0
21.34408811804719,172.46624706477257,2.392852127660806,0
15.092662640041455,218.2213374400701,2.6821833504985344,0
16.59090471930109,154.008501686379,2.7337695139615152,0
19.520874067748558,177.15283757532893,0.9841670243708787,0
21.328816820014467,209.22783832991925,2.7919433958157986,0
21.80184212731431,180.02309964632624,2.6922630867802986,0
23.894129586538025,218.57482381127346,2.6275882006775726,0
18.090506834300317,227.01017035429163,0.661390286031846,0
16.642404020388906,213.03828323558048,1.4368416690296828,0
15.554457739339776,196.27131070409652,1.3801665046988576,0
22.791579024651224,211.81151862536572,1.0180828282459053,0
23.425636522742717,193.3723542941925,3.2776073181438625,0
18.224234841637518,205.74278199122932,0.6885166627779673,0
18.252435935728677,215.13278798240157,2.152673233546203,0
24.619083438418492,239.37393324532556,0.5833516803975426,0
21.47212665684788,226.40737469759404,0.8771219255378867,0
22.602818331329857,172.565164010851,0.802022389606294,0
19.380215943071217,156.37485567596218,1.6439669664540757,0
22.772248436350573,217.646609323821,1.2230427990617159,0
16.003871479204662,225.56404429765985,2.2887955782468827,0
21.95228724674047,176.4769707677417,0.6315353205233702,0
23.361942768658885,219.11603067500863,3.1079341501988145,0
23.741233893395183,242.1186517216789,1.991019556979691,0
23.316001135450716,221.6864722602961,0.6160357985362989,0
21.19569371438603,209.25408863070106,3.4386018990300387,0
20.059424991986674,150.1095114570939,2.6923938316724105,0
17.786473417112443,183.47799470040104,0.966140362362739,0
15.441892813849638,211.23193420016625,3.380855390962256,0
16.055202732435767,158.20032570787706,3.4165424770333663,0
15.046480559072505,189.16543072379562,1.3259528931179276,0
23.952112317224444,233.64177619616228,1.4186830029285686,0
21.610091225317724,210.06505710366477,1.9683013397626503,0
16.33665384570524,158.73947412545087,3.3144688861300735,0
23.27086101276966,197.221337154123,1.3085783981420065,0
18.526288221908008,244.9933691189491,0.7074757407159019,0
18.997389812815264,170.1938272999835,1.2642164375662621,0
24.078770534956732,163.31128290181184,1.8643936669740133,0
24.38910926866417,176.6246528004622,0.8171838974875809,0
21.733942369143932,205.27856681568886,1.0416329953690684,0
20.223448213680282,163.23909587703517,2.665614148702934,0
21.032979324746854,216.26143000728177,3.258483225947346,0
24.606882438913676,189.1733949632803,1.4651455910798783,0
22.662219889248565,172.23154444432924,1.0048967308862355,0
18.69191936201529,187.50745913373837,1.484943544116893,0
19.645978228621424,231.05779266096806,1.6614731337414965,0
23.100995871697428,201.403562961236,1.0724643108784586,0
16.48273957599889,156.88468045649958,2.999281175061752,0
24.98956319852998,228.9104172631512,1.8260178424351066,0
19.422192180126252,161.6457595649485,3.3585081638204337,0
17.434088033437074,160.55963431802866,2.4868363599782746,0
15.928230275733462,206.41531475275207,2.2531941407685525,0
18.84176569679772,163.58773541582445,2.0947754176497773,0
20.49793085756051,177.44364985322798,1.6118715260440548,0
24.961979395763848,160.24689248974036,1.754165733348616,0
20.5418031826904,153.52378014748197,2.7862098674413347,0
15.830312642721713,198.7003975488743,1.3407848722708051,0
17.95846175651127,241.11498503236942,1.8743075019060635,0
16.716969189969642,213.47403748539094,3.07420397450024,0
18.376357208640623,198.4480192469261,0.5074056773339798,0
19.740143090929976,242.15667580183867,2.7933184155761634,0
23.322357039049283,246.75514338884346,2.6875066496542184,0
22.81867148153534,232.85139498641576,2.715382945528172,0
21.307524530781272,215.559917923853,1.146401773361089,0
15.196669270414809,163.27505529670034,1.26951094212332,0
17.711162270660083,226.2621631979046,2.8302487261896276,0
21.00345756968055,242.83100169324734,3.3706331672952388,0
19.365035131266822,215.2338191857246,2.4612741974569596,0
18.78119192524264,184.21771996028642,2.726894582880911,0
20.94762474387272,245.36489423544953,1.5825292671167028,0
17.392482838223877,227.6013026350896,1.7655165054158446,0
21.266813944725726,245.8639655292577,2.8729520552389243,0
22.434870448437565,192.80365323135268,2.189215792930515,0
23.755800933161414,213.53586549177962,0.6393313170495363,0
15.96632746531488,218.33454713197875,1.1756009405083108,0
21.400686271803,182.2678998207166,2.8296081588173814,0
18.041248227851195,213.41696673844962,1.1876016675239347,0
24.13384554816069,174.33476244441192,0.8081269133067589,0
21.221408780676597,233.28285498895355,1.0391840843100217,0
19.542628200758234,151.03202245524008,2.5866313027436245,0
17.689526899681486,195.02896719620617,2.1873666922286295,0
22.742882680485977,152.0739375683356,2.080164328019923,0
15.112151932686256,232.5115727131374,2.1840618777593486,0
16.68753077165737,160.3932821240193,0.829730785867453,0
19.64218697008092,174.54184423238505,1.95841429748306,0
16.814561823335314,216.6029885266724,2.9234200820003666,0
21.750190928237906,176.63952182164456,2.811920075973445,0
23.22023425814181,184.9232206814188,1.1502935715612579,0
22.84253876887878,212.88218698816524,2.884969181670641,0
19.179572115581962,237.4893353458076,2.830349413764468,0
16.458111496797926,167.9748358941451,1.6419292622304025,0
17.504576181017118,150.27598636607092,1.85208574520715,0
19.11761414603142,234.58979239427663,1.3287460768667332,0
15.283338362047587,180.33456586381652,2.2730544937657333,0
20.52863076330744,221.05552392348085,2.1828167160564504,0
18.21232186717662,198.365044871,2.193911016654771,0
16.630390156488893,215.42301780663325,1.0607765019725321,0
19.427536906358686,173.4744084459038,0.6737575451222022,0
16.302801822623476,188.1255109959534,0.7469914571797859,0
20.80321699367128,174.06190540822027,2.205954336227232,0
18.950421491709346,215.47641713024692,1.8654917255497736,0
24.620725875313838,242.9656153556148,2.1138722116387774,0
23.71617445428113,156.24084282441498,1.1339339144142444,0
21.655541087683545,208.84951863360203,0.7725225687056506,0
22.874687751512514,184.18833780961225,2.1510067318948694,0
23.774063115515553,164.20615449182299,3.427154795028451,0
16.193531632980186,164.28641858018716,2.9294297302270866,0
20.807773674893156,228.9617292242835,2.1557108114089054,0
16.162978237357294,239.00035498103608,1.1227143971869156,0
24.702113945084697,154.3428020255485,0.6320619440960913,0
24.37925562903513,228.15882533019789,0.5868852952388547,0
22.49458168941298,158.69742345097902,1.6828166191589204,0
17.30694584715947,157.98981035298294,3.3611503734375363,0
16.23713544186058,205.79585334873826,3.20922722100629,0
16.053246843807873,237.86160550618837,1.2341602959651126,0
18.451049754085457,213.23144433483904,2.8693503612633067,0
22.506191582851923,163.92023315183206,1.7491513852461895,0
24.89416527870354,168.93344217093568,2.965624049610728,0
20.65086878987784,249.41378824682448,1.6854770693988415,0
23.558015022193562,221.8347806357529,1.6138931255504376,0
23.4867294839824,234.04037376108678,1.69047635287709,0
24.94905875818408,186.42079429054849,1.6673416972980326,0
19.063067938695532,232.72862073779055,2.8555706815870963,0
23.30207416650456,196.71484995668527,2.9011382920538944,0
17.115280220149057,203.8161194786775,1.695726800604267,0
17.951353841629604,177.6250302527836,1.881587316797532,0
16.25449655306504,239.55791726457934,1.028648478005524,0
18.06098362960828,203.03250273809346,2.201185517441847,0
24.78574073732005,187.163821512282,3.074907069401979,0
19.742337739997524,224.21747256301455,2.4751055773189674,0
15.250734422737613,238.27842219091147,2.3824073717341863,0
24.93343108748602,206.57075288961664,3.246874383242479,0
15.767412866608499,195.53444306327717,1.9835164271859194,0
17.271491263931203,209.84052118183644,1.5530157210313014,0
16.37891959017553,239.4334163277636,2.522387222722604,0
24.90052006161266,242.07960904601498,2.13613490848255,0
24.331025934480536,151.5513659108377,0.6657782768969753,0
17.46978301225697,217.378211354506,2.7987171627859944,0
15.051043769391068,173.83033190295174,0.8543971049390013,0
19.523079217192496,166.06957926693343,2.9367234611394,0
23.229464451971403,206.07007147568217,1.8174707347973684,0
19.90322590817763,206.35163916152365,1.7673983938191715,0
19.88723731748161,210.12054755180273,2.8783320222286366,0
21.596668319516883,191.16743310072474,1.0754808213319895,0
16.219064342687435,167.54056825454253,0.6718577466204768,0
24.80284353960632,226.31862814520835,1.6473884183989078,0
18.05761681981643,241.15963129719404,2.030399361786346,0
22.64399950665286,167.88477279449666,2.5877177951150494,0
19.5063500322891,228.20318348861446,1.0775549096679717,0
24.14015533558639,213.39272910817297,2.104009115895463,0
15.787323748646692,167.89945624602052,2.0732924386182496,0
21.108652723988357,183.42746060659664,3.308698134718862,0
17.96370304853299,153.84489101853305,1.0432821598728501,0
17.1054927247134,193.2864154535141,0.618060634899601,0
23.175057123256956,236.7812521166771,0.8296497161835523,0
16.00823920771713,155.814679138361,3.0247326987989585,0
17.3323182625994,236.68793118736917,2.788676570121318,0
15.733718541289623,243.996522723525,2.6476638733040674,0
20.28591396806168,224.78825809009066,2.4769437729066355,0
24.45085530524119,195.57705008523084,3.1192234887842085,0
16.000616539250196,155.85654229946124,2.2464083260798113,0
17.39370062636158,179.79559185706086,2.565108796447333,0
16.947129161725062,239.47086336684856,1.6503031730878805,0
23.256058834733757,200.32191307224883,2.8465263099619174,0
21.38215732900364,227.4922768395462,1.3886896285538977,0
22.589590153908905,246.2651105768908,1.3694840495710878,0
17.699502353178442,185.5112512145023,0.9472326721518111,0
24.41510423296193,167.54128493510183,0.6833077527540672,0
23.09100313481915,217.96105939017644,1.1466363134859914,0
24.411982751233104,167.72441929159316,2.783342334771678,0
20.415726402280903,158.76432222467253,1.5229409055801453,0
15.832421011626781,180.14810046146746,2.0136609022799985,0
20.733780987499486,213.03223638954756,2.3740281353887633,0
16.689675252484562,221.82176490276436,1.2795934913132365,0
23.092234343336692,233.75401795782022,0.9603436150216236,0
19.287568282667454,231.1856039402378,1.7859041591697538,0
18.068391731278926,181.14160129852718,2.8710377451802085,0
24.535857130005688,151.87654609013012,0.7308324042864044,0
22.24139561030382,226.42934781077332,1.7409178412839799,0
17.9107936092937,165.77151713785042,1.116777282078456,0
21.464571335587525,218.62362967097664,1.000181010029228,0
16.656070367160147,153.78121342186043,2.121532813445908,0
18.11797663119129,191.1534087040375,1.0437099702541657,0
15.691750637333257,212.47926771550584,0.6215262309039725,0
23.111965480130188,235.0320577849211,2.799182503736931,0
15.828305566449492,218.58291127884885,3.3550677131791296,0
23.24049189832503,211.8573394869553,2.836546026650801,0
19.375496273946588,209.74501104658285,1.0949396193956735,0
20.579717569386,208.39175627641782,1.5001943805181703,0
15.843294956486407,183.07831244632837,3.3451910593852463,0
19.33444906274114,180.25902523738205,1.6815156036049403,0
21.395383079715458,245.95113396727814,1.0679289724576058,0
18.559520018762655,229.8235066016805,2.5571968913010172,0
17.040011947340954,195.21052698928312,2.0580107505980605,0
19.851504710277194,188.94441628428729,1.8451252672038487,0
16.804532460603635,198.71560988325024,2.4075237341667215,0
21.563327346951844,195.55222294715892,3.489431600114992,0
17.891879185802857,162.55724819826352,1.9651689255017923,0
18.27272843064057,184.3943514906823,0.8994700944287143,0
24.346372703806068,226.00233556275427,2.604582879824577,0
22.605075531801745,187.7903250165565,2.5263677572899232,0
20.929042479554923,208.4620580716853,0.7013539654695119,0
23.823637931166292,169.54321502382584,3.2905895093140023,0
21.925428266298034,175.36528043897712,2.057267059461881,0
18.453877945583926,189.9613662652068,2.338649043851531,0
23.36693190833327,199.35754754648912,0.6056231508996747,0
16.653492930923175,227.69069375388298,2.675120475675851,0
23.624202768959513,236.09558396091455,0.5093597299431998,0
22.040455188359644,236.26499212732523,1.6097355038865913,0
18.554319883088244,226.4556470809051,0.7079803245892811,0
23.583710664432246,231.55187232437913,1.4030497880972002,0
21.257050341486085,170.64203917016195,0.9471340057285851,0
22.568214691425474,152.81760065544583,3.3586724084220108,0
19.632593286911806,243.55199516123298,0.962156471373685,0
22.564284455301944,225.1736653486983,2.944727730579716,0
16.838807885923423,168.10135353636568,0.9648600126349349,0
21.967483465143076,206.86913875283,2.8867693728496633,0
17.22896282524873,209.32695815560018,0.7225312260749689,0
24.149175194286244,177.6856620008851,2.0237389430677126,0
21.87160991931514,218.12325312037882,2.99420718109247,0
18.699069638894073,166.7328203507023,2.2745802984415904,0
16.7169786966875,203.66618863812678,1.3444860065821884,0
24.634641069252236,198.09956018067516,2.580346281226422,0
17.167119896430314,208.7965183335383,0.6207138833843951,0
18.68919301333561,226.61388202786088,3.1257766851823447,0
19.23617128060211,172.60812733887354,3.276252415122825,0
22.450563027777,209.983665119533,2.369593128486202,0
15.821728670729126,221.96085151159787,2.4706850161822156,0
24.95155596599306,198.85754879435697,0.8728113930572016,0
21.193874122493227,152.48156849830593,3.481033651243363,0
18.971617740695837,213.41428422259014,1.8763820628873171,0
21.637171934155536,207.90259478442317,0.6632536466123261,0
17.993186782059674,150.34576102581093,0.8343512291354745,0
18.960909602803305,210.51767148979843,2.3580055581837547,0
15.469386810343913,169.8502994891868,3.4959564421122336,0
17.45048054680327,176.55348764270104,0.628715785691573,0
18.706241634512388,224.01444891755335,3.1735706899505205,0
16.040220243395797,219.51891177641073,3.3590942654257674,0
18.24847610131851,216.88287834144356,0.930534268141821,0
20.248659850806195,226.4946440312162,1.6761566200455005,0
24.312456048963135,238.9456727085593,0.9489891798886386,0
21.513830485986205,162.2777174538832,3.4888960241075697,0
24.386818430366755,155.90080016479516,0.6855334337916408,0
16.856442083719703,153.6315987407018,1.192814056414369,0
17.87287188550843,194.06114396366956,1.5505394855974626,0
24.927946220126593,195.80480957652526,3.1564156541911905,0
24.342383710416545,234.46326208441042,2.947389570678068,0
18.924344919419173,171.24618555885957,1.3765052676996605,0
15.891486676297962,198.5199719671637,1.9360063709064366,0
21.442185267399005,244.93411985351187,1.5617601361837923,0
16.801172225036687,244.23242852604596,2.593702525215034,0
23.530985655691104,224.5281083266391,2.622881156298426,0
18.311083892666566,194.12205332819485,1.944655288551705,0
17.25826278626731,174.46428769915335,0.5644190606255571,0
24.559923267291374,173.241697930745,2.0506772238634348,0
22.849069601965496,150.75760003692992,1.1895854483765878,0
20.27996583475037,198.74340046919173,0.9448637051464603,0
19.93420302927777,191.32636702938606,3.265308530410773,0
16.635228698823425,184.64599787741895,0.8643234598923563,0
21.63833515618213,246.7827925389137,3.149945083830498,0
22.68460940042165,192.15040492956717,3.1536600101739705,0
20.20882426092861,164.82447361344302,2.7235004250641914,0
21.78214529864863,181.68915015855185,1.2270429131428062,0
15.062212937106036,200.71253423846895,2.7621877514272453,0
18.500094090219058,223.55659132420539,0.736617196829857,0
23.003313536700325,221.25760039289867,1.0407320199968861,0
21.27465378009536,244.18745738881802,1.5834409599800834,0
15.747629620790157,247.2356546159727,2.2223376098789007,0
24.204779201626227,225.07906771330283,1.5621140795982007,0
22.080350343661102,215.89831070575474,1.2359495437951917,0
19.35803472305123,174.0198424972836,3.3875551781095883,0
19.021752040424992,176.01393504986802,1.980784961892561,0
22.394053355783132,245.35346009844707,2.2204246977936046,0
15.31925427902436,167.6412303626285,2.4089751559430788,0
21.680350374968253,184.79838089924382,2.907222534892896,0
17.33226297232631,185.43753237900182,2.9024166386650343,0
21.56027853667856,152.84067911228016,1.7692287701489842,0
18.094229985116506,243.40449309963876,1.3439934733512238,0
18.62143354970518,178.1748148989796,2.1099871138427706,0
17.598954892081085,211.5807598338679,2.736893946542006,0
17.202021170881782,239.77904339423574,3.451865945377842,0
18.0350454255801,201.03813503639856,2.3228734571567227,0
21.684637600062164,159.1685205500855,3.3928614389549816,0
20.192550802561605,154.07906642457445,1.4907230092279535,0
16.595681602392737,232.15404083216987,3.107131225512968,0
20.696078469201026,186.597966045164,2.6322378228040226,0
18.034455453976065,205.11549835927627,2.5827805055269955,0
23.57946884146603,183.9835659107249,0.9094638257908167,0
24.068696577716203,190.2981365981017,1.179941153849068,0
24.28919940718061,219.19383105055374,3.136936822217016,0
22.86910701139862,220.64629206388616,1.4374772101900681,0
21.28267739788179,199.62824244106682,3.1138547836561865,0
19.647734930342253,220.54644400137477,3.197997381774127,0
22.5916199880592,196.94424694660745,3.4365625754052247,0
19.8564518970784,177.12333657449375,1.7314538713689833,0
24.346224233710764,234.42770193358183,2.9410789732212215,0
17.82788068130126,237.0200488545484,0.9174467371579055,0
22.88062400503682,174.9863312294211,2.2493944707209486,0
18.278102263570382,175.90035945720902,1.5323921434034027,0
20.10611486207002,152.8026281716526,1.8046893813135867,0
23.116997717525457,185.27406337664198,1.7696784247849058,0
16.3990551326193,158.74991748992937,1.9121035044394974,0
18.961709721516208,168.98688059996547,1.7123279959492272,0
17.641245765894855,150.00594563100083,2.139090362392281,0
22.087379994093396,181.14145856693523,0.9672842996568056,0
20.76753716922024,160.6602934553702,3.367203329493199,0
22.543832915156617,191.12467753247188,1.7661433244479936,0
23.310639824406856,223.47258324960563,0.9675354247526634,0
24.62103639956154,158.2808505407002,3.427657982357578,0
24.04734538331065,185.30154470637487,2.71695768961223,0
23.77092485741207,182.24362774491706,2.0455054230996077,0
22.721318557442338,216.21520678022816,3.479834790354908,0
17.731911473330747,211.45370622783088,2.4896113168895466,0
21.161031525664608,224.0860696960237,1.2503982573298695,0
19.44842046768946,232.68579444656632,2.9846957165799584,0
22.105889050087477,236.04699442050605,1.9811628959803498,0
23.605794764459528,150.4162070731997,3.466096270505532,0
21.375164842713847,222.05615928980973,1.3170327255353111,0
18.594912448625543,213.12013328169826,1.9665434591231385,0
24.792386122352056,210.2184424376208,1.727267685621419,0
17.9728478384121,248.64838056455122,2.453143855697264,0
16.888779387737603,247.8459742051801,3.189106054535047,0
24.716334233075486,238.32361715487434,1.2752158930465467,0
17.14388769703278,241.29811599428893,1.5334152580955442,0
15.105743400925103,216.91578650137438,0.5753546814662324,0
21.58242847449311,207.52039781405438,0.8099871065544256,0
22.778342773847637,215.50780829002844,1.0097016786805644,0
19.44352754747995,166.57841092285506,0.8414843276666806,0
15.97948016763152,208.35740494713392,1.8636209161306618,0
20.43071187326429,199.61169897404656,1.4411593219592045,0
16.735273479125965,159.52409774598357,2.8562417792247694,0
24.40211051685508,192.98285657997366,2.4672578060039205,0
16.128856808713735,227.18539720761203,3.2802109700405806,0
19.40026554905732,189.26513719244792,0.8692012239826812,0
18.54588103991468,210.6047624124689,0.9041653849425054,0
20.167905400676467,227.91852706827234,0.5312838491914403,0
22.017667667537204,175.5341889785325,3.013003880244951,0
20.302455776083768,160.93459349771308,1.115350914425933,0
17.269691606155792,218.31553685454992,2.3840210706454776,0
17.136206731552527,171.29087523968482,2.7930337597898656,0
20.825060304829535,163.80323818525991,1.0503513993954363,0
18.70273718450871,167.9035129954247,0.643655732377695,0
16.165768529850258,249.5258886027487,1.681866788271623,0
18.504868951307657,171.88368435163272,1.5967107186080576,0
16.081545422541627,247.27005231928246,1.3497022558972194,0
16.29400305807515,176.6609148862856,2.005118097280439,0
24.386881503199284,246.39232301599782,2.390758062876997,0
16.532842149585022,211.04410559093026,2.0496277937381393,0
22.370220220855366,196.09763960217347,1.9676000991773053,0
15.399661741271087,182.62463548131618,0.5227682294457408,0
23.943387747400543,191.39292491437828,3.3162335562201193,0
15.988602517072906,181.90402352795448,3.4980767948303026,0
22.650623849208266,202.98955129371836,3.279876275245512,0
16.355418923052746,244.1346520320693,1.6391851465671223,0
24.80866152265361,226.7401329327239,1.8280521921488464,0
19.7028934271746,231.06605210571854,1.6302461911585482,0
23.77588745829555,241.29553728473704,1.671603511159708,0
20.819253708922886,219.38728793656028,2.277009211054933,0
19.704650153764206,206.40835705489593,1.0633265382148562,0
19.15147958024118,233.67701592615197,2.5547549458280905,0
23.276144845294603,156.08773671748222,1.152502474415845,0
22.369232165648604,202.11396078177407,1.9929771070804123,0
17.361134450291104,188.87841467264923,2.4538261190465667,0
24.002504736475792,214.6115701297026,1.8431477820332476,0
19.643407368926024,218.4181798493666,2.215784454070002,0
16.722820853000414,197.02091987738856,2.362937420735318,0
19.036151990861725,163.34205678888853,2.293229602801966,0
18.710932666069116,198.17299694678647,1.3525887648248336,0
22.745484284675594,226.7878261922371,3.4295430661088995,0
17.548227583911093,172.31613114203546,0.8773844653443043,0
23.69862604450272,246.7896681139776,0.5392437481739025,0
19.05281555508002,240.35810379414832,1.0257685710610374,0
24.727895631657546,222.68182724722078,2.8039061183966636,0
20.130259442600643,186.2942835938776,1.7839592275015255,0
15.868286056725722,211.1022859875094,2.540979306718117,0
23.860174838396404,228.09040798270547,1.7956346959137386,0
24.93623892497987,193.35893031490616,1.3661596020133429,0
23.519650072621616,206.55652090931758,1.305612614508453,0
23.38476985634341,226.0894177927357,3.4470671489494813,0
17.646576228651394,178.43303263156594,1.315122134093385,0
16.303078982598553,207.38634369570767,2.9445716857268835,0
21.63011572883212,188.07429936378918,2.778213746255114,0
20.110054122135352,224.8783907523663,1.2787383748611603,0
21.783423947676503,226.42003148428387,2.862205541949029,0
22.653305740368175,243.07093972776948,1.1193812301945298,0
16.947552421813462,178.26836137912488,0.5953320903412271,0
24.41395034646455,156.56540987795327,2.619890259252051,0
20.95671064176351,188.05912489655827,2.7793334835919143,0
22.114591432730446,220.6895057413416,0.7119349805384878,0
17.493366685770386,197.11126814050755,1.78641120537933,0
17.667024308022977,223.28495785152631,2.7649545926710726,0
20.74476732208216,201.85201785395134,2.4614829909799996,0
17.026094553305185,224.19544474120337,2.548470774918774,0
17.30599340097042,153.67003841004225,2.3089928105743,0
17.140322598009682,215.34678024458674,1.0222046957506952,0
19.739208140175652,201.4547594003995,1.4467950800339229,0
17.873805906748984,211.4739339042971,1.5827260637630578,0
15.985792873154628,243.8488058995992,0.9446113157066833,0
17.203313814405107,209.7142931720465,0.7813218182036344,0
21.890060140166447,198.52577568038294,2.9094186893208933,0
21.375051128549412,178.18423926702127,3.2314739192703077,0
23.114363493816807,169.0647726728099,1.3810173537774286,0
19.319180747384955,190.46501912724528,1.4111010266333115,0
22.422568683172514,166.99874189902087,0.6156500128448594,0
19.150608719559692,242.6185460641404,2.0883291442083602,0
23.805407927794285,228.78400780722473,0.6574492066416406,0
17.316308923287764,209.57585424570027,3.2445192417445305,0
23.62876021421329,201.0867681347528,0.6956775923254093,0
20.093604930790224,237.9210439602034,0.6137866202230984,0
19.52188261282172,179.1970231595974,1.6714158539148944,0
15.312584858237361,191.98011874247436,3.0137137836163097,0
20.57214813278734,207.6396905557228,1.0284330041716507,0
15.693300605802824,243.0505900273779,2.1434420656612976,0
24.340266244676087,217.73199781086743,0.5580637728386129,0
23.535835803348533,238.67944710396404,0.6482174075833581,0
19.890695419824752,235.67248820170863,2.2603301372908478,0
18.431382310663082,212.44116816611273,3.1589492937448287,0
19.8187771536724,218.14299378216344,1.0391343288708685,0
24.34154475924352,233.9236577256901,1.0456834894770843,0
18.177123817447956,161.63573351566203,1.2632427628388787,0
17.466193705438677,249.01234463037162,3.0801789104803587,0
16.80125577840347,210.35079636606224,0.6481971009719307,0
16.162874878457508,244.9020905541478,2.8615634256927693,0
24.85701026635824,242.31414528694165,2.732506623243337,0
20.583926879422876,232.7486888820268,2.4985600277910005,0
18.568683684426343,172.94251417980513,1.7449656339214141,0
23.29188232580099,230.43192471549082,1.2976701781854025,0
23.011685617656326,230.93872844752784,1.1645350468968947,0
16.125322939623242,215.98176413432884,0.8612954233368291,0
19.50290586013992,241.10427363820725,2.6957281560520303,0
20.53453244506559,178.69622321583157,2.6854300170358316,0
21.957338028285545,224.25414472923924,2.2600410452101247,0
16.038870801428015,198.2953111076083,0.5625048899153244,0
19.733790033815104,197.2495024947782,2.5608429447393064,0
21.22881102178506,231.60054189625131,1.1665573043127604,0
24.45776529470456,200.91113859343835,0.8622028158046678,0
24.07828698760035,216.09760441227922,0.6292002627012888,0
16.015203141037034,240.77481789369517,2.1416431286899993,0
19.779784285481675,182.51673260507997,1.1413227370488677,0
23.759010453214188,238.16517162661825,0.6291893326817277,0
21.26316288409631,155.95344277393338,1.3648018199586704,0
18.66645019468616,216.30977209727166,1.021663383110928,0
23.56333687224423,204.16271791212543,3.2313339597126642,0
17.547564227015926,180.05592727347846,1.324226541949817,0
22.413815015672633,189.89072529142112,1.5408589025854071,0
17.692203716206592,208.77441496649396,1.4375677788174126,0
21.56688861585065,178.60154334649232,2.786316509863848,0
15.925322103866028,246.79328964403732,2.5773088889137377,0
17.57603223598445,209.84790612151576,2.0096390027327256,0
21.9383747800525,209.97763296883446,2.60660386887148,0
22.494713276720883,192.60559453476867,3.472371554296408,0
16.937857487906506,221.21029749790432,2.3064257004175834,0
21.105815215989658,151.2030853001694,0.5725081071238126,0
24.0395383752706,246.18423644752346,2.532670943551579,0
23.63660144712741,240.94010877434735,1.803533577376506,0
22.410288673606033,219.53595494704535,2.265172172869224,0
24.628957181299803,215.6950817741239,3.3616409945720234,0
21.72085240491039,226.06294820728397,2.804978553225951,0
22.55059230137675,161.68593225453472,2.57057423339555,0
18.146428318659343,212.26704479120747,3.2179944106044283,0
16.731017257490656,166.32487883534048,2.8363208671935034,0
17.019898035529394,220.36145463819736,2.76564933644505,0
22.437805238604035,214.48826203741382,2.1485942445915147,0
23.42038569683146,248.5857820755359,2.681514380537117,0
22.53637651260167,238.80954787789406,3.3997599853396467,0
15.187127219921141,173.40119724799075,2.9546000567143578,0
18.709181925446686,205.45145545618266,1.9848763187832552,0
22.34926209612548,185.2603749818939,1.8470299075591323,0
20.893636320210163,190.86597256953792,0.9276842357455131,0
15.934501152688197,210.28582349786626,1.1007573266467823,0
16.53626797153514,224.56893837572625,1.3921142486580602,0
24.195786162402108,193.08581490762055,0.9797102150348834,0
22.964686216356718,229.8619036928273,1.5689341403928814,0
15.664789970277317,197.06200500277947,1.5182635969588956,0
20.01666454431087,244.5391222707141,3.450903979937481,0
22.82041531862313,204.41241225187702,1.6871954876858268,0
21.784696117230844,223.51218222114568,1.3889539789863616,0
17.889370368370926,163.6357471618906,1.6474005485937773,0
22.07151962469127,197.34011623989826,1.9302309341809418,0
17.001251031058494,212.10031371242246,0.7160859629061119,0
19.140967175098123,204.66396366026447,1.4570320849747789,0
20.2424122510697,182.2416991661558,3.008474015682359,0
19.649757483878673,247.8455945945995,2.8849361407215954,0
21.327302711593354,185.55348371279334,3.240413017984994,0
19.391990898609173,249.39763476518044,2.761770037429143,0
21.151015140246496,194.46500542861844,2.398097816389485,0
19.758607324843517,225.7885380381155,1.3700792857671151,0
24.65682151024137,219.45256166311296,1.8874045395469854,0
20.678292452071386,166.69743038292683,0.5461424137252129,0
21.706903279760354,175.15763445099057,2.958356443092798,0
23.88310978825128,188.9763570404119,0.6098009734937355,0
15.515666515257458,154.81456157066611,2.8037454877037655,0
22.722370640419328,228.58430731367943,1.5477946345799762,0
16.388905719728747,232.88044006806422,1.604864585055772,0
18.31528210630321,155.907470368462,2.591655765383252,0
20.96775262678198,151.72716448376116,3.219037074318142,0
23.511976435133956,160.86616712330604,2.6313008413201673,0
19.16834769888531,198.15080348488402,2.9539705982312716,0
20.989223331330827,169.4025717827368,1.5152717405472462,0
18.836710390793698,249.81540485512426,2.5876028248131857,0
20.562949692990678,201.92321910729257,1.8816261321564431,0
17.059888003316935,175.10844476295827,2.9196979969903163,0
16.390304973951757,183.95328601012548,0.9644856149393185,0
16.325184179954125,231.99189250096447,0.6986012376814478,0
15.631864936954518,195.23505521396908,0.5485233480812094,0
22.98640246566284,243.6666262468568,1.0094337850057395,0
22.82206478408723,240.61861126420575,2.154574626208411,0
24.062741477806757,191.10383747404285,3.0066914223150527,0
17.417407222170947,156.01546970568594,2.546198484244478,0
19.990137688313148,168.72173724222534,1.0273632146761211,0
21.210125350452962,180.63649805915162,1.2624988421171799,0
18.926572177162186,156.9153035827288,1.0063149721199398,0
18.40252896421143,163.81208861034344,3.3486639953952335,0
21.75451990199108,188.76952505212594,1.7891203095314319,0
22.208243202915334,185.9097765114483,0.6798426388825979,0
18.401699945465808,246.70916832277692,1.5776365655183682,0
21.630507432223283,188.73914836994274,3.4146144599425963,0
21.553180946436182,207.5546309776945,1.0944974170800763,0
23.241250231300974,192.3404669092544,2.6545048432917304,0
16.47094165807153,230.4637697026066,0.6041708204561254,0
20.559993444814488,212.90628638801854,1.4119281860203479,0
23.801597113741245,230.34746655628197,2.489967627448972,0
21.55182549469514,207.0797619928234,0.5662728233438172,0
18.628224231348685,164.35997975967106,3.262423617047324,0
19.398658628265533,187.4278230359878,3.1896550360526232,0
17.613125191525036,228.71611429498256,0.5337085852387872,0
21.581635019175955,204.25992012749865,2.0829893824304855,0
22.945936924084485,161.1750459973478,0.5837037206853679,0
19.795937432234695,211.7655506597028,1.990803092039327,0
15.454039864981564,212.36151440239908,1.5639677956741282,0
18.786428382069115,206.58956931044813,2.7273665173439308,0
24.151451129138955,198.3890673348148,2.576770764931573,0
23.10304567537847,158.9371954924061,2.0349051085068965,0
21.549097587039896,166.2375734282664,2.783866986441076,0
15.604778983675143,153.65965113938228,2.9826379989891274,0
19.082974857022865,196.30580935505793,1.9052199431753287,0
16.698186074408106,194.33990026246272,2.428928074896109,0
19.69778583450566,209.1877706820541,1.2459665896150076,0
19.973452658155804,150.6702317148127,3.379226185993642,0
16.47574533754296,191.14723123751676,2.0553282022002817,0
16.475010376433623,222.70664703875292,2.530974242204004,0
21.05727598384822,249.2274254015568,1.9767127389760766,0
15.411092832346986,155.3622546965961,2.1220728706685414,0
22.466466162022407,206.91292985800416,1.4593322917966733,0
21.1570598216791,184.09756498976347,2.0602058697341876,0
19.203355667791115,237.75990604080317,2.67472916082305,0
20.820532508728736,184.83723412770775,0.619280686836932,0
22.702320667091982,155.65034029974555,3.2080306187055765,0
24.94844220428906,230.0021501514333,2.760562464390175,0
19.367100274539524,224.3039129283265,1.7014868763164146,0
18.431345949646456,212.57053510949518,2.5914213492338445,0
20.547107635836802,201.08130211320272,3.0551609433083877,0
24.057476576471142,198.29081406852862,0.7530372204595679,0
23.446098900209783,201.5292649729918,1.741189333757621,0
18.042065069929123,180.74843486820401,2.874742486196388,0
16.485354886691322,237.26395148703517,1.8769422437880783,0
21.02630579328685,156.53510196679846,1.6654104122832898,0
20.77921470669597,232.17266360412836,1.002290915960921,0
17.282793684294074,174.68593205164692,1.0688150516366774,0
20.613414330771683,190.88434628205022,0.7508014585704444,0
18.799924245885304,200.9621981476124,2.47865998864547,0
18.868796518102165,170.69569855063713,1.0369487095651768,0
16.171767511852096,230.7737477392074,1.2263271413617334,0
23.743428116708948,166.77155473011277,2.803560866492079,0
18.47799335894929,234.6367175175691,1.709017228783897,0
22.750834187309117,224.63832224083043,0.9876379163884262,0
17.88810695081851,193.12429345279622,1.5439459131806696,0
16.70763430578488,155.56407118389038,1.1158889947758435,0
15.637200951428884,156.16789181715941,2.158629062032569,0
23.580379637516607,195.79813585079003,2.193620135913905,0
22.042239443119847,217.28602254734838,3.3719960707027488,0
19.852433957199363,235.57100257912083,3.4459493654147155,0
16.408298063160064,184.69543345788804,0.9018489410341117,0
15.42116588990269,241.3362375304169,3.055010628207741,0
21.17995259713424,177.58897389223617,0.6618908624821455,0
21.83678858733484,156.81760033973626,0.5647825277407171,0
24.93122205341276,182.1659282439341,2.156467953585324,0
24.067911434132284,228.75739205511138,2.193708201860788,0
23.112747174448153,196.48119206764306,3.2462009339747113,0
20.790325795982966,200.4942643662257,1.5427197798865087,0
18.66227091199892,245.3042479851387,2.8071167290162973,0
21.74376467178735,210.6037395092024,0.6665807228078517,0
15.206970001700448,184.11370512057107,2.2348938871336204,0
18.98762304690072,230.63100767282117,1.8286125559085655,0
23.5170216955963,150.6727032168066,2.511788100992552,0
18.721602352990374,203.44097458324975,1.5799283025492645,0
18.297401341141516,209.1175864532178,3.385990301795042,0
15.154369159573859,189.59209108684337,2.5585656259864953,0
22.008460133678398,203.44530929211274,3.4370971262898395,0
22.947658928878987,231.4436353168723,1.9994579911747694,0
15.018319689746267,208.07198397688146,3.191455347147037,0
18.54829300878369,198.22069298586877,2.091425003250519,0
24.627950469649974,154.448766856273,3.2995759992085323,0
23.32677853429948,217.57480870240866,2.54319141323009,0
20.308265075162534,223.32980886408052,2.6730684841909618,0
19.567524032894323,190.00304743788868,2.2065700253083795,0
23.11472026220809,239.32557218467394,1.7666339884394402,0
22.638548395638185,201.57204965413763,2.6188889130884574,0
21.635071742639973,224.26989268274932,3.1847708590199497,0
22.41308941799101,196.93002742897605,1.1106646016758246,0
22.309345745839043,205.7630178169681,1.8675541195828194,0
22.55763871718082,190.12301477725674,2.3311528230188543,0
18.392709217759734,166.34006826436428,2.2482835828851,0
15.397789111838698,221.97658609852135,1.7417007523415253,0
15.1061426444411,154.35920147821537,1.2713386088165817,0
19.595341632467886,232.7338108162142,2.6603060331370085,0
18.575592787436427,213.40363702481403,0.597671773635709,0
16.16317735701601,153.75721957178712,1.9409282679740967,0
15.547945355739294,206.5643159772445,0.6335596303609676,0
20.883672289047528,154.27305333605662,3.1087566399272264,0
19.36608885772982,196.92375969290953,1.4434899855728123,0
22.59194337364537,194.31358167048992,3.0166786380523023,0
22.710872445681414,238.26428270163194,2.1339882190407793,0
19.89990174412852,225.24188672432692,2.942960441955555,0
15.714019186345329,197.90343423127416,2.06754001567663,0
16.58919622888427,247.280032190484,0.717071154273423,0
23.588530342895233,156.6289267336046,1.7806562390516487,0
22.635347986699262,194.84304475660522,1.994440375652201,0
17.415957981752136,244.39902684088693,0.8548239109552147,0
18.647147581564358,208.6033778016333,1.6673801128839596,0
15.095914795653602,153.83535320983202,0.5267002174632168,0
17.293931559225513,223.13882349264705,3.4493296504564905,0
22.831282868195807,242.6015798677796,1.567601537186601,0
24.724991609091106,199.8347267752255,0.589901489772214,0
24.880870062867103,209.60989181171402,1.1201581529415225,0
17.68234053549987,153.82553253048377,1.4621848729751248,0
16.90247673028723,221.66730857542728,3.0502088061159984,0
21.51461066990874,166.21709073538838,2.226461006967994,0
15.529195180855083,194.75349611269507,0.6317076690824419,0
15.349195143608087,243.97586876883153,1.8397005739469279,0
24.431268799845185,192.23899436893143,3.1914592163983366,0
17.60416216571644,191.3600605817693,1.2498999481310604,0
22.700756569400525,167.0760776453871,2.5518622477548214,0
15.357930135783969,249.02563782121328,1.76209506386516,0
15.122697856729193,169.97277233812213,2.6872057787048926,0
18.709656168263024,171.4885286993968,3.464419334617397,0
18.04860633690658,200.83105505879774,0.9800233211293691,0
18.887974257192504,164.4998184981835,2.067121997388792,0
23.71589767522749,221.602782220277,3.4951469475646233,0
23.38049261312416,173.3214138903083,2.87797359551626,0
24.6247033728485,236.01901003303107,2.6262832002204397,0
24.72520745166337,201.30889279554327,1.040880973924949,0
18.552440108844923,169.8500136119303,2.7664671305209017,0
18.755803814949328,211.50649384239782,0.9955642820871826,0
24.271459331878763,226.3512897658207,3.126632911426875,0
16.46097213095225,182.40143965248166,2.9538808734859536,0
24.01197795360702,184.4380386853482,0.7378642377217677,0
24.470767084068694,207.82442662106587,2.5957817844827806,0
22.83956420751091,233.06181651442213,1.5467179859983515,0
15.920533223713962,154.86386985707298,2.6039531147688066,0
22.870188896228893,206.5173983410951,2.348890057086624,0
16.77362507227258,247.1496048292742,1.8357147210575042,0
20.615755859428752,173.67693294971625,1.7562321922350574,0
21.24148647588078,152.4331767942721,2.8348244246137333,0
21.850594460807795,177.59720275844978,2.7711850449862063,0
21.653728481919313,185.4772538806946,1.214390562557997,0
19.843396090754972,154.4138405749772,0.9484411439894687,0
17.841096725213383,214.74261519107898,2.9906283464615475,0
23.856869979362862,215.22291109303717,2.446256068147488,0
15.320425634919053,158.04146212188815,1.6489627366503412,0
19.113497284486577,202.69573406805858,2.8975194636846053,0
21.644132029725107,216.27172848061463,2.143100178077156,0
22.78132750103657,203.43277741483712,2.7585034377183235,0
24.444058735727516,193.6051115868111,0.9421823129273228,0
17.569244963543113,241.8941773487138,1.6613657323728415,0
19.97306462870576,161.597935613333,0.5114845725952307,0
23.54053735411636,224.5181393087832,1.9097560996968181,0
21.913128778103708,246.14720409421346,3.1999047774687446,0
20.368202126778368,196.32408151957463,0.9155718681241594,0
22.754698236777024,179.9925370906563,1.924709521524255,0
20.22633353863033,243.9797321232731,3.215666002766963,0
24.774863035445872,171.6140234547642,3.329704373703653,0
17.647634384949043,234.83039800070725,1.663664688693491,0
18.713141249932097,214.16299506411892,1.0635987161972817,0
22.711344596914884,189.706911933455,1.2146443703661034,0
15.055064926380838,189.56355717445498,2.4508534751245104,0
17.709000936632357,186.44768548030942,2.3451407396774138,0
15.091573314735792,157.017524897848,0.8009836153405073,0
24.384770880115532,208.71566318497182,1.4689950892687196,0
19.868518069470674,156.14700991602416,1.7997188253742817,0
23.508495025877444,152.99267630385017,2.4520946934539998,0
17.649732011643952,184.31246823503986,2.0067661534144876,0
15.615386720806956,238.90627732503685,2.837839429507593,0
17.57741890097732,181.4854560786198,3.2093222855724743,0
20.249549408128054,159.73954741315583,1.3589860322949867,0
21.961724732734268,203.580185494298,0.6430093373720858,0
21.076459652019743,151.20843710319232,0.6251709847820156,0
23.36658173315285,241.03894987960706,2.0660259196046944,0
21.488222796327996,244.5418914586625,2.5885219837229574,0
21.803153832913246,217.59288455923905,1.298343498612789,0
20.695458369474114,215.30408238138148,1.2926356598729165,0
17.311172485993737,180.22298289268633,2.7466829521053673,0
23.17829227817974,233.967489246685,1.2124294241200513,0
15.639787802445646,208.46473917976215,3.179530900161956,0
24.435012393273375,167.92242037936373,2.997079819210896,0
17.235218190642783,180.6514265179303,0.5432289518753077,0
22.43166128282084,212.80802797732133,3.4506374740784054,0
19.065579469527336,192.40994997584997,3.399842027926689,0
15.724955477130699,185.95178863146276,2.7628429721533867,0
20.611906424573288,197.05637153723276,2.323555603926681,0
19.874168889819554,200.90101095807918,1.7206749417292257,0
20.067570818871967,239.53154101819746,2.0697048509387685,0
16.87920507935049,215.22634141589083,0.8646577352343778,0
18.28820185317542,191.92117009854255,1.9107175584814748,0
23.708826027843685,170.90258139814625,2.625645017454934,0
21.331191880190374,202.17537534834753,3.0857114194739026,0
24.718250772992498,191.63294495499528,3.3937726701556437,0
21.44632470467295,247.76670341349453,2.74843844779287,0
24.57035540057999,243.81639808255792,0.7718470729322096,0
16.67842590482399,216.5907967213497,1.711998600341169,0
15.616988143518675,234.65421287947254,3.10827170615237,0
20.149241705520108,183.27478878115494,2.377486325168299,0
17.807040000065758,207.51266717284787,1.3506667056336124,0
21.578616368033472,203.40935809931332,2.4161825052252386,0
23.23071555874776,245.66521325157407,1.2122446537778022,0
24.505903714514485,212.62391958588702,1.5746752356657163,0
21.945091242680157,197.66252776776338,1.5184092676154166,0
22.61616659571567,194.19201169231243,0.9996268964958311,0
21.33789990238124,232.83939296597947,1.447271734736065,0
20.1811251432059,177.93149213745932,2.4168115373921517,0
18.54334078308499,164.88001693921038,2.5709955374437303,0
18.395137251600712,249.68916392050158,0.7740017097637211,0
20.696412833261498,153.90227000171262,1.3941284662891884,0
20.472582003820435,226.759232145836,2.128536836963732,0
15.815489823414978,158.6614548500765,2.0178497700606792,0
19.545756000103264,194.43978754263054,1.0994311034361006,0
22.384593656615074,225.77720528721477,1.418813141720478,0
20.443414231459037,215.71371153870405,1.786007234224617,0
20.286684627820975,171.68458057068128,2.87209015884108,0
20.30519611304055,179.0333884374447,2.5399956296037876,0
24.004835944814758,163.09815898742394,1.2739521387521906,0
23.884058045487727,230.00760453030267,1.4220857735866645,0
24.728339055231856,192.99986900741172,2.905909211405526,0
20.282734338173448,175.92233365965427,1.335573757900685,0
15.59607474716138,209.8988357339937,3.098936816392718,0
22.870697877902252,160.09872533778696,0.7471335224328933,0
22.158684947441678,233.11120210630963,1.146871183750898,0
23.121774600689356,156.8639914388649,2.2070527195957275,0
22.58723142321262,228.5664137016453,3.288714976092043,0
22.76038104991386,192.18262008864494,2.2845876263480642,0
17.811851521435532,163.77689915419995,3.317823547668982,0
21.62038889469234,221.04630476544298,1.7494871546534838,0
19.13712783176689,240.95416804132753,2.6459136288853107,0
16.593554749327343,150.98149320958456,1.9328839552727146,0
16.563099346974496,174.79084485972245,1.318201216878931,0
21.117222848974396,196.89570782779126,1.5497400691436676,0
17.74093199728712,201.34385773408638,1.6620033319803076,0
17.476332988321104,244.70632565438865,1.8511642965240593,0
21.615365790684354,210.0054155382877,1.1403299473947508,0
15.158844337156378,227.79516809109384,1.9204601495589415,0
17.136151797026294,164.13459118367726,1.5995641449735372,0
19.88446517093985,170.70502341203607,1.4692316378287227,0
15.466343033917102,190.67388954412826,2.7893597732509505,0
15.722113091207849,173.54620870972985,1.6149199688434925,0
22.22823426802164,238.20502625581318,2.614608512941617,0
18.31339866958379,211.87047078819538,2.8461599954728376,0
20.45465926587861,162.29979054009567,1.2016438431232233,0
23.914935876575484,203.65999534505005,2.050648322937989,0
16.045007623349157,213.16266980470056,2.4470337066907617,0
18.268304446143087,213.93308989722576,1.9593675435753188,0
24.43784453435399,195.51911646812988,3.0068531229220232,0
17.14456192522312,185.77580196774383,0.543493977800252,0
19.57662029576925,234.24352864416795,3.475690202691018,0
17.739330713858557,227.6823811260902,3.1620006547527018,0
16.017108268758253,241.0731874676888,2.2804727325545953,0
18.9566489268922,156.27316336397246,1.3115115419175298,0
18.051436480490203,206.32623168522346,3.262051326487364,0
23.37553798869707,151.26414832156436,3.1212747742590117,0
20.763750992544843,196.9493996040472,2.7471671644090803,0
15.84540583543809,152.7204084145681,1.2737997272055988,0
24.86510580030395,203.33319300699551,0.7253691712132571,0
22.918899573556807,177.3044725415613,0.7922586317567202,0
17.957600099978325,221.4289421937515,1.6295488211113098,0
21.3986709222868,220.75211274971497,0.8341427541601284,0
17.40133040847774,158.14989488912846,2.7687455354616874,0
24.25400328513124,169.58919507389407,2.9143380405462422,0
21.963221198772146,247.43412258080315,1.2921057540570602,0
17.831256365258703,171.44020900840707,0.688209382463564,0
22.189252259632504,244.2783671559807,2.6788627929030944,0
21.552479265778583,167.5875226314729,0.5019544371528333,0
15.503482451608637,234.07975881566998,3.262165542252433,0
16.489707412593294,192.8122947193408,2.2812479440688396,0
19.837148087902115,227.68132027388395,1.4629356432256606,0
23.937881298995016,220.3657518086768,2.073540743380612,0
18.739297597121617,150.7291595759281,0.7796775291654464,0
20.16261803134872,236.89893960999208,1.2907076981494998,0
19.37755034302746,248.81615229670797,1.2672373709451956,0
18.557228892845693,229.9193463277498,1.3551879251678898,0
15.259942107581972,238.25343831711615,1.670303902636084,0
21.269095992259558,157.85385991937977,3.375457997920483,0
16.3196350091567,204.57222457331918,2.049856135039764,0
20.53510634592145,194.43943438826534,2.7861518733374444,0
18.270004812417387,193.95139786625242,3.0810957666374086,0
22.390646509338048,236.95624735791063,2.0659769439714646,0
18.37112952468354,211.36996196816608,0.8873986764789156,0
22.19702764941311,187.82997870354757,1.7300886975658358,0
16.617578104726736,200.95961748576022,0.6883945463814342,0
23.813479185991227,183.2897934161166,3.4855609475068126,0
15.61798767417789,195.65610307120363,3.023878683809426,0
21.697281213321837,188.84355615802968,3.2853173073946964,0
17.89249873205112,210.44420417859288,2.0731558545567177,0
23.819920164886266,167.6048704765953,3.010209166651771,0
22.527201848335388,248.70740244084539,1.5808160664332376,0
15.502345371471215,155.54022283370776,2.1593083744795623,0
18.284947545701304,234.3798148761637,0.5145354718986291,0
17.095823660818716,150.42712085103392,2.813596333477876,0
18.278652817290798,173.20718756550264,1.9172562413482694,0
24.96223678479216,160.1802063712954,0.6284964505082163,0
22.882708235444884,194.82373740556835,2.9947465145189205,0
22.52458635248584,161.0547091459112,1.4475446138338242,0
24.809652363300867,215.51483038313802,3.1503381921903246,0
22.227844751380292,162.2367615201204,2.3949993250606454,0
17.72952504237189,195.94417153124945,3.120301797991206,0
15.010690402661947,193.9527372028049,0.9664367502567497,0
22.681730571280696,224.4888487515829,2.2300067984882572,0
23.297957945809728,219.18952996240586,0.8029731781440127,0
18.213773212814186,223.8316196208197,2.2849009578152217,0
19.38369184648905,153.863404333039,3.3168495631028687,0
19.831571498115313,155.57326916678008,1.5876085592663565,0
22.729287354072973,162.08838651646226,2.127819362497258,0
17.58955817471092,232.56258601240543,1.494108724504817,0
20.70439415261415,224.57828090213798,0.5408135987544657,0
21.14904068018709,222.0844142568291,2.2873426479553975,0
16.76524776059707,186.38088192000345,1.2078900181282368,0
21.101843656952234,226.13359305094994,0.7450226015994766,0
22.575588243737158,202.89365354239183,1.8794260227453572,0
16.317172261808395,245.06912741048092,3.2027957684421775,0
18.459012403201665,241.20654988646874,1.7655902801671903,0
15.052775034691006,154.49159847104457,2.5687193333734566,0
17.494400930426337,235.08652649065618,1.1198968469605468,0
15.219707616604584,217.657173535908,0.6994699646041606,0
22.530085581082073,193.63024879752106,0.9899458154688567,0
18.585850177247877,244.4238348241707,1.4949747201641657,0
21.272837032053395,171.55664566926106,2.081467665870916,0
18.943019350586656,173.89869228224416,3.4344811418850103,0
15.642453409946047,184.91916932469735,1.4397595040277695,0
20.14160460421909,214.50506954685352,2.81679808348912,0
20.614356919038077,215.82120198372598,2.1508949374901145,0
24.048696738609927,178.10641738833755,3.226564562519087,0
22.865568446328183,215.18583935417624,1.9509285411282995,0
17.524719301778017,190.9409001986099,2.8941054838077456,0
20.801402271114156,176.59260700973783,0.7261683187801559,0
22.322944611604676,205.4532618755251,2.631373016401853,0
21.151644384816276,179.62467101445984,2.571086920678887,0
24.24653314157701,178.42702398369494,2.541318837271326,0
16.59306385725079,234.4389898951638,1.5829278263826292,0
15.861804509216899,235.61774572597187,2.2820207528058463,0
19.382678244297598,201.3202234179965,1.6381635313779916,0
22.379805779718154,232.99725519500836,1.922203349346039,0
15.217813657287374,186.29148950874279,3.048413968893298,0
24.791577303450676,204.13225823316424,1.489846465000459,0
21.385649161576694,166.58962553061212,3.329264287087854,0
20.624098397130297,157.83492333679544,3.321964779298023,0
15.654306606804566,176.6607017046456,3.426203327949689,0
22.06596416809745,246.68914515402236,1.6695740453253736,0
15.642164376683999,196.5787013474862,0.845267429474401,0
22.124017055938427,151.78392790161053,2.2550556713847456,0
19.3768772393222,240.17428985246855,0.8949460601169277,0
15.802665106377445,198.3791900130908,2.6082782582180064,0
15.871764830229292,248.09689674000273,3.054096021449299,0
23.385423394634667,172.8506983560831,3.1431045922030822,0
19.66292068840509,180.8257000743774,3.398410834331305,0
22.53349206251529,160.77191156315055,0.5090786483289867,0
21.13064711027638,164.40835202857465,3.363795942980507,0
22.390529316542143,248.7284826071872,0.8200107946029213,0
19.900087748671673,209.91127474897073,0.571781112541717,0
16.789907732350965,180.7556183741765,2.5481885851663204,0
21.61937224214267,245.11401419609047,2.0478412140393543,0
20.11948910086722,208.78986180310517,2.131297059643479,0
23.973401496998925,173.96646549122298,1.755762211883898,0
21.654087068927307,212.86062926670593,3.2242227397765095,0
22.939182337852525,229.62033110246472,1.5695229665888035,0
18.386908324334055,190.95303154530527,1.7787469409631995,0
22.939069311509076,229.35562196013882,2.287382738461007,0
20.163434520424026,192.73950490678763,1.04344139526361,0
21.324984076136175,178.1820761592218,0.6475927172361677,0
19.76691216540847,176.18091026183214,1.299747432668282,0
16.457576667574088,175.5977763490032,1.1143877568409644,0
21.563053273121675,164.6793537410531,3.232823017076318,0
20.437967626414242,187.60422860094508,1.3743184771509758,0
22.921420460157023,193.12070413367553,3.325021006849808,0
16.855460806811514,187.64877688236123,3.2849783838431903,0
21.240993618903513,187.30328999561343,0.9852246160539594,0
21.77938248331975,154.2033262347312,2.4922499213395723,0
17.470689060184892,208.65907379650133,1.3052844361453828,0
24.2022148611084,235.48796341453595,0.7640142419237479,0
18.933864825385356,229.9600703681136,2.7405870150520926,0
18.434133970455132,227.01956208040005,1.3391593973035225,0
23.24904300490539,200.43459005524213,1.7720555106680067,0
18.51708432021841,205.51455603551116,2.9833869225640726,0
23.186625455966144,215.17133308586864,2.3470875282468247,0
23.13142210098576,236.6046189974839,1.0011309119430594,0
20.742646602219956,211.59859319863742,3.0464541686305173,0
24.971521041202358,167.4877008461168,1.5194726843510695,0
18.865804470930634,153.46624441997622,0.8157623542758542,0
15.848312865618187,226.38092894973263,2.2282976772508016,0
22.04162890201416,168.25841290315233,2.937982180486779,0
21.91344272151317,175.27132395329707,1.4487108709595424,0
22.915680619514184,243.53049421114574,2.722335758813473,0
18.02846488959404,204.0341783200338,1.351300171471221,0
24.530255364687967,228.83347934361908,3.292476617986468,0
18.618846983661857,188.8280386751728,1.4408321360032594,0
16.752808005874346,222.2193470278084,0.8822752078026358,0
16.554319296050416,208.20325436793317,0.7699394881417347,0
17.04557391561559,198.5747872937957,1.8882712322091801,0
18.36181868521987,198.21796072782544,1.337584930007344,0
17.886901121637443,180.3927644885579,2.368569975418068,0
18.918514523543422,177.8273539801326,1.4615206233339415,0
21.29426266280282,157.91526390821485,2.0132277568241266,0
21.735605221902034,239.42705687626676,2.4471669719942697,0
15.571319817426133,197.68496313143024,2.575574473793309,0
22.98782298998946,159.92008686774844,2.3210292391080776,0
15.918437525738568,189.18919169348703,2.9270600396515483,0
17.657506729445796,211.09081280904854,2.2229726584949616,0
16.663468034371128,206.14126225468726,3.148925787198028,0
16.015826059137336,177.81255313928932,1.2891442333197993,0
18.909342975961625,167.1297510229258,1.1782070501284791,0
17.09730891408639,244.84870974567502,0.8436764944091987,0
22.105806739166695,226.71131812185877,1.8908186470515291,0
18.60814091019535,232.05832746184223,1.2030211372795272,0
23.81161734672007,221.22085247359723,1.2165126456365547,0
15.716955068792839,218.64591892641758,0.7974165123134491,0
21.816307075255573,220.92263644398764,1.3660417086655063,0
20.21797758258012,241.96893155178205,0.8939502659322561,0
15.56531069849685,157.01851117568538,0.8282408179278632,0
20.06349370788323,198.07890398056648,1.60021120907679,0
18.554985216761196,201.2026065445501,2.380267541188947,0
23.449243102593627,215.57913109167703,2.6760313177392137,0
19.01088172308766,212.8794063436107,2.6156853382023235,0
19.871784547643536,206.73913903875695,2.913682260697336,0
20.983107376354724,232.71696486366983,2.9428928114677735,0
15.950546192342495,227.2743002472144,1.7897421681836638,0
15.769836151599847,192.29105364735878,1.9842057059146865,0
20.408434375208454,164.68518670852663,1.7781033173916965,0
22.91299640060806,198.0895842897426,1.8849646844147907,0
22.41038793103856,179.14564479516267,1.9629032962993695,0
20.565443033942135,175.5006599785292,2.35645956902854,0
20.953396189051748,160.89827626460928,2.4549566085949444,0
22.863130858125047,191.2689900418497,2.249886378513044,0
24.10130306504919,177.66813301051397,1.9978419116060726,0
15.475624446380209,183.11427938196744,2.8611433421399814,0
16.00854464905146,194.81497568137593,1.7308405287276138,0
24.2368887358818,193.384751540729,3.1473860794736024,0
24.465500828889276,222.83726782611268,0.8327590541777475,0
22.24015682006744,191.4847816099347,0.8437378454149024,0
20.831296656231807,204.6108982840295,3.3674594096462203,0
22.592927802536042,150.55279006792202,2.686110300891783,0
19.13435899932969,185.7521396606017,1.9218267115857093,0
15.993397085254564,207.64339979880626,2.9821890512899265,0
18.592503989890425,239.93679750997117,2.4777465153384757,0
24.492036852499837,235.68072601888372,3.3112553175620842,0
18.169531643292473,236.46631177177966,2.1053138161717166,0
22.952265547171493,166.84017909796773,1.1207180666325582,0
20.758042749516047,211.8255667536852,1.9532158097552164,0
24.058823297144954,223.36726721077963,1.0243336608316844,0
24.827852989907214,247.43823489465728,3.295172165859719,0
15.277475437656921,184.62214312627486,1.3030652814753032,0
15.088650019789114,240.84337122374274,1.6198081231725099,0
20.170414142681306,202.3713368646848,2.590664971049401,0
19.990869849564675,169.8811899088974,2.3748455777841895,0
21.171336154687992,231.265659755539,2.9103869011028856,0
23.270824334636536,192.72733159481928,1.0181102329655678,0
23.412398122755725,179.85952842626534,3.2987842323534426,0
22.874348569404383,223.23763074369532,1.833653569880469,0
19.742226211234506,240.7230389235336,1.4329097870353804,0
21.02786811206642,236.22581911115435,3.0023660032607653,0
24.315583826795383,178.47802475461862,0.6017921600220146,0
24.14812273931163,198.8244170126168,2.9620666828102724,0
18.661802697851286,206.38588335360106,0.787165115222127,0
18.12205395748423,215.4803254877088,1.182130910498086,0
18.084751724751996,161.11733565715096,1.8609690525869942,0
18.60774414543596,168.07606703408203,2.577626916904322,0
24.002746006659045,173.05652691129796,1.9999536155176054,0
17.521521910125244,197.52105192638956,3.4729787485185533,0
16.979698419750402,222.8262669631636,0.8231379037778415,0
20.981988285115854,178.111743627116,1.7351032039508936,0
23.680828003114286,177.0020961505627,1.6047778184764743,0
16.00079416121921,178.18316740529912,0.7937176027079859,0
24.240932301247184,205.46043893956863,0.6672353814336821,0
17.531469153372406,205.82969803759153,0.6617463762315962,0
20.581390311234816,232.66787020854272,2.0061523156704797,0
22.243407528832172,207.90404418000293,2.5517128867188985,0
15.727349387765539,192.36123741161708,2.531099555131048,0
22.497226412664862,216.59125493668762,3.4319127036999615,0
23.400807766462115,188.45055224453614,1.922941310752129,0
16.582605193566668,176.9624896648528,3.4769198691456342,0
24.90792178572009,238.21371693298585,2.6345794169896655,0
17.032136933303732,233.35748019415348,1.5094925619646191,0
23.69137388686176,246.50775107143986,2.7897205232158866,0
24.37975805745168,175.75297367079273,2.539113717579264,0
19.77039977626807,196.1393689679397,0.5128033577275596,0
17.74237812201978,230.17495246183694,1.1127003784821454,0
22.109136809754002,228.49290588140724,1.7936184181966977,0
20.771583856339603,179.49349979081748,2.5272909326054895,0
20.902830892838423,199.03532098295233,1.4750339075594052,0
17.61354517966559,225.9305019599185,0.7179554907653867,0
17.70380648433276,228.05878190595973,0.9280507050855907,0
16.487702151164612,236.49114247056264,3.3576185951088253,0
18.97960660101048,178.76851148050937,2.6254709373012064,0
23.851565742011765,229.2050123653303,1.118987709063676,0
17.183731892106746,226.23431962413608,1.2354203322773034,0
23.671764415025965,205.30384538261427,0.7527650880352137,0
23.475534395872316,231.1864707660297,2.2080799869889534,0
15.247693702201763,212.90440432997943,1.524684393345281,0
16.610824908557603,227.33775931379955,1.373957383993967,0
15.454226954748489,226.39445744616813,0.7259633935582865,0
16.618290410232554,190.7798486386049,3.3889729288141988,0
21.953721678432576,188.1518109111226,1.4731306945274056,0
15.732017709019289,167.0427249263299,0.6486643464067069,0
15.769111806818342,219.1257210512885,0.7466143171116824,0
20.148159367165235,188.4486286976765,3.354223589133217,0
17.586493382034522,228.62712238812833,2.9316747804114742,0
24.96962131021617,220.4411311679449,2.841942497167306,0
22.944239712457804,241.71274681692944,3.493751123455904,0
21.739554757079944,185.1795050627542,1.7811270628304374,0
15.948928573067448,218.6639364423487,1.9563459336054176,0
16.263571274683827,247.90782097446976,2.965031663102435,0
17.11768514329821,233.7662952526139,1.8785655502462695,0
21.98164772563774,248.97937237530473,2.5213481270546705,0
23.04325746295503,242.90041930541116,3.2189598874495546,0
19.145340470629996,157.38210976623145,3.4479447137989947,0
24.28009470666231,172.9834604116837,0.8262708059258093,0
15.987330089282665,178.3957603459197,3.3337992081744816,0
22.913940184687284,231.61815020164687,2.1457523380028207,0
23.905763163275914,197.53597867064255,2.8991204024168944,0
19.09849484441642,173.7070051793427,1.5348568787596797,0
18.1207355379412,208.68489482915945,2.0645346799597357,0
16.115405450768222,187.7266371368697,0.9756110101072185,0
20.295255073257305,186.86080507899192,0.6322834263339902,0
24.509782475414035,173.42059549975758,2.4733263584004486,0
15.178992725977821,244.4310146317588,1.8761764027120726,0
23.158080930364548,249.97851721358967,3.483166096213766,0
18.82394464245573,181.20901061340214,2.783310949994842,0
16.90206344961976,202.04277644884144,0.6633664200332897,0
15.86059263370091,226.99575858670755,3.062979294362675,0
19.807881948092223,232.7439255980079,3.0984912637507778,0
17.403465321776373,158.2815660434175,2.3061997723786236,0
19.399614450454813,208.70359651315442,1.1541753261489056,0
21.46638525668213,219.41758201253614,2.696115763918435,0
22.771444565037857,156.66296203441627,2.1991179545542328,0
21.975393592083655,210.81972367377273,2.5652677448053627,0
15.396855897134849,198.89422562946538,0.8750280274652557,0
18.1160655527221,225.34142702916006,1.243633287974418,0
15.710305781455148,198.67901822516112,2.020189696538541,0
15.41407176191506,227.83941665854542,0.5696043114886931,0
17.978954619566153,249.2957544044866,2.2352118301401784,0
24.09362946595453,199.34137649914825,1.3334175782868316,0
15.729322238747047,235.3407742001377,0.6305188005054804,0
23.327763817596697,230.92606011119835,3.0026685829003954,0
18.051591106258492,244.45529737499282,2.4178466570746324,0
22.046066944302346,171.22455608896655,2.936041491236365,0
22.076898013741697,215.04137143545904,2.8546362212691867,0
15.83852083091338,178.00091812959866,1.0690156018756278,0
24.414715556337136,178.8031027978045,2.4749479728628163,0
24.6571420323261,230.45962337717395,0.9441637913194808,0
23.619742750551435,241.85515388106592,1.624636195585672,0
22.852801888302515,237.6973997148691,1.480223720126003,0
21.45297663052901,219.39606822573234,0.9800617341958844,0
24.238237995022068,210.66583334569967,2.815319291493484,0
24.520619752640016,232.43808990197292,1.589743584161938,0
18.96836908197645,174.37737899352413,0.9120024717204965,0
16.696438189925786,180.67639312391154,1.8480277215856518,0
20.479654379446803,187.983750972179,2.0649154360074675,0
19.518887052737455,221.89398271762764,1.643911421523534,0
21.644868935418124,195.53270895382056,0.6787035669543442,0
22.287645584177735,215.3334844420587,2.0673032718214186,0
23.530465098014368,213.3855726091787,0.5228713842374533,0
18.77467984769322,220.53775403559277,2.8678764234411624,0
21.58948421422312,183.31123137347663,0.6400622765158465,0
17.945012703673722,198.7279160834119,1.5377428440867695,0
18.470099187225998,193.99952797559064,1.1331894467003667,0
24.522782518875808,176.7452835963333,2.244637858699501,0
24.109309037894896,237.2332923221884,2.8336332336988534,0
20.707630622138232,178.69710635359982,1.724338156328991,0
15.689530869446884,220.43372726622982,1.4195404191971133,0
19.90684767413541,199.41820040230078,3.0955160645353645,0
20.91117062668481,180.40505997598746,1.4166263595678614,0
23.826106865414552,189.52757047214214,1.049778786322646,0
19.247801202824647,208.21624630604475,3.035533059121351,0
19.25492628177529,181.55033820964871,0.8167849656779405,0
21.99929408924383,223.089847705311,1.885756389674493,0
18.226269620710617,193.48032139995493,1.945003275548113,0
15.3066139581769,208.78599055114952,3.4180488393165778,0
23.773825579995084,226.1964087788694,1.356757612834465,0
18.343809868799088,193.58331528406714,3.1284395255057844,0
20.542848290251886,224.0312149450993,1.5896099124217922,0
23.06991287845375,192.1065203314613,2.13746677655834,0
22.667360581183097,175.17513639787506,3.0500806530212414,0
20.890733625635747,205.91138885142783,1.7024299707827035,0
22.79334723095638,204.13286961595838,2.1214438183570996,0
19.578140426419605,209.66736111938673,2.796957872298312,0
24.577625991178586,181.13646296867017,3.004069599541394,0
19.11714601059428,225.97432719176794,3.0259462142693936,0
20.146257947155053,235.73253813624757,2.131268302795153,0
23.904130734159427,200.53375919665956,1.2027319430575445,0
19.259066404906502,204.30551533126803,3.1428541578594835,0
24.962820203349423,174.5345189123592,1.391449671856409,0
15.043101763212622,175.94632190343268,2.802232466991052,0
23.86045082919582,241.06318674537494,3.218050251690509,0
15.168230519248855,241.55099531902474,0.7968252524369182,0
24.518455574499455,198.5648128875106,3.094555429042883,0
22.35052152346474,204.72103515404018,1.1993284868847445,0
18.16393462058815,204.68499840420353,2.6993211134932404,0
17.568543850237155,213.83502968417025,2.834748092461205,0
21.570628698495664,233.11380527867772,3.4065531354444882,0
15.003269450447364,242.9129751871434,2.0821716834451873,0
17.46781486277881,205.47261861111173,3.0505133579207495,0
18.088349206238146,238.4111651604075,1.4238718573368436,0
20.430552123376177,158.3386282550623,2.642538622149102,0
23.280788221323217,232.5246361773486,0.6705149598784659,0
22.67506842446711,222.80325071649509,1.0614067443010073,0
15.924074917446445,215.72320373141636,1.8473300881809172,0
22.294348284180806,174.08901524835463,1.9789120434983303,0
19.97525955627452,156.76511214531527,0.6031384988692775,0
19.413372346918553,211.92975569893963,3.075467757433966,0
18.404778864254226,151.62536416556196,0.9102143452271733,0
21.950368631854985,186.74386108467058,1.2773256895135428,0
16.826214674804852,161.81292674235723,3.3184763335399046,0
17.134195165996033,220.6686076752572,3.3930047477733587,0
17.243332824231363,244.62343691742979,2.1954156889472594,0
18.5255690217898,239.34998581120576,1.2716310032217644,0
19.97981071422199,244.6673755497414,1.996943776390966,0
19.754455364141997,183.14207706592248,1.7542133056014428,0
23.469825689014286,212.9087544079576,0.8684581103058739,0
17.392308282435483,153.70893498440137,0.8869492699121592,0
19.460505021307544,180.08774321118602,1.3181158688322965,0
16.200527844657508,181.9530642535013,2.770728335380079,0
19.968866505092976,152.7843713216819,2.831414302085613,0
15.228064059717246,207.9860812250575,1.5396590333792837,0
19.315629645595763,213.82252632732207,3.3895003682664724,0
22.08699296505176,193.2354858967139,2.475869874713972,0
15.641931502768927,198.06442142096333,2.1308074534485777,0
19.364058309626273,174.8013836180225,1.971447512672429,0
17.980890412422493,211.919409281723,2.34541265190705,0
18.862945509851595,209.9343483016759,2.284730591898372,0
22.937175504826364,152.7840892260578,1.163744023962352,0
17.523483805170564,224.41942994117693,2.2690875801697517,0
17.41959708072357,214.09791417634506,1.108165714847254,0
20.512334664572048,230.47802561178867,2.449089804224423,0
23.02523356763124,183.1304257721858,2.235988995476217,0
24.11380790704779,159.2977789506362,0.7147394604558329,0
23.326256309703048,198.44148271555753,2.0730282888718814,0
21.612726311222005,236.37902146808068,2.7063595542003016,0
19.150399224686286,168.0805868710593,3.05451771368373,0
22.70739771682498,247.49317100784492,2.1906734726647077,0
16.18063134553187,165.3235503069164,1.6141952126496084,0
15.794553538797977,239.52684294418628,0.952752498525052,0
24.03450753810661,213.19526651503043,0.5506395971011114,0
21.526194571076317,188.49320795650502,1.5836591100097244,0
17.98116089768233,159.99115272478127,0.8578685177373641,0
20.155081061619917,161.72849477340586,1.6250150594217119,0
17.628733348087966,209.46755087640696,1.5132879354587665,0
15.653128778894345,175.98053741978777,1.4397878221298464,0
17.759576822129873,185.99355516676826,1.4277102852159813,0
19.938859902201536,180.97437599693635,3.070197831298104,0
15.98976899277554,241.20621783047773,2.2262764135069633,0
24.112048346066096,242.72376724495234,2.7791781861011087,0
18.293887188061472,168.86376183237874,3.146032107342715,0
21.294060970873172,231.89550048693198,2.6714692854722886,0
17.00752384762469,202.82378225491252,3.1860622575848456,0
24.325335187783384,194.95693886041138,0.6310183491312017,0
16.967821863887412,218.98415103842174,1.4037256681252233,0
17.307143401285476,218.7338569088539,1.2045540612194512,0
18.19165263594672,210.11177420314044,0.9063248412528536,0
19.32877804050674,177.44116286721143,1.1274363092707032,0
18.238181946208833,232.68843868905054,2.180334267649176,0
20.7644179210945,177.41278230876398,2.514807884346753,0
23.408947870116158,196.19884128221315,3.029551832775846,0
20.14594138113796,168.8107917173328,3.1175067702224357,0
23.988814082375722,244.1218900594505,2.1092955272831704,0
21.29444711070558,212.5666756041629,2.8379445707256803,0
21.036082986778137,246.3347233454068,1.338214423280804,0
19.65730252757352,223.104029733981,3.0101643477508566,0
16.218570251714826,242.1158341750046,0.8823399983086034,0
24.560239115805793,186.4373025385519,1.494201097805564,0
22.779050842708628,244.29915544805857,2.5593198449505974,0
15.538980375082001,220.05924891615416,2.7586556221250143,0
23.62604320449876,239.79890785663997,3.3466741965265445,0
23.096573926066633,191.78988577236856,1.219036014580719,0
19.592426791548824,204.39972736438824,0.717720305293889,0
15.413976600123222,220.11945958109234,0.8995261893034818,0
23.480572919187576,249.28893859138333,2.5257400564958536,0
22.974680062075322,223.07687039337117,3.2885478675738207,0
20.032122555463033,238.69731945503423,3.117858642233041,0
22.711940751099704,189.32740011601481,1.947178074524013,0
21.24260731055394,172.2348969429142,2.540672817799629,0
18.412306372267963,177.27630498651587,3.3458792638007417,0
20.064161436609194,151.63431268852736,2.63791148619252,0
23.76390819075767,180.6799013297795,2.304565391293231,0
18.29928812269753,186.91901735259074,1.180428700682857,0
15.455445283778237,196.32068571628952,2.681570407057239,0
24.655409724056295,171.87779601820472,3.401547977868944,0
21.16674983200412,158.16526757922497,0.8645304900985791,0
17.188755703698178,219.88463293963378,2.022203924715819,0
22.003189186415444,214.75126215112505,2.406860417456841,0
17.727694803643793,217.93994395632157,2.534538684009651,0
23.68638253769995,200.07089522750476,2.373008693500484,0
20.670081039718696,234.0002098448922,1.5135841936076067,0
16.53110089853454,223.17949114547577,3.0041922843619666,0
24.85755768794819,183.71318769498478,1.6029313239438143,0
22.978186502611052,186.47075362667243,0.6855361646308032,0
23.3372293284846,151.46433146586594,0.5043881166094359,0
15.511002592004967,235.8218784302725,1.1040072102381076,0
16.253256225489828,161.80417527486492,0.7371199541156743,0
15.047685916448255,206.11240007366047,2.4204803387747926,0
24.076455510893396,181.48585646943556,1.3520844272595371,0
21.920019272456425,152.53949090233402,1.8309105329462203,0
17.048599221495834,189.0289869117705,2.6261683525938695,0
15.699034031299156,174.8460039152777,2.7648251876532313,0
20.033939536743766,232.1488793826946,2.185780062604529,0
24.948287028491883,222.9481387820686,2.3808050073628606,0
16.695801294023607,235.26231992480507,0.7335065982237127,0
20.83764947822679,174.4766558038654,2.3645229610651857,0
23.77322436897471,180.80464436444288,2.1199518467064573,0
21.494238310079155,152.7467010838881,3.321985354061753,0
18.73681265599528,201.9655464452922,1.6928384337454627,0
19.368648719126547,234.7995225246971,1.8334443754738747,0
22.145826033289573,233.98762615219766,1.5244262476368413,0
18.399347476449822,152.75662919269718,1.1579401523457478,0
23.643451174286444,192.04569172731595,0.7952290231517847,0
21.20438223474736,197.52835398888334,2.9120324534965016,0
18.791313110519113,225.24996773281197,1.4262707923094826,0
15.093424882278583,245.734031030509,2.6047028474789315,0
16.34810482421887,220.31018424674693,3.337027654014336,0
21.154498582238393,196.53522869019355,1.5442950848227266,0
24.012417712977214,159.82387431411496,0.9996229529473037,0
18.68360740458689,183.9949894119443,2.6727616778986625,0
24.558645098173056,168.2941856744834,2.5217506445123026,0
24.854863584451955,245.03575002457615,2.3593866636050222,0
24.65454343972599,246.44039664103667,3.1216707884780943,0
16.81784019916389,212.75202909798912,2.015626066944218,0
17.079156798544567,231.909615171153,0.9584805193157298,0
18.292068366741038,188.88812441104878,3.0094518683149953,0
22.670014113321898,172.6527815631167,3.144368558903061,0
19.91335661672295,153.15761298334056,2.3795932115694,0
24.479314909457038,182.5616776335733,0.5245033528088865,0
20.97266053480275,245.99598291037324,1.9720785349344698,0
17.63455078760236,178.01101219471025,1.7116942601357588,0
18.20245955404802,186.35827016619595,1.6810183064006106,0
17.432673694888184,217.40083243614345,3.1057723407451454,0
18.571675014984606,164.36291798590182,1.3118856366853557,0
17.072480884095597,203.95180139299427,3.2131197301435677,0
24.089338070019707,224.91346806264784,2.6786055293821596,0
23.445286195136703,177.9311696507611,2.418705859950955,0
17.566497947594918,199.96957545957946,1.470983190719762,0
24.157718819164025,231.63288285978993,2.1483260711977286,0
18.852026350092785,190.9904830773929,2.14977356729115,0
17.32664009285013,232.00012666217708,1.2052016648700699,0
24.69511304666314,174.14215326237277,2.29712741935787,0
18.778255617612274,239.53293110547182,2.4264100330024965,0
19.962115788795977,188.31944939849683,2.378396919058225,0
19.766104203794157,173.76036437561558,0.7790789083365198,0
22.133764425400315,249.583058832907,1.5888448063128364,0
18.86944085601077,150.39228875780793,2.7953080163795523,0
24.008228393309487,179.1834582510287,2.0309456595111204,0
17.989238014076644,185.29086723771965,1.1003117150568538,0
17.593671855034312,191.12889340558866,2.851652657497384,0
21.962732080777926,182.1535343994688,1.2743406325833315,0
20.380516331960955,170.56176478520828,2.5036924053049567,0
21.305804540633726,206.9411350171291,1.6656912137479951,0
19.681524057421637,180.2668851146318,1.7301440256040799,0
22.123356881016704,167.4567258240783,1.6151333553881715,0
16.076143573262822,197.7440825925333,0.8016787977826023,0
21.342963312599274,240.6162432032731,1.8093802746140704,0
20.830031656363396,203.1654664358295,3.0419553502897654,0
16.26288157676283,199.0074194718692,2.2518083421828603,0
16.75323126424443,211.6814207916274,2.936186561540502,0
15.2160895703246,242.52540186142562,2.311005114707219,0
17.910469463690205,239.13462312673266,1.116094261954496,0
16.143139888621832,239.6859127995649,2.6982987099350044,0
24.198126296111834,216.0533106639896,2.1008226491016773,0
22.475830485371013,234.98806744778335,2.9790439716899724,0
16.06257396487408,151.0186753947221,1.2440895627857382,0
19.291597955125553,191.16190923295386,3.027222335012936,0
21.589739959241506,212.43525202436322,0.7814450566690674,0
20.534627710118865,224.82974711447656,3.1847821693158114,0
15.228799627679741,153.27397677870619,1.084445591915674,0
18.789987729977156,214.05840879061148,1.152184167963359,0
22.836847571171173,151.04215833411138,2.5190783114620574,0
19.48435051647059,213.9566271854616,3.237208758255651,0
20.242156417651284,247.84591676615145,1.7056162394886456,0
19.602216395002056,161.24591030686804,1.0942721507109434,0
19.98347636902721,215.6728686469465,2.496769942301853,0
16.41764939206983,245.803138615437,2.7139889535579518,0
18.792664835241908,235.9455168965747,2.654156127857113,0
16.94441646624901,245.68976688010446,2.5955787234223004,0
20.186141783152706,188.8794336577697,2.7035567727644247,0
23.731891464723248,183.6532714870522,0.8524249295958891,0
16.672583084773954,233.62949692913338,3.430714097949452,0
21.318718040692154,157.2395180641398,2.849877635438664,0
22.995978581390826,197.1999731374587,2.019247480025313,0
24.67041331127312,151.63934432168634,0.5244424011449111,0
17.95686708093229,218.01921961949876,2.8424249408457847,0
24.354280314446257,161.80208150974127,1.186767534125119,0
21.266607739140234,233.51941809070036,1.2378368271925728,0
20.010830662152514,177.8954067440198,0.7820015030751156,0
18.045504093092994,166.6931250412477,0.7142204555582483,0
16.986716722362576,211.14133984499233,0.6097081624275721,0
15.225356981465264,193.1214677319046,1.7249870165276664,0
16.10544247316031,222.30229824951925,2.073746982013424,0
19.675835063167227,180.8189681012782,1.3887001138351946,0
23.419054340681967,244.9903575336834,2.9712508843679277,0
21.523916908300784,205.37450081323726,1.151292048576328,0
18.13471224888317,204.7479118390858,1.253177741535193,0
17.476833325651434,227.83921470965686,2.7941104709874574,0
24.796269813808923,173.12698085410634,0.7584198831066074,0
23.842872560566075,187.1853962277797,1.5147082649767318,0
21.744181656988065,200.61332789557667,1.8053085623544467,0
24.35157984026213,185.63662591656222,1.9409205139594072,0
21.777380812390753,206.76975038780148,2.5269303152677556,0
15.317213806121147,166.32852267836344,1.018003342431058,0
22.50490592860351,230.75103511982525,1.1546270146183293,0
21.054389573483522,186.23460635523404,1.5372406411051236,0
19.81366858287032,245.3729303989785,1.6134021095180548,0
22.03982849197037,168.26373268286147,1.1236120675988093,0
21.313794087894458,204.0188026330142,3.0602122656447404,0
21.473840539256994,211.08864152807598,2.3631676710354044,0
16.17076931231483,169.54028873161752,0.6157088630348183,0
23.0943077571859,240.91004076292398,0.963510205102516,0
23.232193633262046,246.9101132155424,1.2084375826477585,0
15.489457910705413,234.46016147634583,2.479042921310279,0
17.10727986562391,215.83104205841047,0.734776340702027,0
15.748088845823832,197.28387995076213,0.6332884491760596,0
23.65776940732802,165.13273134422556,3.114819919331071,0
22.504060936010653,202.76223492941097,3.297630112002975,0
19.52533354697654,217.023711138096,2.892447235473977,0
23.63018558221079,197.60017710956885,3.027965407320082,0
15.67257864059952,238.86877964010324,1.8789728545443953,0
19.541471774182025,200.9699398777848,2.1693751621363044,0
15.072890258722465,190.83729883557976,3.288974375565091,0
15.967474269900109,238.96927626653448,3.322314169987782,0
24.536440652615177,184.94001887455786,2.1362482001425445,0
22.80822401119966,166.75310810758657,1.0868347569722507,0
21.001489554394997,191.99682690966105,2.1665196328602705,0
23.684270414580592,208.85026697081102,0.9178007482713945,0
15.590836723803587,213.83637609471748,0.7050993794955522,0
23.512327181344094,223.17248353501444,2.0049272794373474,0
22.525146634265194,175.77944704880264,0.8724155113158967,0
22.023662629055075,151.88821902764073,3.4777083007703586,0
19.629001602660622,215.7451078868096,0.8360689775749944,0
22.329995163441627,193.1633396179659,2.0817879736656435,0
15.266748843343835,177.98915469129616,0.625032416213184,0
15.59398940392703,168.76052587888998,2.2035955046389226,0
17.32569250187335,150.299391028441,0.5238449058912775,0
17.913232973298456,168.08203613654985,2.3231093495038726,0
17.90030380602356,220.57863198656324,2.7288261477912754,0
16.212126952401174,176.83389038926572,1.2202748314566085,0
18.31892632919459,165.3636600691953,2.018064804492125,0
24.85617195524702,195.4113569510293,2.261674681189125,0
20.26784504402483,210.18997401439054,0.8126681989971661,0
24.676419443505996,153.734687823017,1.0702397931597627,0
20.845952067776135,169.81079451037678,2.3905255778308234,0
17.01067785738872,221.25403672573827,1.8931527552257434,0
18.205593251541043,201.24226978628488,2.7871624936143014,0
19.341958501490755,218.24248665402297,3.4963148004862763,0
20.220268474146224,249.13465009886556,0.540033726634598,0
23.683099733546044,242.96912026410524,3.4817694188899955,0
16.671424414586667,165.88237442714933,3.3766552946259587,0
21.55747457920481,162.64257851306277,0.5476771707472052,0
24.934537636369722,234.82197344217104,3.3133861724778053,0
21.988889251948113,160.48238468860333,0.5340436611233743,0
18.00439090870736,249.9922195630316,0.6833069570479059,0
18.833853438710722,197.71462133517912,0.8201082098863308,0
23.893914534008907,228.55958377718133,1.4868039814566696,0
18.404123188441037,247.23249155030965,1.9843013503799256,0
22.4282877431621,245.49027630244314,2.060266265065317,0
16.29191330639396,222.47057038986867,0.836154227070374,0
19.936014483708817,166.91266941384688,1.8978440349038408,0
22.385545372049677,182.09503847131543,2.9718282480078955,0
17.48609283899118,221.9591893098281,2.791994545342586,0
23.162801458675247,216.54962564021474,2.1652250801925756,0
18.555264640050535,179.31166845606822,1.0222300483236335,0
23.903017158327355,204.06393607530399,3.0768465732211547,0
20.313305253667338,200.3090013990892,3.143783597638493,0
16.32194622020294,198.3376625164598,1.602488635257206,0
24.333092591716007,248.5886989650731,1.2762554835724669,0
18.122578467840093,210.20944340169177,2.8374118889763067,0
19.984751275030106,198.4974829554738,2.5760427206075165,0
17.77599765694909,157.06417528916472,2.545016557757676,0
22.8532519694163,157.56343352178945,2.428212298298658,0
21.690403726108958,210.02113898723366,0.578552039898701,0
15.627761203628522,222.1912481136589,3.328346807261851,0
23.335633230646152,204.35939224071393,1.4078941683789434,0
19.887687506460658,237.68479196079403,1.2117017887325936,0
24.892757289622615,199.3221827518046,1.639126133265656,0
21.355516423693587,194.57822672190073,2.3836137251903518,0
17.492548706847057,206.69120773391643,3.428462653870138,0
20.403846854606737,200.17852720983294,1.0307301666062747,0
21.59214208808976,185.06531525202408,0.6969176720153067,0
18.4302491811482,153.83683512494696,2.5643989688808135,0
22.794335102375324,223.55423227818554,2.8815867389052086,0
19.249239954444313,215.36970616669225,2.0477738067817013,0
23.002151566783375,211.73088652640018,0.6981353629131766,0
17.823195464076345,154.91561525104714,3.485456993299716,0
24.843329423194646,239.87542845037635,0.6688614205343989,0
17.779108040721923,164.40997064601078,1.1967486762734016,0
15.429007856005015,218.13085413349347,1.4969283457957023,0
22.039358654276473,158.9999015025032,1.0683465606116862,0
17.502011657374123,156.22336283698036,2.9971689564576165,0
16.48306029650555,203.07016287483188,1.0885959035773838,0
18.88416577973158,200.38344860005836,1.6181855320805396,0
23.623246288609,246.315528122266,1.477571483939439,0
18.956609657115113,249.56597970133828,3.4009553239283896,0
24.353370758644644,174.88539621847423,2.849619602900804,0
22.850080325747,243.05021448117458,1.3946187619872745,0
19.358739665736827,170.67680296311312,3.4129741502726274,0
15.887582496580622,227.963718563803,2.0892370813679655,0
18.608498541871,204.54816721235977,1.578680376162133,0
16.15918644503704,189.5383023908619,3.462196105390948,0
21.4534316259003,199.57828918334974,3.1588129519753223,0
15.103456224474117,232.8478799467577,1.6578509644416894,0
23.23193674532813,224.56988035958125,1.7832867068979894,0
18.094366314323796,216.41648974896958,0.5265985833790156,0
15.188268312625949,158.262514732982,0.7953217267862313,0
21.49866298419937,199.89005305544725,1.3696756226699542,0
22.080333181459793,242.60423511165504,1.6861053422166195,0
19.828198197139958,236.79299344965156,3.2985506422282675,0
17.415390339847285,211.60398349044138,2.820937887273563,0
24.791907658476504,153.6805277322524,2.1839617313531616,0
21.752313461041044,190.72077778523573,3.4432143907564106,0
18.775084388354813,194.6915582195384,0.6726891727270045,0
21.730338204849744,206.78808169799984,3.1665729062146672,0
19.62064842236688,206.61458768129557,0.7977652340683267,0
15.802201024421596,218.68825851136626,1.0997164931064658,0
21.92253503952534,246.38743807558163,2.8232438536353306,0
24.02646713891579,160.0145650184629,3.3407474274175604,0
21.945379925016407,219.55911312316064,3.044375498932336,0
20.81944978375425,227.6116051365008,1.555801767382547,0
21.7302306013198,185.8434133404289,0.9161812607692117,0
24.608149491299592,183.70351535075136,2.0653751873525374,0
20.742798172546543,150.49979289026072,2.043441650642075,0
20.578563284435937,234.63842094963167,1.7154728519266413,0
17.329276490336447,238.67619309617328,2.577592597225225,0
15.966771140603912,186.35916035382482,2.1603320952057055,0
22.632021383849608,248.12239797481863,2.8342868859428636,0
16.219160548075404,170.28003932326502,0.9010232089827095,0
22.9212482134658,215.4449123974565,1.9596303689636236,0
22.267882622799835,164.37300249040777,2.430383975964634,0
15.212865906245185,236.0363197563932,0.7254999903013769,0
15.026663589253161,163.46209235001854,1.1860905757121436,0
20.805982843434677,210.77126455967553,3.3095984284160904,0
19.860915300434982,189.78568700633414,2.5584309804830467,0
18.189686316113498,240.1378516241212,2.185977133527469,0
16.778584530077897,227.85753862404604,1.490420610176367,0
20.374093321081435,236.29363008211914,2.7777094845276005,0
22.601230787749188,172.4594187088377,0.6182125708127384,0
20.4709914431036,223.51108773173422,0.883912445830306,0
19.010198574811824,247.52201561165634,1.0703777762312392,0
17.54560309194859,191.3134853060015,0.6793363278774108,0
18.78433048347038,158.36829962547432,3.1817796672573477,0
19.00437224475917,196.9760351234423,2.6494165974767334,0
21.27983928360749,176.41502892562724,2.2333550836702627,0
22.07752765256929,247.15232545913392,2.448862618415649,0
24.646566148339573,240.16604107274594,2.896273089370399,0
21.162793826293736,249.76950891618918,2.980388350010748,0
22.050620393599328,217.9918383393064,0.6478949453757522,0
22.61272601846926,234.46014722054647,2.131498227565434,0
15.842441308613406,236.1496246542659,2.4670507623547095,0
23.85917417226628,236.7014447999165,3.364200712259456,0
24.502643477254402,193.59153999241929,2.6850775405896945,0
17.21885514452397,227.22453238731515,1.1054113817959639,0
20.859774571502093,210.80827561523128,2.287470998980875,0
15.710994038758333,238.9603027711397,0.9795326396426092,0
19.70268265381885,178.77184019083074,2.0011553149239028,0
23.32583288988879,177.12621588907507,2.773608960232586,0
22.26021514798093,247.25266182636125,1.1300722495964188,0
18.591449275738093,205.23397491699995,2.9399797959294482,0
17.28942719019729,235.11497204290214,1.3324723656958728,0
18.26929156650407,245.29286169162697,1.5760636560950085,0
18.07524187050579,185.77577718548667,2.640609220517401,0
19.844211561560627,239.29785151738218,1.0697913377150126,0
15.954244223965716,199.3346144688944,2.2340747640240646,0
22.212661205513605,150.30929672027167,1.2716535202781616,0
15.02594176773354,200.2281938504772,0.8749474582196318,0
18.231777111089563,176.38095831408359,1.137515008061535,0
19.96005812430843,182.46819723485356,1.9878902224733435,0
22.2934164729758,166.11074777819834,2.938568149908859,0
21.62260940046158,191.31912506778815,2.3801030456650105,0
20.91837333580124,179.1591982874418,0.7657637355379141,0
16.707358146267154,239.9119069495201,3.0176430802340124,0
21.041245604047713,208.3023582770229,1.0281427146310742,0
16.593833276614653,213.38425288567637,2.0637018695286367,0
23.651448019524302,225.15206231830558,2.193407843925981,0
19.285738621626752,177.82862547561635,2.120794683947347,0
16.535734735795078,229.84318905598587,1.8287201805297815,0
18.92092789068967,150.64111126430532,3.285991706899853,0
23.48032005105531,231.39558314135616,3.110847195999137,0
23.68929972099274,214.9967973735646,1.3888468848178228,0
24.22238727580404,192.9324314985007,1.9468944406062472,0
21.118109346827517,159.13701628187584,2.9725991650691057,0
24.57667508562555,194.82464922663274,1.187435458034329,0
16.956358528145586,241.58187000747037,0.5900225100674571,0
21.025230043828344,243.45310070583372,2.680214946947328,0
15.004775930104888,175.61129976845652,0.7685167197180175,0
18.77418559562413,234.52843130518738,2.4382646949622653,0
16.656344332360028,215.51416013874376,0.7159359789399602,0
22.085080498626862,185.6949748063115,2.394179006321684,0
19.61538814318333,170.7348544789526,1.050024702761788,0
21.840344368076476,212.71526249379866,2.250265630556144,0
16.64268783928083,186.04947828276076,2.3649705179088025,0
23.124306514246694,187.76837547258648,2.308383741570892,0
20.638636930589914,207.48064511255265,3.334126284693509,0
21.736424781055504,162.5322255955799,3.028479369711593,0
18.41742152673327,238.6447106930528,3.046471484509971,0
17.313781495534567,236.86460374667837,2.624376314381258,0
19.382175960138145,208.44669847113943,2.934176282441419,0
23.404105743954403,205.2518643389055,2.359489979679134,0
21.4906397013313,244.6363916045633,0.8004692628645377,0
18.332780855520973,168.97914479609534,2.8433400551311814,0
18.588982921569833,153.1489511058029,3.450652517146592,0
18.52062336740112,192.94164544665972,2.855396765928516,0
21.929637609284594,184.65620406993605,2.2926148854909747,0
16.0573840263556,156.1029459328622,1.0162003043348005,0
16.586321371760775,153.5764699084542,0.7267452116560313,0
18.691407118878413,220.46135975552275,3.2405499634607673,0
23.466100855605728,245.8031646416036,1.7129044004765162,0
18.713754070977636,170.54733902360832,0.6752116073171538,0
24.07928611061726,236.78282833749384,1.820919790097359,0
22.196414521495633,240.68790259017982,1.6074557695355,0
19.98781679378225,215.10530472110952,1.2489252038175165,0
24.70882681833323,210.70660670886218,0.8823345906896528,0
16.265468686553213,182.93488791363853,2.5879630286858273,0
15.673791403476717,242.58782336327485,2.987200505663359,0
18.554236294861028,249.69841133879203,1.04127738749956,0
19.9306839126157,209.37469062729937,1.5025608331494582,0
16.325523860090918,173.14972849594392,0.6872751345188529,0
23.29483351785886,236.1229733148473,1.473836287243881,0
19.5548881500343,188.95770719096427,2.221561284711614,0
21.223959564645654,209.54385733127964,2.0473379648229892,0
17.250612030060587,193.2495673023263,2.2337648393032064,0
23.769122867647603,160.2629620174208,2.3084713430014334,0
18.374705284759976,228.9612739818445,2.585046993725742,0
22.828844510528228,225.63644979764445,2.9301026697529626,0
20.420448432283102,249.53926098216107,1.3590355496723987,0
16.583122321851704,214.21339789996756,0.8491105712642159,0
15.67901708527788,241.74806059672144,1.547165640030313,0
15.822820077644078,175.30186170342947,1.9745127758541847,0
16.631854849624432,201.35064323133037,1.9525081637822486,0
21.856106290572214,199.1235883405512,1.8677840752837773,0
18.155092131995772,241.55235075812294,0.6917603227890654,0
18.067713633097075,211.23232168383592,2.304166861108676,0
16.97721819115829,188.06409444048015,2.507572846651975,0
15.706789522374173,219.0760809385601,2.460284031956122,0
24.34856547685864,241.48765742171446,1.089891979710012,0
16.1484809527395,205.82332153334534,0.6905798671321854,0
19.287017692494985,158.24126744616643,2.660566181263813,0
20.633795209928586,215.03195022448784,2.5692202125451384,0
20.836998864137787,196.2043102448232,2.423308867719523,0
20.619684027596158,186.34881719230964,3.0274685460164106,0
24.477530084271702,224.0046348667595,0.9467106682486479,0
20.43713795803184,233.09267861374585,1.2707069004087312,0
18.335560607400108,180.8530609901324,2.9628903027339573,0
22.35964230260288,171.60460662127852,3.239492109555612,0
18.029521092671704,210.51994915264834,1.4191498830860059,0
16.560236041544435,167.30263243203078,2.9514310495332574,0
18.269076427378664,206.54036189206602,2.863343722282397,0
22.971526859300777,208.4577490136183,1.285418868856858,0
19.260066839685294,161.38224108551913,2.6488879103438143,0
17.71390004307575,212.59570473610376,2.416390500554169,0
20.016757024466518,212.16714901524247,2.669434921753018,0
16.60196394725724,198.27984564200023,0.8088215716384345,0
23.657178683331765,215.64551663633551,2.9189955163073913,0
18.256804791665438,200.42912506611387,1.3710648098977438,0
16.324605529696658,238.2458695519934,1.461442515117855,0
19.90921579325213,236.9610038356165,2.5015992078616316,0
21.5521995471352,169.02153574328187,3.4394884896966134,0
15.340285475548725,224.8821253882907,2.6283818145225237,0
22.817794988428144,220.9308046814631,1.7684998246174715,0
15.826546380540009,224.3842869155316,1.1292712403485545,0
22.068373003286382,192.4485639303619,2.21614759523714,0
18.486105244060155,168.57066199459177,3.0283546145531375,0
23.40752539286535,154.87989873407196,2.6761206906554142,0
15.34231857664654,236.30329024842973,1.1048045079097633,0
24.642131242630207,173.36282825381312,2.001839292353673,0
19.44760029740429,177.86185580281958,2.9741206609271296,0
21.73358719084193,226.22854015092167,1.659777831255366,0
18.762887542651875,194.06412546377848,3.0360526977052777,0
16.110533341450882,165.96605101084438,2.577437540856309,0
24.074450315074802,208.11386445511144,1.1912662497278417,0
22.607819524689262,215.09921449684975,1.4798949129038776,0
17.481726401471466,176.0317476748181,3.3671124359139397,0
23.598911317670186,181.99542462502964,3.25023503832035,0
21.077359724296073,187.78626829657676,1.4951840389785684,0
15.272840715174159,239.41215571221542,2.126514915723413,0
15.751973459306795,172.13786506454994,1.9980941552863212,0
22.239375902260058,165.72737636160622,0.5544241433596039,0
17.762692937892357,171.5294083288179,1.6913298388630338,0
15.221898559432873,163.84763538722828,1.1105764807680307,0
24.914157515160873,152.21246119166778,2.700271617952944,0
18.28580949554578,181.48659333594503,2.0647746555682027,0
15.457075327106454,207.80147578329948,1.3212977206932428,0
15.247845554165593,218.14907012738183,0.6732393685298587,0
21.91288404728688,231.65613619076805,2.983811951533453,0
17.961274553277022,160.48226908239917,1.5926628091137478,0
23.814348815368007,224.69263430323292,3.3549683481212105,0
22.491680243105492,231.25962648202875,1.8241384082186243,0
22.93384656829877,159.38841445639184,1.4824453312033268,0
22.88973508358986,177.94585158824248,0.736021420859778,0
24.92969616312912,195.1710692360952,3.0258290304089193,0
23.546915359152468,182.50806816548663,1.473206608177398,0
19.091191562106502,234.2295489033672,2.7000725610186054,0
22.810893155216203,166.80509259474132,1.3978687435290462,0
18.629472968922435,171.07960491221837,0.8262741560780392,0
19.30880262145265,162.50113417438703,2.417921024479571,0
21.972316491879653,209.55140222478485,1.6986390788203232,0
19.546479081882595,197.9034898684064,1.3992643796391304,0
15.775155977729714,158.3026000182218,1.0413375797411146,0
23.42748354828173,190.81097933487254,2.5866906947560904,0
15.00948840153745,214.0869188320221,2.6748227035535304,0
19.415550008093003,187.45945806647953,3.2405494528903223,0
21.326348099182727,222.56541335175723,1.44313338127407,0
22.439253781053345,215.55951355683464,3.380327452803004,0
22.577084044150517,242.64149823306957,2.9105197226871744,0
24.68704799081774,174.00633472428933,1.4180696558389716,0
16.29215858756729,187.71827119539932,0.7479039060655374,0
16.964913237676754,245.38541543660463,2.5669468704820675,0
16.443249393745514,171.48189746635433,2.131332997014411,0
24.72393052153935,245.21247371399886,3.4965579917347207,0
24.11303260542679,249.1340121058185,2.40307239679867,0
18.317113397696478,203.06726023480292,2.303193419483618,0
22.889783540648356,154.99892329921067,2.780572167091419,0
24.45841000639456,206.1131179155977,1.5185343246917873,0
19.146068364659783,159.3286340048559,1.7142016458271216,0
18.867466809601726,194.51293125261896,3.3024318215707655,0
16.826010131297497,179.0720722859223,2.3597853079184437,0
20.932120257439045,170.57574537056087,1.059347563947942,0
17.223903065133147,217.9419907335522,2.0277128634688935,0
24.77143416256221,236.53117624612946,2.1789639811920596,0
22.92043481921656,183.06302103801315,1.072068870455357,0
21.276055770184005,213.56326485959104,2.1609156217758545,0
18.47703381795177,179.39859461227022,2.32406642154298,0
19.951085030075784,230.38132065184197,1.7349683396648403,0
16.367646174294258,203.2108630810775,0.9568660577628497,0
22.177823842526003,155.25256391992997,0.6562313169834513,0
16.362245803714085,188.3582704118589,0.5585115502385135,0
22.104779836913266,194.19429620979508,1.7526521021853028,0
24.99320922373044,243.71392630054322,3.400867852480439,0
20.38186519022574,231.09390658272355,0.9509815907228436,0
24.24725285125377,158.26694779722408,1.4242974784383136,0
20.756765206058297,214.7690816730314,3.015632846641667,0
18.732505378163463,157.31780396294278,0.9654624329284848,0
15.367624199284146,210.7032865875485,0.5399090730497484,0
17.71975569452844,158.90319957834393,0.9202087570632009,0
19.806095658205493,232.89807747542568,2.0596166670888136,0
17.564215309005245,243.2399760790952,2.165572552032029,0
16.12451544335411,209.75270111097356,2.7000147973448954,0
22.346043447628396,202.11866912567524,1.0565728511569952,0
19.874365197157786,203.94699217318737,3.4287002841315264,0
24.713676958099736,197.2587245408211,3.124517929295137,0
16.142024580023552,191.33611245652207,2.1287220796904656,0
22.874439228026723,159.75566597490482,2.3387660390159413,0
15.726916069198841,198.55343322265307,2.884013977313846,0
19.103486571760094,182.76400461045625,3.206712109301279,0
19.004444443351623,172.10177701511128,3.360577371814993,0
21.048865282313912,218.60749382196337,3.496588368646149,0
23.835373233009346,216.51013224847065,1.1758825374405153,0
15.26621774395764,243.690231251147,1.5117912506440683,0
18.550552163673153,172.66621087045252,0.7803245214397738,0
19.05178600750762,246.42652410420993,1.762568642755534,0
15.973723716849642,159.56319573159698,1.2119371396661553,0
19.028571534803483,219.60298078937535,1.5373705260387802,0
19.146405369172424,160.27768767425488,2.87193738913461,0
23.604104134237232,202.9204993192513,2.75240835654219,0
22.63341440234847,168.41426411606682,2.3783987850022097,0
22.426500598810584,187.5361599996081,0.8642077290562625,0
20.925406573070468,196.9335224475455,0.6423270226236464,0
20.46665390196193,233.86542714184145,1.502467911333632,0
24.500500982693495,220.84585921903704,0.7450640999928047,0
20.531112022439338,196.50246862810013,2.6571549196887285,0
19.35091602435736,239.33438591748148,2.755370980367143,0
17.02116025108058,173.25873103640134,2.032033943972639,0
16.82830541994889,224.7807690325389,2.591903107829597,0
18.965461218120865,208.70578702120042,1.5444671992378636,0
23.856124703739688,225.42584676884434,2.229892408938174,0
18.79195442355194,185.92850525302606,0.5379289920440017,0
15.651390505599256,210.44799264337826,2.4490838343456107,0
24.914929077560622,238.15859611650689,3.281737263772537,0
21.04803091516345,238.3187168718953,2.26973871163295,0
22.355443190945785,152.81205287707056,2.9881039302167163,0
23.064375754013714,175.780809793965,1.8673473496925248,0
23.79658785065972,180.50713814221038,0.7511231159904574,0
20.193621458613812,150.01098660993054,1.705950223458116,0
17.419504914546216,234.65626631395395,0.9733218161722849,0
21.893630530519097,242.67083848358817,1.23161478319726,0
22.570143988998698,186.26205313062457,1.1055946812861712,0
21.14466515265684,177.9488477346029,2.5001527192011466,0
21.31061700388532,198.45289842943086,2.4692331193790316,0
20.615276464790977,180.73585528150625,3.1463264769188775,0
17.878880761583545,226.15183838525638,1.8496954061718225,0
23.28498164962261,207.26440241854777,2.7979883906381913,0
20.897912887325912,158.34475916891085,2.9420802337620815,0
20.895780956699408,185.34441634527064,2.6944100774801134,0
15.119903931623423,203.00800473928626,0.7031791081024616,0
20.116821948096728,248.98686975243723,2.972442035442743,0
18.128839335590857,241.38370230998382,1.6386760803442595,0
17.792352728714235,169.75524835346673,2.8214099760541784,0
18.12855893721438,225.66975981696868,3.3029044673828682,0
23.13603455892479,219.37902889683886,2.2725220718510957,0
16.850458547126212,152.83257853677043,3.025932889583972,0
23.783050947737145,227.8327511636587,2.0796497971159376,0
22.390896310348474,165.01190217883106,0.7424805596073469,0
17.40151475381174,170.06287596997393,3.077193470519967,0
20.106288394513808,170.26861587797546,1.8765499512169723,0
23.265451594785297,154.05260652122703,1.6050092366670068,0
19.884771102800315,157.8043945343669,1.6454809401496944,0
15.22944077744774,168.88471495327596,3.477694524928545,0
22.61446764000668,154.20905750846103,1.66055365769058,0
21.319286287861917,234.83916417302447,1.1091042110625615,0
18.189073684521546,189.84217969296253,0.7419303378252353,0
20.407045962391827,213.2209338880935,0.7164418366574126,0
18.674352206683565,187.82204779680094,3.208295297745778,0
18.057621278004483,179.697636418769,2.109747894357686,0
21.39123970882058,153.76232598668133,2.1634723445942403,0
24.546123211247178,151.07406633674213,1.365499932799466,0
16.530214842442422,164.2973407350787,2.529064831040004,0
17.89060553157374,196.12975361280832,2.893862085504077,0
15.102082754817124,220.18570863188188,2.190570333664583,0
22.24831410558987,196.07538338963818,1.9527299827565807,0
17.37656038467483,231.92988909755042,2.5148449944092,0
16.991118604458297,167.27856761751934,1.136210461466966,0
17.766924286406745,185.74122668954712,2.085732715935957,0
15.67905842556284,163.82088794049918,0.8193758225937824,0
20.64742306863497,218.36085746652034,2.312780461807197,0
16.597304580772576,205.59918593812694,3.048351823416692,0
18.428921341329662,186.43934072662043,0.5167689316424352,0
18.779315648115837,152.17800506806432,2.2695421151931656,0
22.707440064739476,163.8219758528803,2.5981900638002684,0
16.694206361485158,206.6819455023658,3.466315605148519,0
22.195000045129383,164.22284567430074,3.0944515572088727,0
24.114735612676775,199.20045968696903,2.819069402306039,0
22.919156037397556,164.53176867665934,2.7768590395199917,0
24.404740685143338,175.60713397831742,1.8819680270451773,0
18.986281974454513,216.89737393540372,2.658346136548254,0
23.06970233104056,171.04323776442556,1.8576662248411702,0
16.642600197935863,224.67498451637425,1.1207115273740924,0
20.942886733957593,174.45092979259914,3.217608585112347,0
23.2034941891782,213.983248853205,0.5460211714164336,0
23.519123926520393,244.9622348285992,2.6348399166999976,0
23.469549052481863,214.40116272352563,1.1881278125389054,0
16.395442605562607,202.78315803139407,2.1249911623343793,0
23.060901334793563,185.41218091645788,2.197356955031198,0
20.280200537665998,220.00135299179271,2.394862664158048,0
17.331452020687482,157.668647993526,3.4846482789849285,0
24.91035911946741,237.60184832012985,1.4086919647579148,0
15.785840045159674,248.25389539459115,2.77905061482486,0
19.2762261517316,156.00203812126207,1.7234216112600196,0
18.172455491952533,218.45534772369393,0.6145054003139264,0
19.740594861275504,223.5485202278852,3.007580478941847,0
16.080240318385233,220.89168884659256,1.4932728076334403,0
22.94236614281656,239.01628178503586,0.7148755776293132,0
18.49352948075298,174.3018287870657,0.5662429285746068,0
18.747920403030328,192.65726004272662,1.693087697475117,0
23.61910479348001,151.58697247037657,2.7349428574287065,0
22.717104618301875,176.21847483467596,2.3733689723854523,0
23.030283684094602,217.74574488896548,3.069478680810173,0
23.056112566513583,150.72451896729763,1.8029343861168212,0
24.31693015354823,240.80490033725417,3.4431147208249975,0
22.64168807799251,193.81113269607403,1.3782332508046222,0
16.077197281262418,245.13166247723123,1.2789545798686786,0
18.457326895677287,206.49878288231253,1.5043616131876798,0
20.49858473262504,178.26217379820173,0.500716606293758,0
24.79440519667758,225.39109711935873,2.6912443512664543,0
16.07860552918819,163.21369899874531,2.7931175680976525,0
20.71283413005928,247.83275715980614,3.237111516812514,0
19.39192532161957,156.3973623036759,3.0155103427084144,0
22.978976536095956,155.6664801121619,2.8232342305618205,0
17.203035472700485,216.91796418208077,1.6984186925963067,0
23.49891614501584,157.63383778449918,0.5472124967572625,0
19.0507337098391,166.87062166798677,3.207891938920514,0
22.81223927462866,220.4828377461155,2.225459811952981,0
23.43564903693393,169.89392111494692,2.020234363284386,0
23.171633162048906,150.38806832777303,1.3125860868321313,0
23.21326067154409,171.64317900614716,2.0857779989192937,0
24.753464990536397,153.78045448130328,1.3540446734667937,0
21.278501958081335,246.7927705652632,3.23913568519215,0
22.10220623899189,220.22703243359587,2.15120223018181,0
15.347051667581244,218.15883577945118,2.3299473034769997,0
20.2076429080365,231.54831953296718,2.053000270713355,0
16.307059625622685,231.75102255402984,1.5946142374176062,0
24.180177072442596,243.89444469215982,2.6693954571019667,0
15.459109904640652,181.33326463546777,3.1081511297307896,0
24.498546240198536,184.44502438181462,3.0036661572973142,0
17.885363540630497,205.59620181459871,1.1096559211565125,0
23.429797487925487,159.67532132098668,2.7887847430643857,0
21.371481561735987,213.51918875315397,1.4418510679020322,0
17.88794075295727,210.71834476307703,1.1715204813688644,0
18.36133214381111,192.31569109415972,1.7228078866175849,0
24.311595464841112,204.65912723074226,3.1853861485403936,0
21.823142849669548,186.12443837174226,0.5050906660969227,0
24.371969939598944,204.79926942334774,1.5631337031992167,0
21.997174037527092,210.8058370264109,2.9448309108440913,0
22.47542240630801,214.10166443133866,3.486481583171658,0
20.94503721943948,160.9439666074373,3.239503296687041,0
24.583689172253855,164.0216636606413,3.053581108139255,0
20.500068621126687,189.69389789359215,2.4824538859982725,0
20.47177735178401,199.44794706406157,1.406895201106648,0
16.706529656346124,223.7568929675181,2.114496253094922,0
24.8333834073932,177.42129970995757,3.0482729879405572,0
23.438028643080134,238.30761103189224,2.682047373642285,0
17.440015140662766,214.64700522351188,2.676300175904976,0
20.839925289746624,187.5305444201979,2.12347748740007,0
22.97276789692241,235.43451317279585,2.7149839553797257,0
21.4973276373842,206.53257697560215,1.3218527567352718,0
21.939538536540617,239.3681077096748,1.898678996703158,0
16.97946783258026,162.95258706543888,3.4853201193336663,0
23.218096650179657,244.37056603911958,2.0305527078340955,0
19.289307305368776,222.91068862125633,1.6673432423484986,0
19.56546654430051,239.78339665728635,2.803983343303714,0
15.517926532604523,224.30823698581997,2.042714564977604,0
18.768347459442403,191.14367200311756,2.100275881134944,0
21.45890729881047,178.31766177256011,2.1626979223193175,0
22.526600472283743,164.98736852082408,1.067099681499799,0
24.605941114215177,201.93068572463955,2.506519645174242,0
17.212651748905024,229.5812293482499,2.950346977248744,0
15.472961782535414,227.81833205503443,1.6992856479813123,0
17.615065971252996,201.2923616211907,2.9717503012323254,0
18.766411702108584,244.2294271890808,1.464736922673984,0
21.934442695754804,156.95672334588022,2.7869773389864196,0
18.41928278197834,171.74631362796242,2.4475563360881956,0
19.6160043263578,210.83309758400935,0.609534614292774,0
19.90935994961458,228.0014433465019,3.25027783111882,0
20.27057923132974,214.2654269401088,3.0386815772912437,0
19.173551132636966,183.71944400156195,0.6442921667080207,0
21.651022687480918,166.73578897910252,2.5834668422045857,0
20.172216404159492,191.3866652308491,1.4373388241756193,0
16.9047316811224,157.31115685656005,0.5141949802320961,0
22.898453320661023,224.23385680437397,0.8014878031799342,0
17.605052874233536,169.6654930208413,2.9648945411402936,0
22.483030608803375,150.86041735907736,2.356962197267921,0
15.713650931794028,232.47851451313375,3.1079195532166373,0
18.578301012734162,154.37184982506818,2.3626748779878133,0
23.95946943472817,241.69355066075764,2.865799612520471,0
22.09346604916408,160.27344801191302,3.032222020258799,0
24.36787673843398,176.35012829154198,1.6245888161901827,0
15.324887372332569,171.9955849805098,3.3547053762855827,0
18.615519011658147,187.83151239088897,3.1099988825760994,0
24.391085407940256,227.4975966279061,1.6738566226778588,0
16.266148167218105,180.2460354681348,0.9297979822191099,0
23.54329936712331,190.63959161368163,1.208779032113955,0
18.518758240964978,186.6377645904,2.8169368030192534,0
24.690082375638383,245.67752331317848,1.5269124102771339,0
22.649371614055294,163.7769488204176,1.6910921183404217,0
16.93314656723232,241.9861153912231,1.6418115146778334,0
17.84386278799808,190.67710764321538,2.5294729595379066,0
20.414538933356187,212.25797397633391,0.752069723262976,0
15.19775271599265,174.57903499889716,2.240116167291697,0
15.458457484786013,247.60155847926563,0.5308994639449389,0
18.53531630272863,223.74549546386714,0.9418911813219691,0
20.433832847935918,241.3935469859773,1.5129633988104865,0
15.621687479083697,193.6075220975641,3.3598499803051647,0
16.30023358667538,176.54463663362915,2.272326339592186,0
24.45395021169648,167.8895851559867,2.097188504845912,0
18.185866144688852,189.2650207985904,3.4961870089509652,0
20.772355592622436,181.3836807503801,3.3214581213155787,0
19.66946557571763,220.97886002177097,2.940394140243529,0
20.06511358290032,235.87998713510916,1.4501154858187326,0
24.452648840200148,241.6911867825553,2.4172592594761086,0
17.549095564384405,167.5005865212251,2.8880272686556534,0
18.995531962966904,200.2945628065503,0.8893693796933655,0
21.54516732895994,236.41403701798248,3.0660630830171987,0
21.40682777736196,180.878210470743,1.4831861498648258,0
23.052724779940032,198.9615317124364,2.172291220241429,0
17.80699065667313,170.41388835353075,2.910055575350595,0
21.66694490910906,242.7224663306043,1.4097702029968175,0
22.381380858279144,234.99091789681287,2.3064610175126345,0
15.936438161389171,236.35649218596342,0.9705339609386734,0
22.91362517952494,229.7808558635511,2.8020896094555603,0
22.6952229631924,155.1631075292918,2.2569582670546757,0
18.355525876839977,227.33371401653164,2.0212495097914926,0
23.139211099066,171.05189656616892,2.742646977984633,0
15.119994018261538,205.36681074665074,1.282020546278614,0
24.030456919056167,173.71888386165676,0.9084991202543543,0
24.98679998608812,189.4325296984176,3.2043370136918403,0
20.00776855106361,248.34845779959153,0.7596907375228747,0
21.141046428292732,181.4959996101117,1.7558370681202549,0
19.10382993116226,173.37693225908245,3.3611330852772316,0
22.34257416560998,215.39792929941365,1.8876219524616056,0
24.928273926622275,169.06687236009617,2.9148408309042066,0
18.930927853096446,155.53458773425209,1.8445921727672476,0
21.81174986184589,160.33128045394054,0.6527800952835134,0
23.08843977017549,161.48101234304255,2.8681450693706934,0
24.193180474417222,189.159116947816,0.9070982180548773,0
20.250462326104035,175.20608042230202,2.9148892570893583,0
19.527277303986406,235.52581229036707,3.197241921515717,0
18.183867586793852,245.43589345523236,0.6909351768504924,0
17.41207585417295,152.27739610017312,0.9651028962238432,0
17.9497834943435,183.53608042955764,0.7493402720215581,0
19.071126020830174,205.27204651606021,3.2306741663197576,0
19.46347767962087,242.61681184111,2.454600550316066,0
17.343380220718313,154.34092239708175,1.8701829583444178,0
18.194750140973696,155.0200439207756,3.303879171647138,0
15.984479341616737,239.2524622068871,1.0983194826276625,0
21.132645509220602,194.66762829078152,1.5439807646330777,0
19.267805514422633,202.2217136122797,3.1545763244355256,0
17.33423997851977,215.79874333949874,2.2529310668370344,0
15.229665872830454,201.51653271942726,3.3963421682144723,0
17.298697356937815,239.01557531160222,3.3878577454497405,0
21.27086801989668,175.55280903738844,2.4960363671978145,0
15.917495489832742,235.3240080539747,1.8095956020103974,0
18.685607287474443,235.73334108141063,2.6586839177742445,0
18.15446099897869,249.43297480680505,1.263755377264298,0
24.560257559496304,187.56423682821597,1.8617188996191714,0
17.868315466880357,249.79670534182782,1.3593787653373604,0
20.454553593946073,167.88936697714843,1.6211776182688793,0
17.978131975721837,179.42026180491445,1.4146938743846635,0
23.108135608927284,158.2066328972802,2.649374032361226,0
17.227435079320443,231.57796765365833,2.1442446623929565,0
22.675439043345342,233.60251119412098,0.6376186052207296,0
24.876956568819573,189.15892031929172,3.179648874564258,0
24.97794727873559,227.7161710469329,2.754560284271819,0
20.719203258154153,172.6471436821303,3.128112007791962,0
20.288669777503056,230.89725532984113,2.8798837371024195,0
24.721057763787744,222.49178450366944,3.3907838531549577,0
16.42201544670877,160.00437515655358,0.8240373281513296,0
20.473018782846143,229.22588187393427,0.5029472806826094,0
21.835907987651808,201.97684423160098,3.414334523071772,0
18.610399940881642,237.08744604126466,2.590903787585984,0
19.41758815923286,244.8078620327492,0.6048080006976225,0
15.172479405811217,199.50705183595903,2.435329837941672,0
23.449143100118228,234.51337020616842,0.8772435213285168,0
17.7869161499532,245.60061382288558,1.2322992371664276,0
17.07206388120112,247.29579048440172,0.9928422501817828,0
23.529560020752584,232.13393485683093,2.4161158070369155,0
19.946863093388462,193.4345995420323,2.6140757254005944,0
18.281799628291466,180.6039760903047,3.421073243892167,0
24.15243916680052,178.94024592599754,2.6587265815702215,0
22.01751183640788,221.5462796635628,2.954692747197186,0
24.619258392330828,177.433244599452,1.246566012530106,0
19.802805064165337,180.96276222106792,1.9378069157760929,0
20.593175971897022,190.1170229159392,3.311196154567696,0
22.500883279826326,230.7030642143011,1.2189949142581646,0
19.960754727017807,248.3524827176842,0.9307938212470359,0
19.165622534812044,223.81175161928542,3.348086809262943,0
16.96335585607271,173.80991449178498,1.448406309234815,0
20.166715008065303,220.22628042681424,0.5280168076557198,0
15.262543593025105,226.8152271520659,0.8980784223934273,0
23.45838121542066,207.9560650890771,2.999427142939216,0
23.518523414233044,247.83679776769497,2.4613126521405846,0
16.26313424317181,228.3258010403244,0.6390426354804905,0
23.01235676762731,219.797359940077,2.3533169422141236,0
18.542803314686488,240.45000866090282,1.126003494693474,0
20.721198442124823,236.55351223620949,2.13543935852877,0
23.5108003977834,176.83787771182398,1.470121291859698,0
23.902001398199225,228.15793256579053,0.9050657129495725,0
23.133297676081398,198.24930682127933,3.201656487418009,0
23.656722568981934,163.01641184724556,3.1282748539313086,0
17.981259102261276,229.6654400083711,1.9411805060977998,0
20.754155212782905,246.576241492744,0.5591567689794951,0
24.211567891765323,183.94227673248778,1.3333455001498666,0
20.84965887257727,233.24441093727455,1.8548514085230354,0
19.315944240214154,206.43963516908616,1.7998594153360483,0
21.054449570300775,245.83234648350648,2.794222383355522,0
23.289799557744516,234.97147797360077,2.5519368063606063,0
16.69368153532239,202.2585002896253,2.3125453532630402,0
22.33011558479197,172.79785200080772,2.1112147233183722,0
22.06982385537163,150.24338491478923,3.106349101223973,0
18.53004036381421,223.77097537037372,1.7532185935896578,0
22.488702602500453,158.10978707607646,2.0496539786167345,0
23.89823275533054,217.28739444335815,0.5764098954110461,0
20.985931841033924,234.44975883102686,0.8017818850916094,0
21.1811791660326,160.18612933529002,1.6087067779945514,0
24.69021569002681,160.32180353621067,2.773791584395783,0
16.757315036600346,246.95555502987887,3.32940964742552,0
24.611130938454057,242.82364268227246,2.122720405041442,0
21.646633547666028,249.01314281736495,1.8106517696691933,0
20.229442072759475,245.16710512393564,3.4081169609029947,0
16.02408556060112,183.3722062969826,2.043292198267102,0
20.700590689105063,216.2430925018172,1.1082587046801669,0
21.66352394971266,248.73492834533948,2.34018666840388,0
20.708976045716664,242.06476489781141,2.7953976705086907,0
17.8759756745077,170.0499301857573,2.1755014565973654,0
18.034809087003946,167.5074705256248,2.6007212683980008,0
24.341346842826397,199.59863428386194,2.1016783114809297,0
15.333944064043063,202.6817601608734,1.2799016260018239,0
22.07854051207191,218.26826846205836,1.6508396095503453,0
18.874348532213446,190.20060844572376,2.8881444877277,0
22.50756258882049,166.7350973244305,3.475871815537312,0
19.474087107324813,217.2001031630337,2.668907817473495,0
24.596894419612262,188.35571470312416,0.7996200721438433,0
17.168685595004874,203.58067294917834,0.9489586684851512,0
19.25683486950512,227.638316711402,1.9233981053379126,0
24.599770094391737,185.60421172390576,2.1078577367449514,0
15.747374586115214,188.8487633696847,3.040427741478302,0
22.122568259411032,225.99478661593872,2.593244349364592,0
17.232055129163463,226.6943300220138,1.2683654456605709,0
15.880893552279051,232.40715351883668,2.3940607562012213,0
22.13980371309943,210.45585771211174,1.6236720386715608,0
22.736241397357695,201.14218303581495,2.3246037329423057,0
21.411602517168586,185.91775098893368,2.8079161430803223,0
20.2270456319145,214.64504547656867,0.8115441058946405,0
22.477753719219116,233.41951223766858,1.0783080646670946,0
22.362906571264407,153.41429153653922,1.3194411388495801,0
16.192174635804637,190.30047152462373,2.605451191091716,0
17.4530029962637,239.68298666235887,1.4782275774655373,0
20.87344950054033,170.83418768726992,3.083308478185697,0
23.700195305798495,245.06887480808953,1.210760631382354,0
16.124475829335047,164.13940803819224,1.2463451450687875,0
16.444781820687663,179.50610405055303,1.2057476252292518,0
15.079628452717078,219.49869226082262,1.8940401782283138,0
20.720551859539096,152.45776458764303,0.6642824964492074,0
20.937229655005304,233.83920755167057,3.3359320815274254,0
18.07234765910426,199.41022111633194,1.2285359848782846,0
17.658928907441876,211.75598611714037,0.6442192691527588,0
20.80164303043123,166.02146269050905,2.0883676671308877,0
16.068287378852066,241.52760876808964,1.7174098238388393,0
17.165897486553263,231.19521902749452,2.744293916938018,0
24.905600133820997,230.56529567944392,1.3896839496826026,0
22.35698872444108,237.4799848031883,0.9233141324169287,0
24.2370804651735,160.9144840213388,2.989947205572985,0
23.315597672282152,238.2323548712213,1.6417694723110088,0
20.50331120062645,157.77793526689442,2.981099637657035,0
18.34554822082422,220.04712577505893,1.2075024014366729,0
19.883527446757856,201.15925266901527,1.1255385889158815,0
19.804273595946874,228.23145499384913,1.6838923433218684,0
21.541582656122834,213.68960900244656,3.4378772335775762,0
18.43790072001078,242.34071954774794,2.5706559864793093,0
16.865516514847126,196.58134774767208,1.5640755014319736,0
15.514817833488468,226.8763585003276,2.15878008298085,0
23.579305628930882,194.87406845497338,3.245336439252886,0
23.960961650870498,157.69091669867626,2.8222368456119935,0
20.962840614357276,234.94393893953728,0.6642864870133219,0
16.884489697688867,174.60126121513065,2.0089770268125857,0
24.220941437737352,245.92668183368758,1.341843373494731,0
15.92174199363524,219.27367177878813,0.6386247734374055,0
19.34911443655713,238.96410992769052,3.0669310941799184,0
16.498549078113694,210.14763109526805,1.7117395323867037,0
16.30110706587331,227.45939969726038,1.527813278034141,0
21.981966739072895,158.3383979125504,0.5810664663308109,0
22.31421413721463,171.8915111297773,0.9982064749683786,0
19.99404711793534,157.61318779246963,3.4978010121379244,0
17.942549671749536,232.77706917678242,2.716551541294504,0
18.3928717583398,180.6105622996828,1.1773903712272467,0
18.47198005212658,225.22716933751332,2.043985285188176,0
17.312834612870564,200.77249016082595,2.791397007543176,0
16.1960036610868,197.3176778510261,1.4298584037028679,0
20.419979685273873,155.43941116566538,1.215797349320337,0
17.713130394969003,249.51672892058434,2.349560368746869,0
24.081550763900044,181.7255274058972,1.1136107127744328,0
24.958070722690657,219.92461063847315,3.013638803287172,0
17.71981383185426,207.1495877283128,3.1022286553005727,0
23.31917903949801,234.02069491501206,1.2630837984448435,0
21.778247316885018,188.96017240234374,1.812172783115459,0
20.287395903858876,197.2025776152334,2.4600279113911387,0
21.89885452698283,199.26557387022436,3.350087979223868,0
15.412067396377344,232.6647165294599,3.056848872380254,0
17.127515120304007,175.064675871604,3.3236997764662877,0
23.66978114043989,160.38685669943533,1.473250236516107,0
19.887131392180446,210.88294529711538,1.7467175884638166,0
23.819191784638285,192.84277243335293,3.145047327100958,0
23.461052195068984,192.5553153780865,2.3609661943684923,0
18.89952719506827,201.86017456533125,1.351479896322064,0
21.664418922156234,222.34111516122005,2.1912305705483237,0
22.10241690433789,162.77770136179174,3.1882965850146396,0
18.386402961582892,203.33384816746786,0.9694664488533873,0
20.53073221019006,224.86096156121985,0.710182639390318,0
15.46122369906318,164.49066885547566,0.547148720201462,0
22.506057200935857,228.11613842380808,2.1907670058512103,0
19.295844423320155,227.479045399992,3.1930737532578064,0
18.996123215467573,163.0063037462739,1.5722007417095456,0
21.243871205030764,182.17730239365022,2.8393661620567294,0
23.195095907645623,169.93672561656007,2.5529788486815748,0
16.45847625556145,233.80404568813037,0.8599044764971926,0
19.65525359633113,210.58280995908999,1.129069058203932,0
19.831693348250127,202.64324714138363,3.1384209763794253,0
21.913968815400324,220.3988250211453,1.4709300313823683,0
17.347413161004773,156.46373646346817,0.9616380996696953,0
23.26617868633009,226.3928934081633,1.3513212111701587,0
15.48794161771918,206.7921235479905,1.1069395068570778,0
20.55117944074154,160.64091653291825,1.732810668997811,0
16.11747002985382,198.79698025998186,1.8435532294741739,0
20.43206054875818,186.02827189413927,2.0342787187528373,0
19.282349665693395,231.30306948282453,1.5745639225866217,0
19.091884858881865,248.06335868517837,1.5975286594950058,0
16.958808002922737,157.61860778452362,0.5674765645189098,0
18.81966281722706,232.05828999523672,2.73000519358069,0
19.028130103011254,219.86928149795057,0.7209218753666694,0
23.340742571884107,187.65257097743398,0.7228763038334002,0
23.895109430566926,246.01689655324077,3.383394566696332,0
17.50206433994287,190.47788070954135,1.8111897903042675,0
16.527214674871058,187.63132517437768,2.1153712641743314,0
22.231234800312585,166.83743228047013,2.7865021738776274,0
19.539901372693322,177.7968084097083,2.7753271943972857,0
22.901005529978896,221.45305225187124,2.6205226760422553,0
16.0811113853907,187.16680256409774,0.9226076433537896,0
21.154895453282833,188.54405874988691,0.7152248978606025,0
24.087801989682163,179.86495589978958,0.6241542807922693,0
19.203357517306664,207.6258691116198,2.6272988251363962,0
18.743995322807077,215.9948382851786,3.423191334486974,0
15.991974754894684,246.20898974397753,1.8472743840338472,0
21.156589760223707,210.15874874665568,0.8957392450997034,0
17.320327148216524,214.6120784008782,1.2287427568733889,0
23.73127030831167,171.0635156847838,1.7846353186195247,0
17.826767322472783,157.88164838103194,2.140249754156954,0
22.201876887951894,177.44431629794985,3.2706046787384735,0
17.70046016118014,217.29473781003603,2.0802877269774855,0
23.41909389592581,195.12602663885414,2.2777376426764615,0
21.02391416606508,187.26841834182096,2.206713900673736,0
16.903530672803598,227.2344444762397,3.364759484375423,0
23.44367400763387,188.73626079182478,2.2829998572445853,0
18.634991192477973,222.06758408928584,3.0346942752707617,0
23.057189425513148,168.4112676596294,2.8390136688072505,0
22.995108705139724,168.9461632713133,2.977250297946028,0
18.471251739823714,247.51527818920985,1.2207357820812752,0
24.954647193361957,196.86561474820078,0.8324638714409955,0
24.620679434047084,242.30526382571236,2.535096922478055,0
15.173583445854279,198.62662408479864,2.5102786479427923,0
15.266823478745703,225.9545003417221,2.5462555362855497,0
21.61525283680051,157.83654129311358,1.641012026037921,0
18.414730096820975,239.35555286047872,2.439513817649196,0
15.112293437352614,180.72378435124136,2.21490970252408,0
21.633803483731192,154.0325256988233,1.6789522664826293,0
24.389978018235485,165.27570806356482,2.6635029233571563,0
17.436906707013925,173.69183062233222,2.5978340802289517,0
15.873652609468945,160.86848803041622,1.8058358464444328,0
19.808442318719756,223.76954714508952,3.4517594014898245,0
16.487541970117224,181.15466651377034,0.6072564410314953,0
22.998011038988906,245.90449378242266,0.8699889437494684,0
18.39630272645323,161.02977071964082,3.0695142963358797,0
21.045999417757493,207.2924498120045,1.4469643332854867,0
15.647562297208498,186.47133444391778,1.6620487137544182,0
19.47400948422824,152.51579256908093,2.9454291515204556,0
20.58707701799415,216.79028880316991,3.460050497643796,0
20.976217362393534,185.88029010008398,2.7514213420989004,0
22.04377149087972,174.58300175792525,3.481532118184432,0
20.16745189604753,214.2156348575774,0.8262358811516066,0
20.28270973329289,246.50360721009682,1.0438595849607708,0
15.138818859817746,188.37786319140778,3.432063187081262,0
24.092437839970067,157.14199575690782,0.8034516343277923,0
15.51808231258493,232.81098282000818,0.605114619402953,0
22.05618158603159,165.10535166138007,1.8301755504847423,0
24.74177504049441,161.12080143012278,3.4946388075314,0
23.358789002593127,248.36457783482297,0.7495240310481432,0
17.487233975579763,225.7391179010327,3.322567998381273,0
20.22216098567054,156.4719495799621,2.663424223668681,0
19.95528235278175,216.33464892919812,2.0038199442285896,0
19.526024017732187,206.7466327598858,0.8049534288113293,0
23.772954247727178,222.2748578635149,0.9820240845843887,0
18.04915531695588,205.18460704332708,3.0882661427943563,0
17.23575039105004,212.33474717260492,0.8268870379321356,0
22.418836493876565,170.31743740461883,1.2414083835120047,0
16.328401544066153,215.74659570429236,0.9672326779324182,0
23.26021661231438,246.3405208519979,2.9725306884073475,0
24.544296786378965,228.5030606259744,1.9048786937243234,0
16.84994322834624,214.7946385293212,3.1171662350450124,0
23.034283796273918,196.22248985693167,2.251051832728071,0
17.710490403596552,237.9076038009345,2.756903294549824,0
20.29957085915831,235.34103805133032,2.2281151163838597,0
20.47113797495221,170.20507189952397,2.6275845813759293,0
20.528955342984904,161.77055420424432,0.6412987833807158,0
15.06530877248398,248.81685946579796,3.0914755142355674,0
23.056872803067726,185.7468556081696,2.3926635503883764,0
21.846508331036077,232.49240469800773,0.5946899931769234,0
15.215791249765314,181.8226410194379,3.482254166035392,0
17.72939246723302,170.29698366030914,2.7846216869466587,0
16.578225635618384,214.67169245142497,0.9771797226955042,0
24.416962461822962,205.57792379591294,0.8387140399585005,0
22.55778971184616,231.74691259569798,3.0203363126823426,0
24.368410831600322,203.6641190780379,2.8937175375046875,0
15.684607874780328,171.46282385431897,0.5803240058390411,0
15.467710306906525,160.35790031345863,2.2960982901998137,0
21.87254907337001,184.93330353175224,1.6894685140877748,0
24.134488182907667,182.96608622695183,1.0162685621208631,0
22.761529240556413,192.12052130363804,3.4464774457132688,0
20.08799727118243,214.16245150767827,3.49493237444267,0
15.840074015525653,238.31257304830177,2.5029985857609094,0
20.502908988028643,213.85982586879962,2.496133731053422,0
22.837781957557738,187.46003461398544,0.5859142652187891,0
15.874907196081635,248.5576270098406,0.9203006152262599,0
23.84084987374352,217.51674588112374,1.981637329783184,0
21.296393446337483,206.26438396235653,2.088989151420419,0
20.259697196974475,225.63508784660104,3.0268652964007887,0
17.429095577055126,197.81300760926234,3.4998299179163928,0
20.42179931575496,160.1418667887396,1.8826942456577782,0
24.76918893517771,249.02668430782774,2.1708109030147944,0
16.54816851261221,224.99710120295225,2.4095370765071324,0
21.95473750161092,188.60953561499147,2.4868123203786587,0
19.594679147750355,165.6115202659279,0.9268859523159513,0
23.922423865236865,229.68706106267166,1.958516056232344,0
24.71218300495744,167.65301509664357,1.9397473479059186,0
16.810684395467963,179.8820382475731,3.0513138709017196,0
23.622983925718298,226.86033225216596,1.2231239537349692,0
24.12610472346484,176.01372224074427,3.3961204275185755,0
22.702026816123144,184.61092489764516,1.373584487686756,0
22.203756088690817,179.5947537376957,2.0642539439832968,0
20.382729816316097,223.02770682154366,2.294718814961404,0
19.123382011366296,175.86860399919462,1.1297515599393886,0
16.931641807939954,156.6272802058539,0.9303622899839574,0
16.442604317003156,197.55895748998705,2.9511183479960508,0
15.166292885145705,241.73393431941554,1.0637488451613013,0
23.435710139515145,171.05944718388312,2.693857481500732,0
16.087145383135947,247.78244115265127,2.371576408238903,0
18.916084149967777,207.23926516864722,3.112499903544859,0
16.455153679724944,190.25251087677816,1.770366840224264,0
17.842809261530856,203.4268966285892,2.113440532308541,0
21.871347148259314,194.68699783756355,1.0150485138628023,0
24.366363640315726,217.69320051069786,2.686886126139117,0
16.66441518266486,213.5151759345038,2.493675244627977,0
15.442798590878475,159.5322459639574,1.8367057563720866,0
15.282631578644342,207.0382051159043,2.2400775528346735,0
16.988215122343618,218.94434358636806,0.6116631722208821,0
17.379986833902606,219.1266737973091,0.8673677405847101,0
24.28230390163727,234.33239522575565,1.4767507756717353,0
22.981614952717383,182.98165257673907,1.61226188293459,0
24.10680250486672,150.66014387893213,2.6396888997818486,0
16.435507810703722,228.51809678213692,2.2122956967057776,0
21.310251655882922,237.18965543725716,1.8355933575434804,0
16.062746140481682,219.31807995309768,1.8463059470534735,0
20.770796464522636,188.33884334686223,2.229934824284193,0
21.29547759981549,159.8609030038234,1.155555578530405,0
15.063889054145598,159.90234234042012,3.4984435001334404,0
21.229030313293894,227.5121323186432,1.3685340568005637,0
21.06800258180473,213.4822135206333,2.28963521768922,0
17.7271901405262,171.34580538722756,2.0300339579725737,0
16.376794669661745,233.83861835933462,2.557446044526027,0
18.03996089498589,227.0546134578848,0.7574536227619927,0
22.908684698026924,187.6327979929489,1.4659796489375645,0
19.758634810366548,150.64246585526513,2.013126565564758,0
23.553622845832404,196.21664925083178,3.260926947507937,0
21.35929433692185,173.60742155014663,1.6223431607835685,0
19.838055898029864,183.8851517422438,2.421944911328443,0
21.260907496517632,153.4740428300008,0.545577298345096,0
17.81595060773971,249.8941388308579,3.070815390128575,0
20.876762004474795,173.06341422231455,3.36588340710888,0
20.499118021478694,183.58369780502176,3.0037805585907487,0
15.521801211427132,174.82418433960447,3.3922787479406784,0
19.293030095605005,197.5004073114082,1.953450421785503,0
24.629184755325255,151.2213611854808,0.5112047186916185,0
22.455148794606984,219.47380487569257,1.3656816032550525,0
18.890184101672016,191.78156476085928,1.8543755835171436,0
20.62693670223812,242.28908350571987,0.9116084598650601,0
16.861212536621146,171.76777804414328,0.9822307205711042,0
21.596924650418003,236.3489314761436,3.0385217777927886,0
18.569795247820323,158.44371223784051,1.8675559987540713,0
23.213648617378343,155.27500933778623,2.417958565840891,0
24.348901152361236,184.83870965659486,1.9580311205358978,0
22.243209717392425,156.36007231655782,1.9100803351612288,0
19.659667400882675,219.43513691205663,3.212494479891923,0
23.82650938594808,160.92163686150823,0.5754546606990367,0
17.411718724797417,247.71682969462262,3.311899663404919,0
19.579063421720335,176.56111306127877,2.5994554435294925,0
15.980301200366965,162.58416136397375,1.8604325246626159,0
19.068099137286403,217.60119916356896,3.4716512474734866,0
22.701615743116896,169.2318779558801,2.1419378022353026,0
22.857902223458275,229.06493054307037,3.110090802516491,0
18.38328934164815,247.41176932586802,1.664102394362905,0
15.20755315482958,196.48881551254152,3.405785515217065,0
18.29933203408072,172.93727854941972,3.2206568240557365,0
19.027311518930663,157.06997876327483,1.9993415257568272,0
16.9976442804482,195.53805411863658,2.6856831366084397,0
20.949324809287578,204.6562393607004,3.1078927573864656,0
20.184700680761363,193.60451175254443,1.0819359201102454,0
21.41543900147153,160.99520033870192,2.735656654694944,0
23.070757237144356,184.84871556807383,2.6306300027973935,0
19.73802261552299,215.18190007654073,2.054159479417343,0
18.78031647326774,218.9068557360505,1.8783261158666091,0
19.220284511247826,165.65952883998648,2.675675357224347,0
22.11669138480023,189.10910843361208,2.353757604746459,0
23.839460002205993,212.73493693579871,3.487915038827485,0
20.099229022259124,214.41712683101565,1.7751238057890542,0
21.97818741079585,238.23162307442522,1.345313239460245,0
18.77262281022129,180.35222187547924,2.2889917809630465,0
19.701014976618275,194.88683766107224,2.430590559184412,0
16.601181215698084,162.53738719267236,0.6603064047263776,0
21.13344437837266,164.1832908388551,1.7431985219958275,0
22.415288926675398,245.00538514326075,2.4734537217568033,0
17.69792448264726,194.582204732092,1.2121579572900407,0
19.84349426200836,228.3907309009973,3.4722434059874665,0
20.376220881695374,209.16405386996206,1.5100943397711535,0
19.27609374830208,161.7733656412605,1.2317721220108244,0
16.74472084853695,232.4872014291846,1.154272503270486,0
17.926771964733412,188.67983638009642,2.768490878347429,0
15.56297107857608,176.58937342317768,0.7493093349454761,0
22.34640524284393,177.01440332556948,2.5636253760063448,0
15.184277001036737,235.2051927801228,0.8643869570299368,0
20.37340335042018,198.97250501134596,1.6778707956045642,0
17.072611936384686,168.25878536810907,2.430848716369188,0
24.905384890543523,217.77259918428163,3.0393478264982416,0
16.378393265584506,247.03930798541415,0.5723671419691722,0
15.610794419372473,226.3192612761519,0.9680912839981082,0
22.237046517694125,159.2567066104218,2.406870237330404,0
24.78623010310191,229.58689577706957,2.7004569920772665,0
23.805213577722206,217.40834384629,2.3230168764414603,0
16.397979533233578,248.3016084281303,1.4811406148223067,0
15.296259189451991,216.7340265099224,3.029590719677418,0
19.531885060517507,219.50526924171606,3.04519511282192,0
15.137964905082622,167.68584880301867,1.85447258585813,0
15.820505428215961,224.1187140317845,1.5653986437239573,0
17.026551142938505,160.19488665934347,1.7169081580492727,0
23.59960807428949,195.35205277870236,0.615398443099603,0
22.508044890838516,172.76390963463777,2.2862651797086193,0
18.862736375528122,155.66396506304918,2.528734191375756,0
22.862858855025596,195.71417735159696,2.422264896913175,0
17.474900574443225,208.4776194860109,3.4565354944628837,0
17.240409408098305,155.26109224560986,2.4667624897174383,0
18.395779601562737,183.14096119055785,2.505461529742312,0
19.700011922174177,193.6702579801692,1.4092774571533657,0
23.556441556951214,228.75760841358886,2.0246192804149103,0
15.098011324559492,217.73101966121334,3.2938956791537697,0
20.33257363793391,209.68390506204,1.9977056795500983,0
22.558316839826624,227.7940026808622,1.7386680953417182,0
17.78234140398215,174.92826140365528,1.4965914121589272,0
22.190947880298566,243.55224795002198,1.306192010453803,0
16.41778749585379,167.33882161853012,1.281692079251703,0
24.185991888357695,170.61939817842003,2.6721056103829364,0
18.10450403978725,201.47996871785105,1.7461150025226988,0
18.826208534198116,185.8802036030259,0.5000339186140121,0
20.166847684315115,184.59910499716506,2.817134087236579,0
23.03883285895523,210.73896565573403,0.6791240425761929,0
20.45104088751877,210.97022979101632,1.1565718429366783,0
17.44863599751114,176.44367125123117,2.589513918218201,0
20.712483081592545,230.44024099744013,3.386506615308746,0
20.10617503554129,190.100114036099,2.284376851248089,0
22.138553276176683,245.1979141387464,2.8806444325153158,0
23.276801744829317,214.92817842710684,0.6500717713278593,0
20.551824260312777,237.0441769125452,1.0001229244717602,0
22.238506051141343,207.20565371698507,3.366289120559449,0
17.024599438100967,181.90418117594953,2.340698279834968,0
19.998981943209095,163.40036268587625,1.4262716510933915,0
19.440760294324004,189.8144944767264,3.3780378401116447,0
16.257674431449487,192.9321765734632,3.0811053596527462,0
21.88905107644937,153.46746358013786,3.0391457905116233,0
18.691828542171752,184.5938206220074,2.6389723544533155,0
17.60729304640317,204.70521860182382,1.941216581161022,0
16.186805653843933,153.30722469638232,1.237882531999213,0
17.971025233304548,210.58744603080444,3.012855968493016,0
17.53805076503487,184.12186402322124,1.8369103277831473,0
19.92960578662187,221.1570237493327,0.7758368077790433,0
23.237879406146114,230.46533283808975,1.4417374278710948,0
17.493458239322234,176.4702581970911,2.37014208998198,0
20.475210177789698,158.01064334542886,0.8740673722344178,0
23.161810345955516,161.9709249320028,1.8026748826466714,0
17.884688080311506,196.22130356424,0.9492635445460219,0
16.786634797933036,162.69002660810037,1.1207473650333197,0
15.203890162775112,176.5215995579199,1.5997087729494566,0
17.572236671893368,171.11968732998517,3.0093231740798316,0
18.689964992668788,195.2832633568078,2.7268564065767675,0
19.84049822276964,225.24541768771698,1.804239557272376,0
19.549057066203233,209.65881996424247,2.6823831665522535,0
19.62174518041682,187.3580148326925,2.1799067013744677,0
15.262693199908053,208.22245590024892,3.373424579934662,0
21.30904608707094,178.83241246277868,3.4481298293024607,0
19.459612874524968,238.3425015723422,1.8533951052029787,0
17.029410699561545,239.89531828470155,3.193008530307513,0
20.839818957481995,186.37510273064947,1.3196784348301813,0
16.408719985249828,176.8778698700788,0.7316783617731951,0
20.771479150757585,169.78991012555403,2.691063501214921,0
18.31016658695065,209.4895803438408,2.6168346140759833,0
24.122243647300103,171.80793423679074,1.9851104496778194,0
21.079537147907295,190.49626133835346,2.4140242434249877,0
18.211294031200286,177.70575257174048,1.501029453007361,0
21.449429042113128,238.7610863612198,1.0341539590869973,0
15.799243727713026,244.41672896215675,1.309292391072879,0
15.060134178314769,244.0310643482101,3.252248630404887,0
23.384875331575664,247.2262871187046,3.15871836441856,0
20.77563552577259,165.83677492225618,2.3819999098026354,0
17.84108366809895,161.95444849422822,3.3030323778867903,0
21.045543811658863,202.23634913737078,1.5895932888906605,0
16.595516400977743,196.8550472193559,0.7860319086309646,0
15.23387718643963,227.15903681311534,0.8035769067460394,0
23.119803342997415,205.29624644528047,2.5846458218915043,0
24.73328112745815,181.89357855901312,1.536542719365327,0
17.074238924580982,190.06899368118366,1.8440877664830477,0
20.16030064836896,241.80889586544848,2.5486058926692623,0
18.650811576724266,247.66473036808273,3.2679057101850133,0
16.530171345676955,156.63539165996121,2.5635702470488626,0
19.436462033115784,150.26470765502756,0.851071952090141,0
18.37984076094772,200.63321080511844,3.2574231668710256,0
16.131739792682215,232.42235455832946,3.0166844889842572,0
18.842095859415323,161.45864151900992,1.7854337415957007,0
15.196641985231718,209.3889862364954,2.785455359041173,0
24.57435952340451,200.44223326462216,0.5876777071732527,0
23.805979551409614,242.69506920931644,2.5876714021964577,0
16.25918234101557,205.56415404589524,2.4958271830950847,0
18.231556459229793,195.11894878091323,1.2977188645425892,0
22.211075913935524,213.23574770121238,2.5490346439090272,0
22.992485500766534,227.67188843619914,2.551731984517195,0
22.1375239572442,237.85216304443685,2.9637621057914085,0
24.23850069698147,247.36690829037275,0.6857065044912278,0
20.56799318086503,176.6985386158389,3.361453423726026,0
22.437718135390384,177.172365277438,0.9842595004618006,0
21.776919264613863,221.90496091008862,1.863346626997723,0
23.754802377514867,202.7903591772154,1.9378761907143258,0
20.78446052165256,248.29088994335075,1.913940084662484,0
17.30050230727127,184.38341795149705,2.328795567908879,0
15.012830844965459,196.27776715798484,1.785980932219351,0
22.187959094466905,212.82258766335,0.9035081616544525,0
20.826219588639766,166.478652369308,1.696732915092165,0
20.276419092579523,204.37803933048318,2.9888726291925116,0
18.32190965742675,222.1103552198412,0.896884191816579,0
21.98615636678269,184.34020159263198,2.000729823297532,0
19.250110287420263,204.0377678334713,1.7436904250877854,0
18.945745299289037,246.60447935369723,1.914119208971119,0
16.882858966406975,194.04815139027158,1.8223246273074163,0
24.1146014956657,171.73972797509035,0.5342430723753863,0
15.154488465458726,155.61561130942562,1.6065799259484321,0
22.999893144353173,225.15697157956419,2.156513104675886,0
20.108815128876564,199.82632964184074,0.682867077387866,0
15.203170841288788,182.8372074181222,2.776769806786527,0
21.954747189216466,212.77844119355026,1.1518716671096296,0
16.381898346968402,163.0230626092837,1.6636055413725546,0
20.155898779207682,227.32085649306165,3.003960088678898,0
17.842811155731948,158.33531084099076,2.6139654416232796,0
18.401959973029122,207.44866959926054,2.0179342491293037,0
15.635357470624843,174.7901724702624,1.2351284006897227,0
21.300487247091766,195.4560630038015,1.068799267827177,0
23.73826537219181,183.4007566748444,3.1406345300611793,0
21.559438965981684,177.0631609244109,2.234262542379713,0
18.365677494939817,235.27483214812366,0.8567364710187614,0
23.185503431839177,169.95008104303156,2.481073849323569,0
17.632037315832406,242.84169283670008,3.328502625477758,0
20.530196545027653,178.60874866847624,1.8285327071980855,0
23.476944421563047,221.1378489990828,2.2609645697382454,0
23.032007872005664,198.30477125225448,2.7490551440613173,0
18.042866977040145,172.58120693828425,1.8392372944361948,0
19.80166682674083,213.9264359205997,2.049110718430569,0
16.994693342605682,228.5623435818808,2.7560285976640757,0
24.964231746207894,162.84053568016654,1.879053548329439,0
18.799223972955858,210.34637779537297,1.7346987982978215,0
15.709113455300692,156.30177820744834,0.6813705412552924,0
15.041785256955528,187.61550088053266,0.774348707961777,0
24.91143881040939,237.8819725087061,1.747986237679645,0
22.52234751445597,232.8024394938771,0.9049705109749545,0
19.377289229174174,166.70917519826423,1.7449593655994131,0
24.69412667757972,244.08057788650683,1.0238456854517497,0
22.03965272428737,190.11421667263778,1.4866901931481729,0
23.749600432343698,168.67038539841036,3.2545977958404344,0
21.22731651567898,225.3023096421038,2.6359582914889845,0
19.54851105221917,240.0621765601846,2.64664953392417,0
21.054401404021437,222.07082458603793,3.1103926457826145,0
21.47776672361708,182.66957614294515,2.993361040787134,0
17.392223711775877,163.5001317485678,2.007625900799807,0
20.200968118644212,171.20954207265936,3.1570655328740114,0
22.55013534078602,158.8712131913224,1.9393995584572221,0
16.09597467878625,220.48975461012844,1.8862854967230132,0
24.26885830060723,154.60537013264184,1.9415886420894144,0
17.374904338615156,208.8488845763768,2.1861256188226728,0
17.06800985441115,222.74206791664017,2.6400314099518662,0
23.341770013894177,179.141275571567,2.9384636216229136,0
22.70995026616502,190.42707279069577,1.9181440133967693,0
20.016538795228946,160.7405236402296,0.6360289163670828,0
19.342127700695364,186.36191887559565,3.3899421082422876,0
18.432956808983466,223.7663384944517,0.7018087670284663,0
22.202020410811606,232.31004136851942,3.3482611189314753,0
21.14874257530407,210.11617137681912,2.7366303864843546,0
24.164636717747875,237.97332626737105,3.4578945950719713,0
15.980077943310992,185.91038948365696,2.4828834642380264,0
16.780419975392387,222.32410208737318,1.1667312130396383,0
21.006246934118785,177.41119721411977,2.427644820219103,0
21.665036625781205,171.0552353539963,3.4112361264598206,0
20.7046017756722,226.7609337878045,2.7538975662595107,0
18.80639218951999,205.18821410599065,0.855374841941992,0
24.269927204715827,227.81632385241343,2.2397958466546872,0
20.774313178544375,155.36835149553337,1.1148960076323597,0
21.76574262689151,219.916481858579,0.6857495016371552,0
15.949409887467718,205.59135839200286,1.5273377023444932,0
21.965473216403797,183.76229217653145,1.5363765961352889,0
18.580844613529827,244.8573434380615,1.8264863078258142,0
24.533727918255853,209.36466046020985,2.1759988895416895,0
17.303885901692556,167.10849346037122,3.2196998325490918,0
17.05010756122162,169.36251630558465,2.3767544200901676,0
20.50206922249472,217.21004016471386,3.166778923700892,0
19.233871235173066,219.8963111814894,1.9860094419915442,0
23.461590356777997,165.88985400268274,1.5077900995634643,0
23.158298478263408,174.60518396359006,1.9329703024780307,0
22.406868561979024,209.4587391179075,2.251373064755689,0
19.73411673880667,188.1586474069939,2.482638551221055,0
16.43251322204778,228.08113951634988,0.9095028056686962,0
20.350992623810185,165.0344461021926,3.09021687531687,0
16.974859466803068,246.40531366452154,1.6453280632899405,0
21.500695864684563,154.29582062509883,1.7700420829548822,0
21.649580382575255,175.42077205892951,2.578171960058214,0
21.490536790951694,189.05267614451702,2.4700406644482085,0
16.208644878799035,150.6739017645562,2.461487221270973,0
21.99204211744763,246.99663446934466,2.9584208808382852,0
21.07177447783199,230.36583504033533,2.055064313051002,0
18.146483537204436,212.12962830184068,1.3265684807694282,0
15.045812731465809,200.48852966790494,0.8377723491064912,0
18.79290915082016,176.29787055623802,0.950523354191111,0
20.309915178370677,237.58746097268278,3.197033629329625,0
24.54354865778836,207.6212659220214,3.082440625071835,0
18.21483460679254,227.49082530281902,0.5633794261846949,0
21.39856011993144,235.35158415070356,2.722962630255887,0
18.1180250780735,205.07099169489146,0.663086101795185,0
24.88315627519159,211.25866117641044,1.1935092443063837,0
15.107393768627702,241.59027451221962,2.3617339185539152,0
21.187455767086327,233.70768724124787,1.486227572599363,0
20.69726189704188,208.49999717856412,1.5729185844790974,0
15.707233419186315,222.541978507651,0.7921042772331771,0
17.596217291817506,161.41144367938375,0.5689431802717869,0
17.39248083275524,248.0519962633104,3.016573776165445,0
23.793385647936915,164.79781442786867,1.9486777614754232,0
15.917768862762781,226.3598089773368,1.8397015294978734,0
15.92449840675221,216.6714584282213,2.807041658170598,0
19.379695414903964,150.99976131185937,1.160230997189178,0
16.225922067101138,163.1279137660274,3.473618625504424,0
22.219330049007535,223.42934194701468,2.8421461937832717,0
15.704013480613757,166.01520707083324,2.71297401653269,0
18.174446911671875,205.1800623800097,2.3570762676977184,0
23.567407354172918,195.73926291786802,2.9950836650968835,0
18.046782987170474,158.73514833496696,1.4983306190296588,0
16.171430125744923,177.58555107205822,3.3296934140863375,0
16.205292832118708,150.12859500150262,0.6489599266197758,0
19.058604290254657,185.5799592896862,2.5869414984932106,0
17.507125680624043,248.79639444818105,0.9067895911187546,0
19.989515779790153,237.24611619236313,2.6710092347880217,0
21.177970052956812,197.75940915672965,3.02071508565763,0
19.741209937625644,151.0897774381738,1.6075074489915009,0
15.658313210812377,204.8626233946529,2.079849011061539,0
22.06088291854237,160.9263098894309,0.6336130372050728,0
19.644732126087003,226.69716294717043,2.0825759217539406,0
24.95942671318609,241.76312565825276,1.4408447687498365,0
20.692042137487146,236.56967822098278,1.4233517513784504,0
17.95219185222219,247.07123144745478,1.9825921854083648,0
18.56411494854886,184.9715774917546,2.6986186601408932,0
21.6457605373867,204.2534007258743,0.535407176551319,0
15.717515846142934,168.8927962629125,3.274151411087805,0
21.01228701919122,157.68298286678763,1.0370495133673003,0
19.45414547283021,233.94340431627248,1.5501333755083646,0
16.663291554998487,219.09466096390904,0.6138270292685858,0
15.097622986048888,198.45841807714015,3.2411296428923935,0
23.23814749464937,167.38600227452866,2.5260009656456863,0
19.97841635212315,173.21730639930792,1.3395493112206798,0
16.956596399257887,182.9072162945868,1.6833536811454528,0
20.07089772133552,229.21140512286752,3.046996465875103,0
16.18476447144498,198.02857737819213,2.3542555520196444,0
22.068027831338462,201.60556797000373,3.471566058778278,0
17.389245047660584,232.7950331420297,2.9476627472678896,0
16.816213040106888,196.47277472330933,0.912701143976924,0
20.026136640647426,201.2337301348895,2.309982472244686,0
23.348038544829656,184.70097955414542,1.095824174935219,0
24.638571959575593,160.54777214304556,1.379650786434323,0
20.821910479408817,156.56699042845523,0.7086785714613878,0
20.742172364619634,216.3258121190365,1.4337431140202685,0
16.175171751119642,194.07479676262378,2.5045954342164656,0
19.235175526458175,201.26444192028364,1.9129962437679207,0
22.693913793461046,204.86753494660877,0.6755989897044901,0
16.616152587621603,156.9515133507314,0.5415795585799098,0
20.850390626836884,247.09816811604145,0.9545283924410418,0
24.328520532540672,196.39630801273321,0.6626207966538894,0
22.662257518329216,159.6251369925307,1.3061957384905813,0
18.874770668144336,236.64229077335037,1.3763526442067533,0
22.34283980473616,186.7727117377003,1.5872909384726857,0
16.164265017616785,177.69521247341348,1.65003675562718,0
18.894996568426105,228.61214380766393,2.878809296192248,0
24.360978033549905,164.18439808370374,0.978074082373096,0
18.239457029161667,231.45309989611604,3.48439991248011,0
18.14637689222322,205.4649989966351,2.8281573109214637,0
18.89041583909464,162.1685899647199,1.5389821233886707,0
22.224366177115765,216.46845090265677,1.96620636640777,0
22.31917877618743,150.2128353602343,0.6188011009668912,0
16.72559627128659,179.55698262612532,2.971927913352631,0
17.239198856294113,210.65153605036278,2.971649929161371,0
22.369546017442115,189.10615102471968,0.7540235918201368,0
19.273123640412404,198.99234942749652,3.439198467597514,0
15.057190846299786,167.66798273817983,1.3486316294966443,0
15.74888303124047,158.3749839111875,3.134710083772123,0
24.559182769765833,233.2150443427989,1.4888701640449324,0
18.00594641381681,191.78443267193813,3.020147546762992,0
22.125970113199777,237.85555536844248,3.3655653035262505,0
24.34994035398234,218.20018579576822,0.663459588957504,0
15.750542058947577,187.2622705402374,3.322813613855493,0
24.045097591411825,189.342146568803,1.5394362767350818,0
17.353887047014172,167.58760361113292,3.201459578350752,0
21.41073087745183,187.11172472500394,1.2876668725142721,0
19.378950540260597,247.7999184053357,2.7356595266115296,0
20.06345954438767,242.53028584131908,1.8359674921477245,0
22.889489508741914,214.81524294457574,2.7650365381663238,0
24.430359950852925,236.74734086886744,3.4833823205367587,0
18.93474411128757,237.4436821061701,2.6290064838881375,0
16.435875927464238,245.57918149051574,3.099556883189841,0
21.567848688865865,203.89905563134005,3.3528253071518406,0
24.039987571239966,156.80596605114553,0.5456560955686105,0
18.816041335988686,180.14023693355597,2.7194143146360945,0
20.9217226759069,193.6858250509382,3.3137873417719725,0
17.910363505960806,152.6103678616815,3.1877347807819785,0
19.1398215301302,174.18888253954933,1.9366915480973055,0
17.315351772949448,173.32842417222022,0.7443731120067668,0
21.377149191218,221.58115659211842,3.451338035261124,0
17.204039906111696,200.20914981320047,3.191973407895906,0
22.175370848693746,180.44835586418202,2.888652622948365,0
16.14085151571139,225.91875586748887,2.956167392392218,0
19.530429478455684,174.9744726282879,2.2422362115492933,0
24.471728025852585,224.49335516492,3.0812553573844164,0
22.857098470125468,158.41407164759892,1.3298498195238304,0
21.781765679247094,163.1445382567219,2.568465167554161,0
24.44092619382476,224.33053112000857,1.4261931377891628,0
20.165025214731926,175.7471841191171,2.399308672860452,0
19.539117682899615,172.05787294238792,2.844526213082636,0
15.73461150783601,184.0067177863177,1.0833070798814888,0
24.1210215880578,179.29738556693314,1.843303173147905,0
16.285330248776848,227.75869500846494,0.5895427665095212,0
21.133274682052637,204.38670590677137,2.8632861582561997,0
17.87781477629131,197.6081622586404,2.3730842837387285,0
23.668303817706054,235.82711152194696,1.4561205074331016,0
24.74104156929981,228.83355780388035,1.86297525870554,0
15.74425619803906,238.66554193861262,1.5684581469187682,0
17.692716003282293,167.41828055079765,1.1159648284653012,0
16.797144295390524,211.97365036993145,2.2615345653031786,0
18.219370284002174,201.44659111131878,2.20878638120134,0
20.745918726098207,155.3967287034265,1.0430104151998538,0
23.90927862597742,195.32383367551563,1.8143938638841526,0
17.62053529206691,173.99243726688024,1.279835668215684,0
23.76615116013778,215.62751650012854,2.465141742344336,0
16.121628561113734,205.55119560125416,0.5830394088692994,0
22.556568950667682,186.34440957149206,3.1793868588859246,0
22.784817565767888,205.43625641854067,3.143074791073059,0
17.564284308845004,237.39637960412307,2.3695654576077,0
24.834753001215745,242.79362815166425,2.3875188439407995,0
18.16962935788622,237.0106687848783,1.278732426768109,0
15.681927797999656,219.3770438867607,2.2091838722965913,0
17.45663459613255,199.9118384652197,1.497078913870848,0
23.1607344996566,165.8637218018771,3.300719895505869,0
22.117015176677025,234.35780744475545,1.3631056153273713,0
24.360153293933543,223.29466390829322,1.1600480038996723,0
19.704867633201843,202.59047133949485,3.4931766745341166,0
21.82305135093463,227.0545379489613,1.5319733888467204,0
20.064665199224855,160.98292096870804,0.7314018046032027,0
22.1246240565851,197.7466819279009,3.2081378154987785,0
22.73499827283715,210.03496101521708,1.5784616812036505,0
16.219242172452105,237.5923262240845,0.692870968375847,0
23.670151455174825,187.34333252385088,3.1640509786718107,0
15.377132672468559,186.70795343616066,1.9557156597378413,0
24.82265924547775,218.37717896820033,1.7414040116437541,0
18.550744009251623,163.62065933549147,3.3060054385750703,0
17.084226109976267,162.96342230254925,2.8688459840566587,0
24.554900134862045,189.65562585914145,3.290318009839629,0
17.205742130836008,195.16127677155498,2.869363996531907,0
15.71050123226578,157.2989577519978,1.649411891332322,0
15.054687183069515,172.59738082094333,2.652767396558602,0
24.7272847923195,158.34598184942155,0.7245415974194649,0
17.981814928790946,195.31263885127112,3.1516072952822625,0
19.10432139194058,202.4053538210562,2.3715376240357116,0
24.896053901949045,242.07016301850976,1.790436041625374,0
23.789127734902507,239.32347180098054,1.2929186917281048,0
19.96162681775169,207.29284800572466,3.0407531795428406,0
16.83115178218887,238.20921649416618,2.4230989188899663,0
24.35340304329776,150.29852255228,3.2589083531757153,0
16.795040209602135,196.5945398439559,2.1514251554886488,0
24.446730869128515,212.17537914618336,0.5550964719128711,0
20.195616943496642,196.7470781189961,2.2932895853443043,0
16.46406851412753,163.90736409447638,1.1657167174245107,0
17.328055674594545,182.4460161115474,3.4861810477877935,0
15.304730940351632,160.74446456397163,2.6804312845424207,0
15.019646425745405,238.84309902929044,2.654514695465242,0
16.215764296113488,175.1617493418837,0.7544880238845939,0
23.859503943768082,248.631127295005,0.8332138429728873,0
21.867220821482746,234.8306131367156,2.743271556428321,0
15.233948494539312,208.37494349059548,0.643354070610295,0
24.796467277510004,185.24122340472172,1.150382205130042,0
17.730579876234785,227.07930700984596,0.7877481091427955,0
20.349194576136497,221.8100452622341,2.4826955719153316,0
18.676070811423227,245.7533905850514,0.8247709407636467,0
20.506858556227876,194.12904867679123,1.6724693298693865,0
24.738984180736903,229.61104838265527,0.8610447663137358,0
16.187328567206517,236.96263425012728,1.6946618335976016,0
17.39269499132853,165.80035379917354,2.1916905709280905,0
18.621969575407384,198.08738579842827,0.9952006613337255,0
16.56210075902633,160.18731758296883,0.5031723080587592,0
22.11279997695179,189.28587306223145,1.5125757212276394,0
17.451747684573235,235.87121510342712,2.802107470075984,0
15.588065060506242,177.45964021061633,2.5771974429383677,0
19.056399209071294,235.00346400793538,3.410739167963417,0
22.54764245797447,226.25324512112888,2.69139748524076,0
21.38949855538447,188.55477784863263,2.8327801783459794,0
21.52679319107964,243.7197145139144,2.2903184508229266,0
21.09861537518363,233.75406536868087,1.8085940485779899,0
22.269040653809128,247.67168791441532,0.5141472081792778,0
19.119744361944974,229.62205220266782,3.030043735727917,0
21.102116749518434,192.87340938492696,0.5173273210993536,0
18.40570453242238,193.08630843969263,1.7369951056154598,0
16.34689014975809,224.0178225822214,3.353933514349841,0
15.857068923970573,214.64710486267234,2.8965495810283057,0
22.775923328092944,226.59990632670485,0.9762396688527708,0
18.376733436308626,196.104099185899,2.3736131001276757,0
18.65212144952672,211.4730101578635,2.7464496967366965,0
15.402377227614316,227.48455885441894,3.0862237323702897,0
23.243128123138444,191.17029144335433,0.6458094370768016,0
17.753236529773666,224.77035428781403,2.002377053940319,0
20.048926336952572,231.84439819675293,2.910205872618455,0
16.354132379205858,176.43857004294895,2.8883989011216724,0
17.634013278997376,159.79896604798225,0.9777648519792072,0
16.189490360522434,209.52615341118758,3.0449561174545403,0
21.617717537068117,165.56020461386237,1.4978674921965873,0
22.89654258660757,211.00952532752174,0.6529497610377665,0
16.24397424022881,163.23250322841994,2.4080112746915705,0
24.81859793475132,180.75172935328342,0.8930458762750112,0
24.742158884803953,244.77426967333554,2.180365924715662,0
15.772094516020632,162.25299284712543,1.092344591661937,0
24.713380561157727,176.95192203813602,2.824073208123803,0
21.617650274353462,194.64072037200037,1.3449199087590458,0
24.077758342494278,189.18025436805362,3.010552190782352,0
18.908776544810696,176.27342749895487,1.508371330020557,0
21.895614923109616,210.8986748340604,1.2577228632216677,0
16.454243652660438,162.20793087983674,2.4560882346079635,0
17.05850636927373,159.53775482798392,2.8667282752940877,0
20.006638517730348,192.83131112565792,2.651759829266207,0
20.526305097021645,179.16317273233673,2.7935025561129585,0
15.583504430661115,177.72593157067374,2.8674533862079605,0
21.630808194567756,194.23391748998654,0.5225060991343011,0
22.893665669611387,242.2212463303075,2.2976640703962232,0
22.881706052211605,198.3288850867615,0.9499923103144877,0
16.446886048242945,240.08480422452203,2.531211315093848,0
15.601927621925439,200.08747797049728,1.0353226883516968,0
15.45541930512422,169.94598041651358,2.0545896691189682,0
21.3327596478735,216.41236713440202,2.4189454188692903,0
18.747508117778192,159.6793821271749,1.564590652875531,0
23.785782921846476,170.71636263920809,3.495404475958213,0
24.995606571318916,223.14774840381756,1.7267185530055822,0
20.259344300180388,230.66480094596335,1.542310585867926,0
17.930636689444754,220.32330237874004,2.5171617408169977,0
23.371580516890543,153.05431282133583,1.379262540303309,0
24.36183759626114,202.0045753136893,2.406892468807367,0
18.200872693696674,151.62803151834413,1.55876027846868,0
17.08458095961468,152.87363840482374,1.2384364252785687,0
24.08133205118986,211.05719075134198,1.4281968890681411,0
21.982751756951526,177.84865788169532,3.2532935806813104,0
23.327575723414085,170.49056792277543,2.294193304810973,0
22.80706658574745,229.41050028980806,2.846478793931508,0
19.464701811488553,232.8565813075407,0.7385928102072842,0
16.97280257864998,198.10190641443234,3.194887679422396,0
20.610588348208193,207.02712575552292,2.0936409588025775,0
22.00425476997153,190.47191192319937,2.938013460402836,0
21.957174186326718,174.8082768174261,2.4606560922116554,0
15.649917601692117,201.586002839386,2.4281429058816446,0
20.0159593278293,199.66740057202028,1.4798453559237617,0
22.5852743860023,244.5274518787821,2.9830465135787034,0
18.98556176015858,197.4114583134043,0.8873847913211443,0
24.82460731921374,197.33095111304692,1.7251580878128587,0
15.878446357210443,206.23570198621897,2.9612885742147887,0
17.653258541610413,241.01131069044996,0.7632983061014076,0
17.15339924954193,183.37909010161223,1.1956953643426687,0
17.42447996629226,193.73008266756693,1.9163830323096285,0
23.784457374582896,161.00396210206304,1.9725916295713746,0
20.05095282641824,191.68159800099625,2.474554570542285,0
18.933562340128844,198.38075629486468,2.002848249670436,0
20.545547722602194,169.42155185646126,2.316953338903568,0
21.21891330011865,173.8091754421281,0.6189208437929942,0
24.611410066245497,223.28185867530283,0.9246049914670023,0
19.104710200343057,243.1203388563894,1.7157216765047023,0
18.254600621691228,225.18773052480975,2.1567962704341492,0
17.043104223959443,192.74690094041455,2.404530738416232,0
19.19583750984743,154.66101841791374,1.9020946082305774,0
16.50658994867806,154.17268606065252,2.2685085838536194,0
15.633271446385933,235.18533455248314,2.647462986343033,0
18.649788075072703,197.24606757620833,1.7123761859569613,0
17.845989992608988,216.96671688436086,2.9511707362700004,0
21.361168618490048,191.74301774008583,0.6007565891368187,0
24.220223226142167,197.12729110806504,1.545708277342323,0
23.865021987336807,178.67707872285038,3.189118771453674,0
23.60628590493554,225.0686526173389,0.6131130424531354,0
18.783338279746943,196.28854765410176,3.257262837340748,0
16.109047826175697,213.02198691857416,3.153782101814483,0
22.065442777614553,180.67812070988487,0.9838792087385668,0
21.901422662038254,169.30602618672782,1.8278497485009164,0
21.058531478933844,173.26788651326535,2.865260731855077,0
21.362565867023136,190.40382534196186,0.7848381634930147,0
22.44540843960359,234.79755329543207,1.4562262599597833,0
21.671111193522027,213.53556350877722,1.9054224728740101,0
23.25580183364708,192.98232340112193,3.359437207492827,0
16.897419035978004,225.45064531234573,1.605186849429705,0
22.925696537302017,181.48100186050488,2.11024123355806,0
17.989071919200136,245.40403079426858,1.0229130857319857,0
15.853720237814638,192.35822676094247,0.6064702536536315,0
17.03649031942331,228.74303367510709,1.745627603287975,0
16.456466832283212,221.6029727850265,3.297619478181449,0
17.611850895309637,222.88209454100544,1.5318408986368695,0
22.456573506639792,196.13073955190026,1.1457535999233697,0
18.591047956815125,239.52795236634043,1.0973262798899528,0
24.96879770089682,238.92811384790122,0.6349020090381696,0
20.031646264485737,168.7510511750723,3.488455872425984,0
24.311749567829704,232.40376841638627,2.406726143029318,0
15.124299999273145,220.8109146726467,2.806059750220067,0
20.708329148434274,243.93937798268612,1.662848290805034,0
16.802798878305488,211.13656047981937,1.4143376714233868,0
24.006060723424795,248.95522367685462,3.163724705857745,0
16.164363961968217,249.4894471695756,0.5199526243760886,0
23.877133655233422,192.90704676575604,3.0119932337848687,0
21.727626898192405,205.09899286256532,2.509615205283585,0
23.490107579230852,213.36679895568804,1.297760635511636,0
24.1183827133073,184.12937072490453,0.7210945211510255,0
23.42931870879982,212.5493962508799,2.291794421509231,0
16.546024178207464,208.84895450750128,3.380234224409082,0
15.670716323085639,205.7355025050326,2.3311412916485454,0
16.26605874806391,158.2556398907768,0.5382882950034334,0
17.470747954319982,170.9829639643387,2.398936848159846,0
24.68317980861729,246.48793353787863,1.873776419878094,0
23.02926711178821,186.07257411977062,3.1446186151778504,0
22.13195455305493,200.35229751869937,3.421650910886184,0
18.82895651464994,165.182259500764,2.3636699547086586,0
21.137156824630786,190.14227604860505,1.8249732505821434,0
23.858016120585,200.8756906932549,2.847401192863132,0
23.427650093556288,221.2597938124332,1.3021762245694346,0
18.258248244454098,176.97042428368962,2.946977014609987,0
23.998003938566995,235.3731655324841,2.7751411047093897,0
20.02394062178277,221.7586140667769,1.5030673501667926,0
15.045741940291542,243.6226167832546,1.3454890062301736,0
16.17849825927835,216.9763011609963,1.5213733195313597,0
21.91373926771773,182.58504354670995,2.0696890061427293,0
24.380285193792833,152.65556104010767,1.7339941721122307,0
15.670662567343754,169.92555613169384,1.7812894287040921,0
21.253146247176105,202.3729867069921,1.545047351647138,0
16.827232009796123,229.47695736352995,2.95821309158222,0
22.842483266950907,167.4561510255874,1.975904846564022,0
15.853863386088737,202.04386350841344,3.207765965230689,0
19.64763461333937,247.45286110266449,3.0509553211886233,0
19.93943857307026,186.77632457395615,1.6479729723838967,0
18.89925111501618,238.73342219998113,2.889598105363043,0
21.445727616500406,241.485385341444,2.543381661692551,0
22.433381608212255,164.30006352953876,0.9458851508879592,0
19.905255769098577,194.19468004906597,1.6720989673843432,0
19.058886844682736,169.13440198357017,1.4083346804499317,0
19.305941433794793,173.53520148170088,2.3462893988593905,0
15.320015252387678,223.69969686575968,2.0773030548356353,0
24.827792990316453,155.96239056041026,3.0328412756093415,0
23.231949881985557,235.36120372855993,0.5197871616178238,0
23.39743950163571,170.1380825619447,3.2385682494289294,0
21.785967899158763,224.66554910423326,2.4456765902115603,0
21.67377394328756,219.67332080124675,0.9136427773426802,0
24.857231861406664,151.32347674044635,2.3995686716544076,0
17.101963740215197,246.82896797348184,1.249699517777048,0
22.165799759072453,155.91125354857138,1.9226002639367112,0
17.416206710876082,174.0653862942123,2.041621375377324,0
21.55080990265349,243.53237382009118,1.556426939441446,0
19.841838230723727,245.3563068618779,1.4124244453727823,0
23.237369340441933,207.86899384811076,1.555564415262492,0
17.358607208380036,248.19525269225207,1.5452352315543725,0
17.66138991113314,206.7558171929941,2.418609318933644,0
23.047051648892648,247.35569969674577,1.4784799721815465,0
18.966298050532725,174.87613639700334,0.64458051376141,0
23.04993525353926,247.97435799389365,2.3585239073474593,0
20.302869133757294,232.82203725095303,1.7319900406286406,0
18.195192918919794,178.30829545589873,1.3190777622254912,0
24.281452855877284,186.10563338898882,1.9921378012418258,0
22.776127079448514,205.677629137878,2.904315238658595,0
18.556573131125642,178.88341370136672,2.0485522474399636,0
15.288712035396276,238.0638399649363,3.189310586711202,0
20.566214759134663,223.20386259670528,1.1055778074499,0
22.49068203851796,232.1165823043694,0.6726746462767201,0
15.348350482392224,217.51878852996072,1.1706229002645174,0
20.285173919934557,166.15193604489954,2.3063923643734037,0
23.664927755728694,182.16549096291425,0.5660314890530515,0
18.103574153797865,208.7697878579107,2.41417927719234,0
20.911720084743223,165.1161845282262,0.5913801505943475,0
21.491561624385497,227.07450437505037,0.960478696018528,0
21.353627755261137,216.93014257811473,2.648535221803845,0
15.909184856020211,243.99181386514243,1.5216278800739802,0
23.74758277567176,180.10141645993087,1.2261099116941399,0
23.49800113069839,195.1642170480197,3.142789117218619,0
18.741639501969644,177.62881629857762,2.7520998185291896,0
15.401963769254241,243.01672040026654,0.6777575690567877,0
19.407788274280254,236.79948785425148,2.881043230394554,0
20.169863977529666,196.95713796918866,1.9095028615506944,0
23.55874335220896,184.33904996727367,0.8138396376226409,0
17.952572688099092,234.35029313216253,3.3454110484947788,0
23.54848750515955,181.423790023109,1.2293729785079122,0
16.289685073311514,225.449357490966,0.891432339674772,0
15.305234272477808,198.7500081479687,2.198174935727641,0
24.30871648728926,213.17876131412794,0.7505798315919321,0
20.772610845084518,154.50926040039482,1.890596813775094,0
20.99694340709327,235.8498738056735,2.9771763979730386,0
17.016973889876915,169.02975638744923,0.6456300558085163,0
18.40306204148055,245.71706659549068,1.1736767757757103,0
23.53597680448314,189.38769495362578,3.426602690805823,0
17.94310977049029,216.21532632227314,1.6726753379927586,0
21.973305490789407,234.07911984960413,1.3588808602959728,0
22.64645141446009,163.69449884324746,3.3850943311754755,0
19.401702387147402,155.59238306431723,1.9059515863405374,0
22.110630897807575,163.30611384263824,2.9991411424576775,0
18.158069718603617,181.56411344867607,0.8572078748566854,0
19.29239181606505,187.35320832832411,1.9633361784287928,0
21.35272440738987,172.1489366897368,1.53471267482709,0
17.984779507968245,203.15575813114313,3.3281602318536714,0
20.917017926465526,230.21173717010834,2.869363765366307,0
21.647865250899198,234.1075847037959,1.685017500642224,0
15.75259778543443,209.00869927950293,1.841213723944096,0
22.745340843064966,195.52763551908274,2.2625709202462145,0
15.097272085419782,241.07939020350304,0.9486014060510358,0
18.7108348552685,217.10091951852797,1.833996503934679,0
22.404703212925583,203.14140260628062,1.5233582484074288,0
15.024506304090503,183.39349646473164,0.9626088851345095,0
18.466680457237985,205.95096082499242,0.5263021524909419,0
18.540236579233714,247.1558748056964,3.1416241591201057,0
21.88632931558672,227.961008352054,3.4514681931561713,0
17.53482439034002,246.16350958379135,1.7289303066058057,0
19.242105665040306,184.02473007342536,1.5491222806336478,0
18.383455950414735,198.72113244514418,1.845260193448118,0
19.521878967697234,154.9086682131584,1.891457166559955,0
22.637197183317905,210.15704880966598,0.7435148067517136,0
19.472970795364667,249.34404642134265,2.6724973744407827,0
17.83459683208611,185.8907938835918,3.342699086698131,0
23.288507412999696,164.38909438189526,2.4267900937501365,0
21.84043518812718,227.8398689404374,0.533502154131242,0
22.64683014120378,219.05390040412274,2.8637652127791022,0
21.14901511481225,186.8463237322961,2.5866790424527686,0
17.937680183186426,200.71738583808556,2.255186967502838,0
21.47195485244727,187.28963722815945,1.634537324377649,0
21.080977185982384,245.9661177035324,1.3990068536697704,0
21.920350540689807,152.65744619696284,0.8964035770547241,0
19.5313543771787,229.49056168583905,1.4106083776709584,0
15.669363027897809,215.01054012224088,0.6799591457305577,0
24.353372947752995,197.48616623782075,2.737386625605184,0
17.751601142904164,212.07417113322688,1.9252563117018027,0
15.228073806506934,230.86160677000444,1.1702001476862178,0
24.17380704044026,205.10857036683544,2.575896346680138,0
18.913822437387687,171.42786178395218,0.5785769300657907,0
16.788789743808515,245.96531188609444,1.5629368541169222,0
20.42925515194982,176.5957024667238,2.543299454219039,0
20.91406756028253,177.84090654045977,1.4654501470510093,0
23.45630935860239,178.6699936269247,1.9908838979892334,0
24.969351125496196,218.87792631885347,0.5162533263520723,0
22.754563505215856,213.08426709877332,1.5009618135434213,0
16.452921396450726,189.52180777133816,0.6528114819106131,0
24.10477237243344,176.63590058667276,1.3549372831983213,0
16.074592649735663,233.7724555332651,0.6136936682153086,0
21.060043485859644,225.54033779163575,1.2453807630892073,0
15.289278903431445,229.56356398764717,2.222443411370933,0
20.144055814871585,164.20829523433767,1.7829160884307402,0
24.916662079282826,178.47348700083825,2.0774890707791474,0
22.913387739303836,216.58987480174886,2.4668768820930453,0
16.569615430119278,245.01328007981618,2.0816008963811274,0
16.517436397205884,243.6342066513539,3.118095025589049,0
23.93790039960553,188.66559662542358,1.296131750229823,0
16.396367640306725,227.70577818625895,2.246285058889043,0
15.24937980618322,235.99346976493382,2.6960761791593972,0
23.316419388980393,199.14110365487824,2.7392902043717102,0
21.517036369946073,194.47867984549754,2.7128214580507866,0
15.223623580226164,161.37246748960916,1.5911003444377991,0
20.922549153767513,223.6178413029914,1.637672160466957,0
20.201837298954057,239.08171247165046,0.6904537821205085,0
21.131236051803025,170.35132383425264,2.1788645655939365,0
17.450700282446327,229.30128857279163,1.2592201127340896,0
23.603696710691068,164.2421626578717,1.9550242768904862,0
23.643739639207446,218.91264114501007,0.8622970067421761,0
16.654567585565683,248.8266690612329,2.848962135414434,0
24.872241910083208,207.8854054235481,1.036240660030571,0
16.476012741982156,207.67234888898756,3.106679847616765,0
17.80868476894986,230.46842790146303,2.2111305464806286,0
22.994851583679747,169.48497903742032,1.906680810695414,0
17.983716551220034,212.03092918197558,3.218821211661439,0
19.705355046521717,192.41571421893775,2.9980553261523304,0
24.83514497734445,172.27049819691155,0.9577119738033877,0
23.312018735422157,205.90846525628376,2.9675306303240445,0
21.474191960079143,226.85168003916746,2.1090229640146587,0
21.623809764309865,225.03356824267445,0.7304713561687943,0
16.648768992559354,233.7182732531536,2.0250521601052696,0
16.52708609673097,196.37003140898935,2.548147023097991,0
19.37339214841238,158.11200106383956,1.515764600306804,0
16.102616211159695,225.73725309542897,3.442314103263029,0
17.979654350280082,161.00991438167304,3.0224914903160705,0
17.7617461078381,168.92141071865277,2.052333988634734,0
22.805789155011247,182.69212323936085,3.2571082621649294,0
21.560271882531495,168.0665413002634,1.17342054231028,0
17.318740185634255,171.71587731774446,2.628199758083012,0
15.013592420069063,150.95115039233144,2.486990365714978,0
20.847860339271467,199.15591042206114,3.0327694283761972,0
19.432651531062437,168.0554311675502,1.1012273048070345,0
18.504491601746242,246.16006992571215,3.1402865914362454,0
15.690218205704548,239.37569656283165,2.70264952920236,0
21.593139126070128,175.19389549307533,3.349749108011657,0
24.136003807385947,232.74939261810442,2.827947868878079,0
21.613421717556474,174.516240297413,2.5548985726063593,0
24.415576167761216,246.23521054536866,1.8082210294795422,0
19.121885904725552,233.209901999443,2.5089868140171165,0
18.201414631537858,191.31875466547746,2.4441799628231675,0
22.965670832823847,212.29190896068593,2.943300757183595,0
19.273314117322677,213.71348930842984,1.05424398787977,0
24.7098465279023,183.00834902372756,3.4861130894762407,0
19.414111556609754,188.74807454989545,3.388687158238782,0
15.015061502470836,231.89084224364075,3.1038204568032204,0
21.66115461466469,224.67196970240244,2.35998864258195,0
22.638685214666562,207.8573886258813,2.4089575480659624,0
18.165712394202696,168.17393812425283,0.9055103198275598,0
17.61671795050911,230.7626577228541,3.132149024749638,0
22.042393656149734,242.5963446787939,2.007773524867523,0
16.584807291590202,158.7990963700371,3.0493030227954705,0
22.57736654807987,235.27279596138942,1.3660209392653004,0
20.673364110569633,211.54718024968022,2.3530598538686847,0
16.322761445358044,170.4958214811954,2.338291027565454,0
21.091934358207723,156.72588565016744,2.914202767519561,0
16.401154997979837,214.30777618014284,2.640146009002754,0
23.921611512867194,166.2290807434007,3.366500750862348,0
16.599730070745217,212.49571453168087,1.3112709208129423,0
20.241332230126925,200.28542598034096,3.3015032990761144,0
21.46840336824981,223.73324424660197,3.311447670282382,0
19.736089551142467,164.8726110207647,3.4092734045902278,0
16.657699005794996,248.26667736982512,1.1537585316287369,0
16.243098763767826,202.257099307984,1.9884112863575152,0
23.512150576645,165.75970147128703,3.422498377488717,0
17.323212259340927,233.55487681602335,2.8585584004187745,0
24.311239038623537,156.5665938675748,0.6954011349982911,0
19.82358443729181,177.2995873157435,2.4393822394294022,0
19.251480126005234,202.65703146320647,3.1696331889602156,0
20.440981459788674,180.07809062574142,3.0769173178012266,0
24.794190984275367,223.75897188582792,1.8407703781187994,0
18.04894296663694,220.23488561934778,2.9682013616553036,0
24.41888272702067,181.96525868803988,0.9556716068011131,0
22.35082586641738,200.70615552331577,2.6760101105493344,0
23.04568975563354,179.07199406284445,3.4797517631629327,0
21.06641009806055,237.92555429438767,2.916838698643792,0
23.213868278210906,163.6194290353423,2.7723389650869255,0
22.037860550798793,216.05517478621056,0.9140712814866633,0
20.96496184198918,233.404392491697,2.3151301278188114,0
19.603494589323162,190.8837888830428,1.0017334582165192,0
17.886215486930062,185.56406555240255,1.8364987378069157,0
17.369913847531244,151.31768271189526,3.3391286810658456,0
21.896291725157234,158.0862137923595,3.3169621951464867,0
20.583837584617026,155.7849495541601,1.9809141263199213,0
17.191234088278367,201.22210602523074,2.7010828922017955,0
19.417263862415236,162.4932747945595,1.8850574494724648,0
22.61000171456045,195.80816155850135,0.8551156080146599,0
16.037703620270346,210.74769097104917,1.8432778754627916,0
24.65910385619658,217.06604112111756,3.488509638465152,0
19.018407326216604,190.4857959184303,3.0240340585927457,0
20.839651462797185,154.66259386242757,2.0693244039603513,0
19.480996693365693,165.3051614845976,2.0518448981690405,0
23.439863098368544,180.30192859660266,1.7220814323912932,0
23.77149813404597,218.59605679520118,1.5817972290700775,0
21.17291320489132,169.3968474574618,1.5227708748100368,0
17.486373241605673,249.94417311403834,3.161667480317005,0
15.971111357997081,190.20403469449937,2.2767547194249262,0
15.607915569798946,207.76527779704446,1.3248939370151653,0
20.660127208904242,190.2095444210572,1.3392057243345588,0
22.074315855418664,218.51007152972903,2.9234752200724285,0
21.205888621173813,193.55383229810937,1.3436874407245887,0
22.81679685955796,248.29088868766132,2.364907747624265,0
21.963313539298326,161.2832288390649,0.688039287891164,0
19.335469939534168,244.52292124575735,2.6734689883180915,0
23.76033192534328,232.7246149300999,2.5000089438848248,0
18.740724835913184,216.54961639220568,3.417639486811991,0
16.93101485300149,161.9786653387553,0.7389543883189875,0
24.693437094877943,213.19596391206355,1.2605358099319228,0
17.542106421361822,159.54499547737282,2.038918260026292,0
22.547682030487437,183.7343562081973,3.1960692118907277,0
21.138677425738802,197.56834166440981,2.3598806463489064,0
22.17493700072318,224.64519548139555,2.0570133991784836,0
22.232252415181883,152.90076198778462,1.0100984376688955,0
15.91982799126696,206.69488056557344,2.3613267511064313,0
20.283256045082062,152.8709775126744,1.4279350081871849,0
19.365666295907566,199.37296141164614,1.8850836194524663,0
17.247540830141595,249.4950855216222,0.985940113574762,0
15.569630583319764,229.11573424636936,1.1611976206383856,0
17.877547825436793,205.41257734161394,3.130417137721289,0
24.724417653235882,198.28369577619867,3.3973143725340886,0
20.359599602934946,154.68526779195665,2.52792907296237,0
16.62643839578169,152.24136576484344,2.192187597942291,0
23.751333023919912,167.2774279165447,2.7782074824163376,0
18.55420337901847,213.79340362350388,3.184108804951117,0
23.24912760721314,210.74064471843448,2.3195697561151007,0
19.276477486375747,234.639895772498,0.5061168155120025,0
18.556126099066024,205.07785621424912,1.52871520980749,0
21.60024816067545,235.93933495909118,0.5140341648638375,0
17.894595948803556,196.45405256441603,0.852949020034087,0
20.24706963927903,238.0816567544946,3.212967475323178,0
24.873768539382137,178.49136963432935,2.777538977236569,0
17.415427582951644,239.67421989147715,2.0150250354452175,0
23.037752713501334,151.12455618421114,3.3536810668849113,0
23.207115765195738,170.44856018616127,2.0795953910887124,0
24.147355824084045,192.1781792394073,2.469972149862955,0
22.43726382766546,242.4236401822843,2.695958520542072,0
21.520761855722057,152.62881065406395,2.191489508380348,0
22.33668475599673,245.16938995914708,0.5437496835962786,0
23.76387425637921,221.11034024433354,0.8413709240244628,0
23.87311421439886,167.32661483179427,1.8082336664954002,0
21.96047453904218,243.98302793036154,1.6662179568895394,0
20.870404446846067,164.32365792016836,0.8681040244512757,0
20.38945225003854,168.02593551743885,3.1868160697040073,0
19.132150348261497,236.32640917187865,2.986362130915049,0
20.461848074346758,219.07747078746166,0.8475051532576403,0
15.329535344518295,162.93476728249925,2.565758037898415,0
18.367339825492778,183.07229743978868,1.4308628338266054,0
15.519922620578294,242.71733626947088,2.044615294092475,0
19.73687222277606,212.07093395293697,1.4908199075026034,0
22.530922519997397,214.0492730900558,2.5072672579876336,0
24.809211407219355,154.01760432272806,0.7662290238968495,0
18.048781328404583,170.41963015977745,3.4384080521844202,0
24.02758031071319,229.09138240609047,1.2273523863915035,0
18.613636691855717,179.51240272646132,3.451421549299816,0
20.669994714148544,211.59509833545548,0.5084136915243124,0
24.274089337256555,190.29479256502688,2.4827474066837563,0
16.82005581411313,176.20067270795772,3.2923579683860944,0
22.292339056596738,227.16717631446937,0.7143271991943612,0
15.049853363895917,198.55135427953738,2.3852808976216986,0
16.542040444930393,171.23369242890558,1.495698822068935,0
24.400515557983454,200.76342961633742,1.6942945916942878,0
16.467351582420804,177.54331463062962,2.3212221174925562,0
18.0666252326043,185.69228567908615,2.0896269396030047,0
22.892380487569607,203.5629001930374,1.7362208103772805,0
24.336636822491762,210.43766275147408,2.9890338072836715,0
18.778074487184977,215.13474086148514,1.6204632761412758,0
19.556117924816768,236.65108111083902,1.922568918998035,0
21.352893438871725,190.00147093392377,2.803422292897357,0
15.48512665720345,194.78133380250307,2.5847541411320707,0
24.28573942758421,171.50995148864735,2.6268109908709123,0
22.192458095722174,235.23909779310233,0.6740094811639977,0
19.748169632116543,185.8252977393024,1.399003595734978,0
21.129034047212063,169.49002970728313,0.7275015299746103,0
19.002899711677344,176.86039473386455,2.365492663852952,0
16.999917921753994,155.75289329189292,2.3366488147106144,0
20.000083998972652,151.3463873968172,3.386663554869167,0
24.142983280005982,151.4295040904781,0.7771057237171537,0
24.65657908352743,248.81869211666657,1.777400310619094,0
15.838282072633035,176.0261817251883,0.8349439165823521,0
24.51021321374554,197.0354436219053,3.338965836646567,0
20.90230267135405,218.6258179697354,2.2858628975449937,0
16.623140163097567,245.89761776713937,2.361621718946916,0
23.972659751712442,176.31556460902542,2.543130514927742,0
15.750948897315961,214.3686130948889,0.7921061802387139,0
15.445722986595147,176.77118468153117,0.6555644682636234,0
15.168590874733955,160.6335699969956,3.3843994347043598,0
22.19944965813694,191.2343075714976,3.23434304666399,0
20.018618476533625,241.14620953996723,3.3166460851287325,0
19.749347292220136,210.32369687925564,2.2598108037451667,0
21.674498296558532,229.3013583888412,1.6012981222647977,0
22.866330260858835,235.11582685420063,2.4512598298067134,0
17.618063360515716,209.5479690826276,3.419367149540694,0
19.119816537340757,186.3065680215733,1.97090947098275,0
24.21329680268088,158.2098525356441,3.0907296635472004,0
20.260886723420608,216.04500284004496,3.323238670056642,0
17.76769420860043,214.6807322599027,1.7616652969099373,0
15.97711647135641,228.7704122131302,3.1853582432396315,0
18.88047983096157,241.2466062381349,2.0813915338519484,0
24.17732559140328,190.28610780409463,1.4060079403828092,0
24.257591614207662,193.84439291687244,0.5885225382626604,0
15.059076724299096,181.6603494152303,3.0887581109949815,0
23.57757242510307,200.58892619648037,3.065150890086978,0
15.113270637113729,169.9052976199486,2.0255917585032712,0
24.29380984072032,230.25095400324625,2.83346499384421,0
18.640846654172684,157.8592499578933,2.4860927225967666,0
16.719095311713172,194.54319944918234,2.070408712752015,0
16.145676731099222,204.44072249756908,0.6944122376742152,0
15.358336741804006,236.4966580852481,3.0465021316240897,0
22.34295024300919,248.2368840834258,0.5287822866882251,0
24.782758274346126,182.4742010564216,1.9761101961336773,0
16.975505087083775,150.22241852137313,2.309420983874684,0
24.091316959726115,208.36957416413495,2.144858237262289,0
23.12832480455711,214.90065163537957,1.610795602403819,0
18.06743289583458,160.2712422441719,0.7624573773348824,0
15.005810374418706,163.13909873686865,2.4169811012951077,0
21.293327940950107,216.68851904954025,1.1058014347266831,0
23.67923597646547,240.34594961374594,0.9652515609309266,0
22.03202463294197,161.2317457787678,3.223037562424482,0
17.986807607072222,204.24131926848588,0.5157460047423762,0
18.482043270770074,161.35100357666863,1.7076292486900897,0
20.920001542598758,174.66148742028963,2.0041177272255033,0
23.521090610581588,198.7293382196666,1.2276569996883833,0
21.87645476446739,202.06815816091927,1.5796177015081576,0
17.890034788159564,215.9604508968343,0.7275287737569394,0
24.442263600612357,239.0145620534669,0.5212166074708922,0
16.15778746198179,198.25196532882993,2.7194318320619875,0
15.314176680270677,195.09025903947742,2.279320265786821,0
23.156340586030506,177.0433629085307,0.592367630214208,0
18.769796033611016,181.5129607414725,2.893250379157362,0
16.798022306973294,179.55973087473825,3.172231591555219,0
17.809926615218913,156.87356373887494,1.1207393786854776,0
22.872104950278658,195.5444088083766,2.3413185514531163,0
21.292182405935225,158.68298729999566,2.9194585540417646,0
23.41239999494482,190.65370052449668,1.6219052722623113,0
19.995925040754067,184.42232744411433,0.5753435522075148,0
20.812034774751353,168.04396724943965,0.8587055641294703,0
16.9874922328782,214.96581913413314,1.1871511924484208,0
20.89911275745316,159.60417476461168,2.3639567002910122,0
20.01041705519694,180.18119687188124,3.319076119351245,0
16.430379758688105,193.6914961213571,2.734980922054891,0
16.500874962492844,205.2031372264106,2.303183605284241,0
20.65250797900066,156.05181959882873,0.614926488713035,0
23.39277032239345,170.55481831512694,2.9552867793930844,0
21.758744174167607,186.65741941096138,1.9311909255832689,0
21.71781788325901,190.75564933002138,2.5792448137591046,0
17.326420181276507,186.1769895422192,0.9025196606845347,0
18.807811249897597,198.34370576581043,1.9116192370737803,0
22.793760892940632,213.42645271566104,1.6682005010636178,0
19.348095208319503,155.5949252861652,0.7509170340904082,0
15.838128664694569,220.35077592611935,2.6524166144790735,0
15.078827709628486,164.41425651756884,2.4387649665018767,0
17.57942294058742,215.66395066112335,0.5489579367023549,0
15.54692612952254,228.61530975778254,1.6464063961088948,0
15.914127363699237,190.56559306165457,1.8646287094638967,0
16.311082066182824,224.40058668974163,3.1529209163062495,0
17.09970710068942,162.24975526027248,2.397491688080367,0
19.922008249874516,192.5244144409075,0.9017193412741916,0
22.392050065816004,161.397831593727,2.000851051491747,0
17.703203534748013,194.96430107303996,1.6049945631765394,0
24.28654399821455,227.1526139927273,0.8129488323354997,0
15.788360653784995,227.0874686360482,0.9852224237327328,0
19.55391197242296,199.04169999593395,1.207198065258892,0
23.5291413029431,196.3965543390855,3.3940323703476123,0
21.398400383033973,152.10740533547926,2.5827953512254465,0
18.286936445080936,186.4933613406887,2.1981430921846266,0
17.053701835026178,226.10977068794614,1.1833957480158273,0
21.31259687751283,238.16527800160026,1.3673969762276839,0
22.924690678084126,162.99967380220556,3.0739691362605828,0
19.777522719704486,210.67620986363556,0.6910123276574734,0
15.563053059200506,240.1160827270956,1.5769438329118974,0
17.41352947559252,162.90680212780097,1.651464422704243,0
17.913413023847582,156.5942658188878,1.7422887556584268,0
15.124499682870118,213.3369283501412,1.5947387397905857,0
24.814532208868986,231.44552817916872,1.8779375628794097,0
24.395088526217066,192.9746761401771,1.6755299231138272,0
23.69757525268612,227.62194086975023,2.8294222775073643,0
19.938611612671156,151.5663183837883,2.140285138489517,0
23.441134882950806,158.08452252903908,0.6755564601512399,0
18.909394167793067,191.71116344423135,0.8363497315007418,0
17.884707001355462,171.39675722451778,2.6556011556105097,0
24.723306079330364,180.11306536440335,1.1605062617278328,0
24.385546371659597,231.46514970879048,2.5227211728878953,0
16.45569081486188,216.5432015777737,1.8458199672064646,0
15.538644786805024,245.36963658324356,3.3570735122280557,0
19.616988988288785,239.59271740752592,1.1085956006059914,0
16.13213567503098,222.50129561584325,2.178353200701349,0
21.669886453781807,185.00702212714225,2.4949196929166666,0
21.206706838400144,195.92618146441913,0.6009418549201093,0
15.301370989619183,158.98906506525736,1.2999804975905143,0
20.69332647849049,171.04188092725443,1.8022062610237806,0
21.129642373459287,238.75619981965724,0.8475806522008053,0
23.197854104520836,182.40598684805363,0.6359898638821886,0
18.542457802918584,216.33381920113982,2.998523619971402,0
22.28130037610277,225.86420598870762,2.1956058883201925,0
18.089804624951228,192.06232812868825,2.335801510155907,0
23.069280574897835,201.74811376615062,2.995890744011528,0
23.121425509757998,212.04534026826914,1.8815726282075493,0
24.845733019823918,231.5777788217273,2.327653994153644,0
20.264553300761513,245.81257720507577,1.5328928566162516,0
23.062183202802835,212.61439194606615,2.877352108992108,0
22.601627835180818,233.2015636252282,0.7561198962758846,0
16.08351573835708,199.94815209437635,2.2849418030169253,0
16.590182673184536,195.80937972224666,0.9289612123045695,0
21.969675009286497,185.04847814300754,0.7644167606961885,0
22.477732071582388,210.9671787095163,1.7857730598161872,0
17.87166391513684,176.63813179365445,1.231955548371828,0
19.37343352423632,185.9752006774817,1.9271673977119885,0
23.926813897414725,197.47347247844652,1.661483661404724,0
21.234543664300745,185.8334908542397,2.8077029647292973,0
17.402530424230537,200.67531412881556,0.5797985734209726,0
23.727811368733,185.4116872842195,0.5315109644393243,0
22.345646636399252,196.0071188415788,2.300412501247976,0
18.922308381223644,235.99231337771909,3.4475974511408602,0
22.446661278008555,213.99971903017672,1.9917599729158344,0
18.03484807892416,197.46982391334805,2.3056627057218972,0
17.698808683024048,224.2420514835223,3.209264359117035,0
19.16840400867691,185.8587332625172,0.7957908631463387,0
17.661991072732732,169.65124868533408,1.1713990365105462,0
23.54263904743707,249.5489006701971,0.6200949466180942,0
16.878029667121357,200.26334630779067,2.032252685704531,0
17.404528192383914,196.81354078917826,2.895914881198749,0
16.483671550348433,175.5328356909233,3.1188694605326615,0
16.97952665179858,201.27378313567138,2.4950737485792467,0
24.906363243974774,221.60744424582595,1.4588347607278793,0
23.032771189599288,230.34285524651912,3.1724623306230653,0
23.77579209071864,172.99744177901312,1.9291829585074687,0
24.688757914538897,202.12090273454942,1.0703161011103715,0
16.37731834471628,235.93922619637368,3.057809577483514,0
17.781986100277557,176.05864674990084,0.5239517684241948,0
21.647274759411534,158.25822492949445,1.9931458905844255,0
16.156511195845763,156.04401087351587,0.9642324456558342,0
21.522521939084427,160.19076623262018,2.0370771696670404,0
21.054011784187363,194.65313427456238,1.0557184234814443,0
24.303297242743984,232.41774376643684,1.906092056338542,0
17.564295605081767,190.6940301158881,1.6941602143309988,0
16.959103175251308,215.4130077406847,1.7872249925286643,0
17.282698971085736,169.14590337990813,1.0317586306475728,0
22.145897180072385,159.30292125298786,2.3729476972900123,0
20.770362138664815,213.7153393553727,2.278598857429348,0
18.77249723197637,221.53311666282482,3.471725433761953,0
24.431674092200158,248.2425366806322,2.2251368995710137,0
23.911354858682333,235.91688795803915,0.875739719917938,0
24.679700807448995,205.42443037974553,0.9607505511912382,0
15.618684504057029,153.60059806505333,1.40223935889323,0
18.466527437064652,162.8369804172798,2.4097949839545274,0
22.15027050701842,247.16582573378543,3.3100869408740694,0
21.47387750880174,200.33685462184928,2.8879047389629107,0
22.14098677045395,225.07869954835684,0.7879008918965655,0
16.466633344034527,222.21562006225201,2.9922401276848403,0
16.26283652538252,177.54314191113102,2.5105830330291803,0
20.403251677203304,218.7788042349134,1.8198265594206813,0
19.042471741988262,195.9611915959028,2.8946067604912074,0
21.818065365873068,249.48445831423248,2.991923687545572,0
22.180690047566177,179.8559896165224,2.9782363588635157,0
21.713706150451458,176.36364752267215,0.5146506216234628,0
20.38215415335806,221.32580357890382,3.1267357337347876,0
15.315122726579776,240.3310679122352,2.996160890848882,0
16.200654825668966,234.8165919683061,1.5645406214697295,0
20.066890358276396,156.39984453695894,3.4640120464740525,0
21.596671569584124,163.0377115284983,2.90171689210724,0
18.181956687600426,244.43505597559732,2.2748510632495034,0
20.108921681819062,170.64223557746845,0.7778452653667366,0
16.322233570480293,242.3458609228568,3.2605766951066757,0
20.830644832396022,226.7240506120978,2.0668809261787935,0
20.529268325631257,200.07924896000972,2.080065660758666,0
24.44725867115743,196.69911506296765,1.9267743857423165,0
21.12206119347267,185.8649413279993,1.2563297262761588,0
24.64227218916951,150.5624439636001,3.3380143400246736,0
16.86822211900803,213.4667686388185,1.7699957035388474,0
16.279894949021788,192.28363424539037,1.5615133328400703,0
24.394114824971325,208.1110500417615,0.5266415454071562,0
18.287829551676275,152.02382302051006,0.656396638580996,0
24.325291700833652,173.29344887371528,3.0272431512417404,0
22.395109371753342,176.37956735299628,0.7486736934320892,0
23.52959444250652,193.82193029808587,1.4986481858030842,0
17.690344809412217,244.59185234359404,2.0374253650832648,0
22.206367669967467,155.54035952347107,3.340661104498285,0
24.61494787632921,193.88665450764455,1.0124774195602773,0
23.91758393982925,214.83213656232223,2.7730875211175654,0
15.649552479447793,229.4184048622007,1.470708367796583,0
20.774269713270986,194.46941067388065,2.625165057416327,0
15.46665094612095,199.27114315754713,3.1134867552943724,0
22.595332335194065,175.9140033642516,2.0753058490496654,0
15.771486744784912,191.7835422123734,3.117240004084423,0
19.396978278783024,172.2524326355104,1.0466092715045234,0
20.496038955554276,240.0856586675643,2.0697783784497594,0
19.408927116877493,238.17992166779837,0.9550040180494167,0
23.378578283101476,214.05760462221212,1.921851360761201,0
20.30703614785792,197.50264251189517,2.803254434436407,0
21.47194948611019,172.7860609976297,0.5494825266859842,0
21.11688261248553,191.668210691822,0.6890130618807588,0
22.102656851504307,238.29518941967967,2.960691930207071,0
24.158216364876274,216.96405565372928,2.3707638606458885,0
20.730755020502887,225.25613519107486,1.1942521695441415,0
23.716704897329052,245.83326433747442,3.193233807327247,0
18.453857498671777,198.1260526750133,2.8582824160914,0
24.341338560389488,155.7981543921781,1.4158592703262314,0
17.79755094911177,203.39304087395024,1.1429037034526752,0
22.651897753037815,158.41356982330052,3.457905149927247,0
19.837162221470287,157.39344609637857,1.353549358854544,0
17.88444970659792,228.08898541060756,2.6947357436859622,0
19.632231161062442,203.78188764644443,1.5410694645800391,0
24.603698478567317,220.86716056513995,2.7493771392785105,0
20.215515919905513,201.91944007382853,2.515242252246497,0
17.1681855280925,227.91835587121938,1.6201913683584808,0
15.586591800679635,245.51599141963408,2.0607015655453287,0
24.623929187831386,248.81784596014785,0.7611120804103919,0
15.776681950184456,247.13609506735028,0.6906576826853589,0
17.832904219482547,242.8955148251631,2.9340528640417554,0
22.114906925660765,187.10524137469253,1.4028348666557617,0
21.557550851970106,167.6192669152188,2.61166665764357,0
22.37445470138115,209.49306965941423,3.244455371799523,0
15.554280046124305,204.63770826145657,2.968494393621082,0
24.80146703778246,221.78235767675943,1.763303336567202,0
23.177027804761334,186.64649438930655,0.8316688212779879,0
22.33026810552299,189.77173733148453,0.5642023596528081,0
19.186585593365194,178.04212421129105,3.3308138677549075,0
19.646613694840454,216.844938547602,1.201821977475524,0
15.907661056612827,151.20602459453443,0.90158425284965,0
21.156250436604452,243.16129527946947,1.3994322514146913,0
15.732631077977045,169.35142226538892,1.4231571005280161,0
16.399064574368893,202.14393010408227,2.8847770196522506,0
22.492055188729857,183.2535553674207,2.358706214221474,0
17.22124020411915,229.9044507607956,0.7076104986221115,0
22.557123567569747,163.4570778205392,1.8793055148375466,0
22.98819555784671,215.82481714432078,2.9273884082560135,0
17.63380408608871,178.54844704953433,3.154508733357875,0
18.322783504194575,239.20176657608408,1.2097859711766048,0
23.867609827718134,175.1343464649662,1.9426856511938457,0
21.291950195374596,189.37289037224315,1.3646884192845232,0
23.566694154821377,197.40018371535496,2.9997294719021546,0
16.805965165345487,241.73261707844696,2.054980793836342,0
19.213319052463888,235.78041210114333,2.4178042735244394,0
15.614795647693745,232.75842106183265,2.400635174404856,0
23.60723565298513,152.8607226310882,3.418681979422173,0
21.229715072821833,162.70333620447704,2.0080445176282566,0
16.495905807713054,231.15230129951993,3.0109389922237244,0
18.92556930629009,198.45033929250692,1.6151226706100223,0
17.511919502347116,223.40171008615664,2.895314135874555,0
19.68942147387607,170.29621986362696,3.416053977892159,0
19.536174426888973,167.3028687343095,2.60873366783887,0
22.78468694317396,234.06391371612773,2.5437131098886905,0
17.49944587568854,175.61505554358487,0.6604133402692736,0
19.757630671594505,191.7269023507012,3.0415721115368215,0
20.086482665710474,243.19134198518336,2.6275345485821893,0
20.790635971658666,163.07340206870566,2.97766381961818,0
20.386273556337756,244.0004699943811,1.8992047181823701,0
17.3838927087862,196.62389690542582,0.794385721318601,0
17.941405730449862,239.00404249983484,0.7754072184276506,0
16.486987266590685,228.67767735410612,2.9511037069360877,0
22.50477933754778,228.7105881764964,1.5456163311376807,0
22.90569670225952,157.62048357696406,2.7996650281128876,0
19.52160101836408,160.75713795018902,2.838767653994649,0
18.427113329195596,204.07785255635093,1.671429130674869,0
18.33244571202915,169.43364663482774,2.05706088889129,0
22.719642319052674,155.22650963940845,3.1579682800624296,0
24.8832425433739,248.2179049407701,2.5920929132467787,0
22.251616511065222,233.33909254323333,1.0377733910556897,0
19.989193975177887,234.0898142985511,2.008309066802415,0
23.536087022276025,204.42024839048273,1.169437335430826,0
17.212721592831556,221.96025619830908,1.606072978053935,0
24.961197342824377,156.88341871008183,1.6767189594408953,0
21.59833216985021,232.1320804509523,1.2965233763178938,0
15.49537316485826,199.62110059143612,2.9216754823895075,0
21.038788763722422,176.13346591947416,0.8790720380878698,0
17.66441151723724,207.87200254146296,0.9326298905589436,0
21.636070644817423,234.31718996225044,2.8490825732468448,0
22.78198730195048,216.92477529479586,2.708737599234097,0
16.454796175263418,172.32113309404116,3.0289677778277264,0
23.036043483288502,197.46160159200218,2.3601641430265268,0
20.8553878244417,214.6795103372968,2.626601266934658,0
18.532652225449596,176.81784143773172,1.4843921247645788,0
23.833379422108482,219.52215562336403,0.7964797669130251,0
19.618841217639936,158.5256326667896,1.334397765036318,0
22.25449026378464,197.28954340567213,2.560469801825544,0
22.700116139722418,244.93184059552857,3.0993765859243494,0
18.371809993486075,154.76371649868926,3.3644352991781137,0
20.77277333365496,204.21041592228994,0.6716069688837878,0
24.5794342655622,158.9024768837213,3.1512804371929777,0
24.929404072356757,156.57252289107177,3.416540244358095,0
17.631478871858707,227.17525259176097,3.3122521807588114,0
20.504102548464623,247.3855782899785,3.1519148539504274,0
15.217702643908078,180.62912685615925,2.5561954163143126,0
15.441578561014545,174.43550278421955,2.744997900713037,0
18.831476307278535,173.04425308088602,1.952731025444484,0
24.783876840401525,182.72659820492402,2.2456298760963995,0
16.54641083414991,212.4860665386573,1.2538630210016668,0
16.762189470329414,198.0215767322905,3.0054657669815024,0
23.613284298749594,209.0340564904,1.0894382457819658,0
19.889852828268275,221.7836216499086,0.8198788140879567,0
17.56663486362864,215.31928423353492,2.058586425569496,0
22.890252631629323,182.5769134426152,1.7660292037085603,0
19.229957533362594,202.5142308546458,1.6553676832382829,0
15.58754896708458,220.6627665989002,0.5155727978487881,0
18.654930685735888,186.44100031917043,1.8166385367733664,0
19.413137541119127,171.1348462638241,0.8485900165234957,0
24.32590406395559,187.06335334252583,3.4370801755995735,0
20.729563633413107,197.17303956548406,2.2796322865215197,0
16.568774210581573,164.14389516594866,1.3971191131704024,0
15.85701315653348,216.2659995683787,1.989615981193651,0
15.173631387179839,182.24949053571126,2.1027056422746435,0
20.839784198299085,175.16258551212127,2.0958162684121326,0
20.850113395105858,218.39213707645507,0.5007086306339281,0
22.640592982703815,207.75360601615787,1.5866963400513243,0
17.709695367157842,213.5221061405008,2.932632668174208,0
23.27775237921523,246.49438837600366,1.0142007828013675,0
16.795711998435824,203.46020571014037,1.179282683978383,0
18.398718756908302,220.81085137063337,2.8978294087755607,0
22.821669483376056,159.56107500087353,1.8110753101481993,0
20.446931699822557,230.7325365822017,0.6951560181946608,0
21.231803176397616,227.11738982520887,0.9380425243639875,0
23.444775185015725,152.94665980194867,1.4281027221871536,0
15.85685316723052,179.55237512891128,1.4697823771128522,0
18.344574007274247,151.81351366739744,2.299761046260156,0
15.22678307239391,201.45214396033893,2.3211888939972773,0
19.778836252698014,210.92607636774846,1.5979380685949578,0
22.570614030777215,236.37881106272587,2.9488689394047056,0
23.853307394438588,158.46058984747597,2.780416290449268,0
23.495943784679415,188.33328543402752,2.0499678469130784,0
20.74869112378708,181.19856930463067,1.9914675467031284,0
24.37845150399725,215.0940261981008,1.5060961554043266,0
18.317891865614914,244.75262072936266,0.5059535846208761,0
15.200291547865914,157.8614517774786,2.126787150718137,0
23.008558930225057,191.2616658844904,0.7007679549098138,0
16.476113549742223,208.66557762609136,1.8394653216330852,0
23.35655051997734,217.82450836150787,2.158148887053448,0
15.209656892009646,244.43501052678124,1.8244236217444498,0
18.078011813850352,214.6293717247117,1.2472321831762838,0
22.83667840365724,168.2102131570431,0.6532341112600414,0
20.591128545911026,175.9411121526265,0.5200343036923205,0
21.779811428419027,178.37296774735321,1.6149520556543349,0
22.64905613329698,218.44227713075054,2.731494079839875,0
24.446044879629113,225.25112212028165,0.7142875586615093,0
20.058170011817396,197.8772117180633,2.367773581619727,0
19.362506945728484,204.64722694411543,0.7458492471554872,0
22.441985938142608,181.6067294197544,1.667354244489979,0
17.84287815194922,157.8724758638224,2.8023277194019456,0
23.705300520030168,222.4446091380391,2.137642805973265,0
16.54105868937482,200.18732445971278,2.9396053895405485,0
20.636300073890645,237.96945401203413,2.8590205580218506,0
20.60628665574124,151.65099484400884,1.1437362545033407,0
17.525634026420967,184.25084980431924,1.4073526598506734,0
16.72780936999837,178.95270920763576,2.1221844360551687,0
15.126901154980654,213.2699066079281,3.4301437082993846,0
15.122244508301085,195.0704149610522,0.5496084461655781,0
23.6181938978777,249.4107964385385,1.1080212600282369,0
18.512917251900596,212.48891901137026,1.064611883140658,0
21.567786392071486,239.86112250584813,1.2327968450921882,0
17.395470988416204,167.33622822119855,1.8228239001335251,0
15.085702262078115,249.26580171366922,1.8132951048631267,0
20.247477684598145,243.40285589610073,0.5353745039998367,0
23.209256765490473,179.9637691565462,0.9067816712655027,0
16.928302733255777,218.6737006770419,1.1264309293430044,0
22.325188746138043,219.1032312032968,3.193038049073586,0
21.41821789225684,233.62859550730542,2.488483353899554,0
17.855455437321886,154.4495075175093,3.3618908297089467,0
23.273232590326767,163.6320952630128,1.028937657569546,0
20.811731821394353,222.6071178833462,1.5689611685198757,0
15.234215657323162,201.04614174598737,3.0366189554654266,0
21.80500206428878,163.2830262359521,1.6883106186921772,0
20.06938265146914,203.03467346348907,1.1055814858299269,0
22.93931530379222,217.65629625816354,2.0814561208349645,0
23.4910709456652,160.8541443404556,0.7270383499857024,0
21.809975739804912,230.00370191991533,2.51552147292651,0
17.92446205723991,206.92181086894766,1.120945990770989,0
16.26090348847349,246.39130477785164,1.9500605571415888,0
20.0546485389589,198.10521482774715,0.7841617138144811,0
20.423414066278642,172.92762792396303,2.691666343629488,0
20.353181658016553,236.85537742600732,1.0151897093666769,0
24.773181162102173,165.49999356355855,3.159637765355545,0
22.26981264055382,187.0300865520482,0.5084366597466258,0
18.484773167298528,188.7917837597422,2.977368253487198,0
16.518051132195794,185.2899054570863,1.8392802291472568,0
23.99789441742326,237.83508822187082,0.7555761725497083,0
19.697340112728988,212.65921673803373,2.7051270590035728,0
19.618833903062978,209.2175757800057,0.936788336670493,0
19.50415878693292,232.9229659486641,1.8616266242872574,0
23.277665703468525,207.111341384161,3.4386144312222466,0
21.059255463924693,206.79216963697917,3.1114433391564766,0
24.46490583825104,184.7177805663257,0.6964243624513397,0
16.77239034344327,245.79474853590628,0.7691823611926466,0
21.97339031719016,183.15765778426,1.9244141053574109,0
19.697095257898617,230.02421170912885,2.3891309344737124,0
17.735826388767908,214.850824712669,1.5023668648989326,0
23.799646714738184,170.1235853878205,3.419213115898698,0
18.48294023955266,222.74728847054593,2.4982195345276805,0
17.475224247204967,173.8534675287808,3.0774264624867707,0
23.380225264434365,171.3103338965027,1.8350313800890676,0
21.09076301626166,156.2223258518297,3.4246908711636146,0
19.846704702662915,238.78124341032114,2.8127136882542123,0
22.123806932451643,165.97430474803505,2.455556642357164,0
24.870905108395792,194.99994155497524,3.3778223740364215,0
21.20247165557604,157.01045289445392,1.8301042256524194,0
19.05811245391187,200.52109898683597,3.3598166857474814,0
19.52455661401021,169.5802197055934,2.5310072565795374,0
16.74095657269693,217.129056289444,1.711755937521139,0
20.05144701492636,201.61204298119355,0.7609570397491102,0
20.061807439298846,153.74276394956053,3.094107727300031,0
17.18536643812939,206.0745516444157,2.7423237580559072,0
16.53996262933598,240.9658924109038,0.6019552429241652,0
19.727162116683843,242.72649550529002,2.310146137685269,0
23.39761432932385,235.51445783959775,1.928223384875727,0
21.245990528541185,249.16294786443126,0.8520867323449826,0
21.13067137223218,206.11161324155088,0.8838474508005661,0
18.97886659762893,169.64746737315363,1.2432386142077876,0
15.677254670766267,169.42542476611501,3.4555982751832106,0
24.111798102953387,171.7709392596596,3.1906940471392495,0
21.568762423818047,242.78301259981066,1.366633768603844,0
23.16463752926804,221.94606054494778,2.2354605301789934,0
24.48076389131454,244.85369326456185,2.7546211477739933,0
21.589647330154264,214.27575279647382,1.5161735366761135,0
21.26085214393319,154.9810870768962,2.006622242391422,0
16.4273010881911,230.50153228221947,3.299662209874376,0
19.426738550030592,239.37649382770212,1.488043190764113,0
24.077260948315832,152.59771603867262,2.9610405930726196,0
18.57730380242957,182.46333518581602,0.6992317361532574,0
15.557819934825186,189.35933088436815,3.2189536949390747,0
21.63257874008992,177.11030648799513,2.873963151140559,0
19.47845417290945,192.44323211781614,0.908417582726643,0
18.423895600184622,226.03019212562077,0.589668023796948,0
23.291980367906774,247.95841723919,1.8775674585278905,0
18.92509233611164,154.61302706699018,1.8435319354547164,0
23.79452454514289,164.10100535491023,0.9419749630879853,0
21.223420703383248,178.18003295295787,2.5790990539472682,0
15.774986151858865,232.68588780125827,0.993188760995839,0
18.014106380405998,237.4765609771921,3.0817605824383576,0
24.81351143636929,178.39904372168238,0.6878025121171406,0
24.31313620271982,227.10548798236363,2.0160605902962776,0
23.9317809998763,150.24387664031383,2.619585232731458,0
24.614871131368858,189.4015069935934,0.7614451624785584,0
17.656647921658454,248.6038704258275,3.050303057393119,0
22.892618901723505,232.5349724348909,1.1694369779743108,0
15.583519820915154,163.79917793398766,0.8494745066032562,0
23.10312115652809,163.4245172740251,2.62053180907238,0
23.939334285286222,208.29327678203026,2.2835377316508274,0
23.26817226317523,214.1411771762862,0.7812441602790615,0
20.84122864816084,244.1455334843938,2.863160874536313,0
19.87239064568747,198.8265296009253,1.1957808811959971,0
17.52520105900462,164.3307337645249,2.6001658162394508,0
17.865230427768402,199.67275042806654,1.7141217740076788,0
19.4148112766674,166.4528058604523,2.6211225719951114,0
23.575750058162143,184.61135081972188,2.730095591273491,0
15.880968056876288,244.1134910322315,2.4719655866117574,0
17.928476109717273,225.840467346284,0.8045964736412724,0
18.863916645440305,157.93102232837072,2.8115378791148125,0
16.487646939211377,230.72999738282553,1.8918963479630047,0
22.0129670914983,171.4636856169267,0.7110123969129649,0
24.779128143754647,191.91133297261104,2.388133201066556,0
17.89631001309413,154.66973070929276,3.13978809053617,0
20.6075959940792,249.97859906241723,2.7871242790400803,0
18.559038741593334,162.19444911200927,3.4184725562991094,0
22.737589074020725,202.97254548728722,3.078284814316858,0
19.420112032761043,177.4035077299088,3.473884595092564,0
20.443105392503384,188.37026370732747,0.8267660091461397,0
18.23720125146241,225.45860868577367,2.302519009236456,0
20.599391916033955,170.25091083489747,2.216468379646038,0
24.415342022284808,175.11948375705697,2.0938808530857402,0
22.377416854800458,184.76911052548064,1.792433762526354,0
23.832811222070745,207.57794136928504,3.1490375552411125,0
17.58237809389188,192.98553254875833,2.9940117884257282,0
15.127239238231356,181.33912444036974,2.287349857719737,0
22.152690490539243,208.5364470287674,1.7949985825986283,0
23.516548768881385,196.37485220007082,3.45548938990075,0
24.8277989808048,167.58972036238848,2.3819715680008895,0
20.11841429904552,232.9355757690538,1.6315100088236405,0
21.65258288816686,224.6209220684531,0.8724492823310553,0
21.438836950066218,160.99735363112507,2.7789630476880465,0
17.43778372804583,205.01301426157988,0.6040795300077753,0
17.776094386244004,190.35531886120054,2.787823758998374,0
24.67590707597119,169.524057203521,1.2503105095191271,0
15.85717620146328,171.9942404476708,2.3206886808738934,0
18.127907163770992,236.5682989205072,0.5924363318550586,0
16.32146396203771,162.75723790310224,2.8108632096611648,0
23.502472756428478,218.46886781562048,0.8817285049719165,0
16.538893260938533,152.2258415641958,3.1832907896093543,0
17.30375157023697,222.71192797808345,0.8350591138369708,0
18.99804720176695,234.03828513973716,2.9258813037611358,0
20.885399447268476,236.3289086872282,2.0863261343015953,0
24.492153086712616,167.96642923361702,3.268960943767371,0
18.705797733867154,199.1300445485615,1.8167809699949524,0
24.284917541976796,202.5957236539369,1.7849497201988358,0
20.4946314511037,167.3341680850578,2.13425461848237,0
18.518932159459883,171.16417922526549,1.6542738606643153,0
21.189804320188387,248.74438196437512,2.4779948455904925,0
20.459277090185033,157.6691334170415,2.376186451454158,0
17.472053828244412,194.18052356323884,2.502024436554697,0
18.931880276296628,195.5785624012252,0.700696500420967,0
21.183068794416954,220.4725912745369,2.5527993041944432,0
18.6633499488238,211.2330159452302,2.0016949474618464,0
24.03718794325527,245.44282955889204,2.589175713519223,0
24.382111085935804,234.28249133705162,0.5045621100786857,0
18.53950561637718,241.51502058850662,3.4627538161878437,0
17.85872254281703,161.95172584634437,1.8721689732544204,0
21.33353964607476,184.0338022536116,2.1904813865590276,0
18.918467861667303,234.116927293519,1.9802001082307659,0
18.3793421785378,171.61107855918843,2.101562617027859,0
18.00056600169092,158.4435629421948,1.7124419328701235,0
21.51996139720162,174.91928663319592,1.75755025938574,0
24.62554524631803,226.91652432357023,2.8847580783984954,0
15.20606741568832,170.76817700909152,0.586782002700657,0
16.218663476505256,218.79457164647016,1.127853200069861,0
23.19554815882256,150.26996084191762,1.9411794416533898,0
24.768489102422347,230.3359131534536,2.5359336673183024,0
21.69728860217687,230.29079553801319,3.051000708840727,0
17.489205363313136,198.68423392586976,0.9742856144790513,0
15.971229042040937,196.66977708847884,3.4369965639414097,0
15.245650426835677,222.52115262525172,0.7372633887847101,0
19.769256062127816,212.74803883411147,2.7351105689147506,0
22.01731513200081,206.3526670424612,0.6436336961054331,0
22.886829156903985,248.15627847442275,1.8758976159500216,0
22.806049165334702,157.98374648962937,2.4672036161455924,0
18.054052945670314,152.6117542029606,2.650020008972043,0
21.45884687124378,154.59565888210147,2.4604525301919784,0
18.687114431682666,209.8170141787607,2.368889452266225,0
19.27057127655028,166.3674645252325,0.8531117342002126,0
21.82137139452156,195.75784295289927,2.367516223807968,0
20.01548586804575,204.13721611363178,1.8470669356566853,0
21.041446480851945,169.81492549913736,1.742103977423906,0
23.920010962738615,203.17295466521864,1.7753278138407347,0
19.867327663078186,220.91699553604485,3.04949587972148,0
23.84574157557035,176.169113894683,3.3374281880498002,0
21.374518300664512,229.53073261281313,0.7513028258752831,0
20.24407158014214,246.8582697768519,1.8733061452835638,0
19.97271567592464,199.0834222476944,1.645899565096892,0
17.032904620594962,152.03643655890923,3.1503898255232166,0
21.719663284752233,237.40317069605138,3.4060637778357754,0
21.861241777983217,184.32119549227173,2.131649279227898,0
22.87654445827196,237.94623069859534,2.0107423618896942,0
23.588374828581728,199.24316180519835,1.1090315902871781,0
19.722407769673577,212.9300396720987,2.518273737167145,0
20.32340464884814,202.9050943890492,1.9443603748247378,0
22.152834399303103,196.52335026590686,2.4349474500389343,0
16.327098430794297,223.1524890357382,1.9656797660260699,0
15.676034531851272,190.9393004858822,1.2184556173580727,0
23.610881619816578,223.86611766691362,2.892227492734723,0
24.733821366872704,213.3830908764527,0.5651229844392937,0
24.36883896618737,208.66746370796145,2.294066941700915,0
18.209078256802602,232.4371580101885,1.8840254341922082,0
16.805726998790522,192.94798759767536,2.088744117578505,0
15.962847637950325,167.77196912043215,2.7335835485410667,0
24.77924078718859,204.05689855530179,3.345209529261241,0
23.23297663512122,159.60229925387785,0.5789418693439132,0
19.524629869494973,185.69344845309794,2.484070584696881,0
21.738085551653143,196.34308720311708,2.5491704460201867,0
15.399339455859682,237.2252925271709,1.711669532875082,0
18.43303279012754,194.72183624155227,1.9870619694139102,0
15.480255258471818,248.7179835185907,0.9717497250801345,0
20.10474578775296,190.19849857511537,1.4871738393920886,0
20.554820205158872,161.55803928273696,1.528846886517111,0
15.596500515442202,175.47752043290882,3.489578795082283,0
18.16622605508191,162.12049823531902,3.438330212063434,0
23.470202713618576,211.33441452322583,1.3628192163037207,0
19.375964616824326,171.4077973422403,3.0275667525355363,0
16.447567554799516,189.9316891567775,0.719303067178981,0
21.516169585829005,170.27980266705893,1.6223342674697072,0
17.57444802145681,235.4341926116224,3.3465157582211127,0
16.849587805150016,150.04898248298778,2.66301834354814,0
15.919104604425868,195.85689119661208,2.587127707740648,0
19.996094672486677,204.459960130513,2.062295940846004,0
22.01948580217819,237.30705034271477,2.0530208407790047,0
24.90740372707984,199.51921130009416,1.0574246782220205,0
24.10819442785902,169.79891911173905,0.9884326130018979,0
24.535056572280368,172.47781116885957,1.1193981117238343,0
20.406504822642297,226.55383140449146,2.404335990479897,0
23.563675569336432,188.94126997729668,1.7627569173839934,0
24.383259532026024,220.52085881579603,1.4006124007398193,0
24.872313016927695,187.0463551327241,2.8567822834822207,0
24.017147255519255,240.10379091548938,3.4282048844790913,0
24.390745898028662,187.35770390399182,2.9856055774111203,0
16.101233845754294,216.536847377244,1.3901409902074984,0
23.467552670930516,231.06780070550752,2.9783253139989014,0
16.353724014282978,177.60229858440778,1.1211330100099404,0
19.355128785651523,232.99329002879708,3.3958550562380725,0
24.10450060401161,242.4556378025206,0.8604554020456447,0
19.97921922030973,238.28674548823557,1.3751784327696654,0
17.754438431149943,183.95508784141808,3.254999012515399,0
17.570853398790256,167.65339136500296,2.6230117608739434,0
15.76898345476755,228.09769247047458,0.8103116831454086,0
24.0835021606401,217.49188880893152,1.6100567021581056,0
19.96961860181291,162.33751160996871,0.959902723768143,0
22.62878682634364,229.25860495875014,1.8811964398367256,0
24.566936400157875,158.09390177998065,1.3025951530661164,0
23.289690737704916,152.8857258042391,0.75264846383952,0
17.33968138190405,212.81815155091255,2.994672276206858,0
19.024436651690294,232.57388334094094,1.0964114587395548,0
19.40127616894747,177.8692589386501,1.0458495507538499,0
21.47779330967348,218.7947006490795,1.1416858031046593,0
16.75141816512114,154.5714485435514,1.5837295490398873,0
20.081446703988195,176.5748049384356,0.8643080421071571,0
20.273365340498625,194.41857536870748,3.2412276595984233,0
22.98366270442352,184.88371635609937,2.0957808012722445,0
18.37268576864209,185.49066269811073,0.8044267091505524,0
24.49605183620942,158.54868028187218,0.5219850627083923,0
17.724996752678646,240.10676929624833,2.495807507968859,0
16.045940534261504,181.27259471248135,1.0640448662855277,0
17.797360650879693,155.27160813841715,3.4890221483734063,0
17.66882852021292,202.53645753871587,1.804530784761008,0
20.692725637398198,178.65190867268635,0.6386006251178982,0
20.927185598186966,164.60196576271343,1.159116072485695,0
24.845675548154126,244.33175930162125,1.208555195148675,0
17.690670685499487,195.37525329530723,1.7278473059730146,0
20.02562853763523,157.49673181404273,1.0072558735391988,0
17.44548724304392,209.9659010265911,0.6660590082428414,0
16.594113811132733,220.50500855813397,1.7294573574716643,0
23.205056473487645,234.17465121099318,2.8828345529607677,0
22.047314072242518,217.40123505742696,1.4401646012816758,0
17.053079184815395,223.59559543910186,2.22090142033192,0
16.540811676549016,191.32517014863296,2.4795181104260915,0
20.815589373016785,154.2306207497169,2.5259206311703752,0
15.155860385719143,205.6163198875521,3.2759699969772695,0
17.609901861156192,248.2419338186325,0.9440157773129828,0
16.130749119817935,242.9255511911295,2.4082860416880445,0
17.038263634061334,227.11266471701816,2.7828159094323706,0
24.750247766239347,173.1624364054334,2.2178492167481907,0
17.633519163733386,211.665640713007,0.7595181952081695,0
21.26056604153233,242.28751072374644,2.1209549056000685,0
17.680958769506013,184.3409273464903,1.7946386518726234,0
24.61284325896505,220.44153757969355,2.0279363594499094,0
15.231704643351385,163.0076729394006,2.795894998505385,0
18.939851459309246,200.9056346929331,1.3227820586048458,0
16.20424398113808,217.32107318493652,2.751659472628724,0
21.128199735315327,203.5519772155509,2.4605520359275705,0
21.990924412970273,224.12637488971532,1.4583088167257252,0
22.71118434449489,157.80987971811854,1.5240829475307012,0
21.499206510946216,158.01442424571354,2.132110585997773,0
16.673278064905286,164.5066905444932,0.8449409702911643,0
22.66910315061631,193.66211309350473,0.7484182128076393,0
24.86840076114511,213.25467991716226,1.2579516579856103,0
20.61241305707442,227.93814535606668,3.2789304366901098,0
16.128923987015,248.39745435449453,1.0026747897894706,0
20.14658000306033,244.49218939286428,0.7280545291275835,0
17.228747786830787,185.40602270956057,1.8841577727495062,0
22.227755812381655,229.2740871807708,2.7763668271022715,0
23.18685776451461,162.61490573414056,2.8433131535982006,0
20.344658306045265,249.43493510019937,0.9388896185217093,0
21.125219681987616,188.32990637899508,3.361982758062828,0
17.982933652226876,219.2162894973601,3.3883722508433443,0
21.853799636014223,238.71152036617377,2.797318716467604,0
23.296777652053525,248.56323388167874,0.855224258646675,0
17.233448418851832,236.76628405718708,1.8583378679022884,0
18.454872544065125,209.04208883649045,1.134280874007552,0
18.64917458447171,187.69344479517085,2.6012704311719017,0
19.2991008249841,168.91876245780554,2.6025645138894316,0
20.281998639093096,152.28765108681208,0.8537411873400889,0
16.951079845612437,238.77287227796046,3.2805698602159583,0
23.090341129860114,196.4457158598622,0.7155861384923012,0
23.875562540301907,180.42245476007787,0.7494692436385415,0
23.533390565610368,249.00761078773678,2.2886641447139806,0
15.375164942886983,161.33976206801046,1.9132999719802497,0
20.420033298728537,214.2948192111004,1.1082468454361902,0
17.482254115242092,206.46890622591525,1.0027527501700018,0
17.4298689427829,188.505235322629,1.4605086764074886,0
20.009580586684557,192.04376381573277,1.4516592968457127,0
20.286669294085787,232.49009389392853,3.3324024066353024,0
17.044679852361348,241.73226698512906,3.384167191267008,0
16.29032001009277,226.62438107847296,1.6177309034216272,0
22.496148293967558,192.71399277460256,2.634393720068842,0
17.01932239558722,175.14529093430085,0.6434613365491683,0
16.323935254468633,176.15672390083247,2.7435264392734027,0
22.864674174244332,194.30208291924865,2.559635229422143,0
19.854291493988804,151.59308748566883,0.9552110745570302,0
18.521432546174974,237.9864968627466,3.4010879061490606,0
18.793758677238333,152.03140001163337,1.2583758163556844,0
24.064666415821158,159.00694448861307,3.403889506101488,0
23.880829181293727,165.93524140899825,0.8390144322554444,0
23.922989438977037,185.01961898643978,0.747446797157268,0
16.180244242682026,193.95315327814643,0.8194671550814971,0
21.724623544880682,223.1091606500937,2.756973704626075,0
23.47504610156838,234.357155323451,2.8340361700782095,0
24.185341251163823,205.10506616190935,3.4857346436342236,0
24.119144594120215,216.49154866574185,3.0150005044340356,0
18.829729731938045,191.4957799316054,3.069267223810776,0
22.163093317658003,235.6008876471949,1.3320099044954192,0
24.924803963226502,193.5328274291676,3.2726978645442486,0
22.235724111656985,193.48165309377436,2.4614194051168004,0
21.597477078799738,247.49509238437133,2.0439403625828505,0
16.02133512196953,198.0154969145999,3.1284666059684993,0
23.97835623050234,152.28011646905676,2.7826179391807564,0
24.310413803496182,245.39641385579944,1.9364044527655033,0
18.872355444766875,162.8346514796708,3.0930421618513653,0
24.622090771637733,170.33616829450753,1.7651007711866855,0
17.936692192319633,229.98252761926784,1.5724662047372875,0
18.50722951919153,232.47619730311888,0.9628645507476804,0
18.717644605309598,233.14931674361918,2.7162727601048084,0
19.075542199776365,179.41453308189193,2.2891625918400225,0
19.567606195916834,238.8505484812897,2.2904529883229046,0
15.44512021909383,223.34675814134556,2.561575371412751,0
17.191752658115423,228.97108065492694,1.3811431979479003,0
15.197267218637727,246.04607696793659,3.377647148746743,0
17.36854172224672,166.7662330510255,1.7972058385546719,0
16.11390559472543,242.7328380920152,2.9024257224033443,0
16.820609422173533,164.43640842418773,3.093809576782413,0
22.99995462514748,220.76044631332718,3.335132980416935,0
18.35104895872786,227.0664269579944,1.9715024785475146,0
15.4030255867392,207.65368284277687,2.4394905325618974,0
18.25856724856164,216.91609997163653,1.6316940121820918,0
21.74913877009861,190.2124767493923,0.7234976603529752,0
23.0588080749373,199.97054751179746,3.358824069398007,0
24.410830232619944,184.8071850860665,1.9585562426036827,0
19.06319049252503,242.83869098275048,2.319684635603869,0
18.208069475126614,195.40657749750994,1.2271798737031676,0
15.496437555808676,214.8551622201209,0.8732922717186843,0
20.93771832119763,229.74813691443467,3.0363124471606295,0
23.804392346522725,153.56796315742787,0.6552237958160635,0
24.03154063071149,242.13934902555553,2.1467986216666537,0
21.24242093289347,238.913149071913,3.3595256428324034,0
15.13765041795479,201.36059583811874,1.1526031313954783,0
20.739701502488288,209.3909159056397,2.066370558026822,0
17.968733642119457,208.44548516815976,3.189762146637626,0
17.540750670484545,240.57149477414924,1.134988023750425,0
20.63599288005287,247.41206532356682,3.2593805987471254,0
20.795808927038486,182.69771239938325,0.6797838521458024,0
19.1428240910395,237.27716709467822,2.334945190181122,0
24.52026290717552,220.89770680239624,1.6596982195745678,0
21.63270347847607,183.35064827851673,2.8518900120169577,0
23.76390618806613,187.7703088624642,1.3137504664864044,0
19.273294157401068,225.24733684260664,2.932720500819126,0
15.800533672967488,246.12255235654482,1.124894564571621,0
18.110526397967263,160.87719802122106,1.2722900096309218,0
18.35086046228275,212.2334387838746,3.0090101974466883,0
23.15534843122012,229.88185919630837,2.2885821714032457,0
18.650278759006042,225.64790031942084,1.8182333531422188,0
21.67078955098831,182.00658140079173,2.467862321328247,0
24.72433284918001,152.71218249681675,0.8089913915977919,0
16.823287143897787,192.10454760676166,2.331723869526226,0
20.96975826513805,150.16768757425416,1.2748450626681096,0
15.018354976917948,218.85989978976716,0.9857596911214791,0
20.34141146040249,198.02980809716263,3.366507208840776,0
18.780383447592527,224.45374036741413,3.41919529678811,0
18.423578721256757,181.3827514734283,1.8049384286048027,0
18.89217381933107,229.02936129885563,1.1877994267360075,0
23.160618131104794,221.37833523878783,3.269817737807621,0
19.716154994561176,167.52691047821847,1.515337271430798,0
23.605849605172644,227.72637787720197,2.777111384616495,0
15.57402089396281,247.71862678543187,1.212437348582044,0
20.06579065738299,204.00282484207708,2.702525224388262,0
22.188839579583966,171.05458853630157,1.2026224673359536,0
21.101434192390283,174.17960570592422,2.2250877949583683,0
22.70466046275098,185.56110824701426,3.2577881685501673,0
22.827292764677743,232.48996761889418,0.8018474048982183,0
17.11888514610858,163.05227371179663,2.208155474154531,0
21.377977260817076,214.3911461329604,2.5499069885386136,0
24.120349201343494,239.8079182353948,1.1815643081641531,0
21.498436364553424,231.22675893725523,1.7029096781482989,0
23.779572218125377,208.9359413229849,0.816619003616677,0
18.096547073035783,152.74655097698252,0.9034173199446677,0
19.35160133162362,191.15088708491746,2.814984484525454,0
21.19981506236836,190.98819145717772,1.0756645506823461,0
23.16738964710908,191.7960549720263,1.6055597476221908,0
22.54394537809522,236.33165139641883,1.9697950383698304,0
21.983597408917124,167.6322893526024,1.277928078381187,0
15.561635324210457,165.0862092815266,2.571905818041812,0
24.92958148018007,233.25302920094836,1.1162028224544196,0
19.109886984505934,153.31813571852615,1.8111098459692272,0
22.612698486971592,187.67877953087765,1.4878709562584627,0
22.375228289845047,214.01256251346467,2.559824857611825,0
15.048764996246256,226.92655100343808,1.0634160845997256,0
22.17090541610154,215.30644352451537,2.317291811354009,0
17.037461775828522,245.59457773631635,0.8171295457296899,0
22.9946987979071,232.89211070223232,1.84677847220635,0
19.28148615446636,193.29742407059734,3.2883101509931945,0
20.299755546638963,224.8776857817712,0.7021247024436507,0
16.785743284056135,183.68802185476932,3.1518987151590263,0
20.187526761718573,150.28563684809228,1.466572124781562,0
24.814496451618066,163.78477151354733,1.257512480041783,0
23.776210235930808,246.03525594899412,3.1081559460135115,0
18.653068437872264,164.71284293595767,3.3373564320086015,0
18.098764188688854,232.9701943886763,1.4082273605000275,0
20.59639512931858,242.55541029612587,2.4787571317395196,0
24.717255581630795,164.04504456044896,3.132385106624873,0
21.222881866154996,161.60054364152774,1.788021343534988,0
24.160560369056128,246.5504257486808,1.7271698886941715,0
16.859579396878054,155.53584412555637,1.6283670311845646,0
15.355606326951978,150.27902421890957,1.33101433126043,0
21.67100335840828,221.45444386443734,1.2414640432913906,0
24.781299771242136,196.61115559254029,1.4479056298886759,0
24.15670486241978,234.46738004936526,2.015469636140324,0
18.912064195171315,205.38126378359237,2.416394181503011,0
17.773696657490362,249.39210827251668,2.75196480998414,0
24.046978515374356,177.95787022721734,2.422617440402178,0
24.106321781702036,174.29911452806152,2.027658514354074,0
15.693659088855565,163.2623902921958,1.1158797031041243,0
16.327503386183757,213.45991089283393,2.6203984163997225,0
17.141503691254098,232.9981961806754,2.567228604622481,0
15.349857566281493,184.3518561971277,1.9837960268294004,0
16.71140630526063,213.56527730020608,3.081734557615033,0
24.61508809315998,240.27751319747,3.21327802292243,0
21.734478338192524,178.57904933817295,1.0923128897842727,0
19.888396822507445,196.08845464599872,0.9795203747046316,0
23.36735858441197,213.04021340230165,2.0628078522010855,0
18.166966165734838,242.3369816733317,1.4844899931454465,0
15.606785443425949,193.24364404509865,2.7852807262850456,0
20.766034015848692,204.5561244803151,2.4228625735512535,0
24.571969848627234,203.87710365054505,2.7020721827793945,0
20.22194171903238,244.93603534173673,0.8730806915847928,0
21.834811599604162,236.92036155078668,1.4318073419221533,0
17.103139929020124,229.12178276478636,2.1488940083740546,0
21.40553008879275,162.51059995005346,0.8855379745445011,0
23.598580930797187,168.1199294822987,0.8151037169955939,0
21.159206554456773,165.53302672590564,1.7247926893408223,0
24.835304524846965,190.05018845444772,3.2703843422130094,0
23.012395102717228,192.23653984975584,2.8615282582225188,0
22.76965210630633,191.52453064647972,0.8085440760932452,0
17.533215010916905,227.13862785058234,1.6876812775162737,0
17.848565260432053,218.21623443862455,2.641303542781207,0
16.799126805562935,152.02852406848373,3.0996478220709167,0
22.425967238018938,155.27926222735334,0.7321219827515362,0
16.15673206981945,210.05770121879056,3.2916777677403237,0
19.924426136524293,198.15818651954365,1.2788053550236111,0
21.647671342658608,150.45714785160973,3.005409266264896,0
21.799232565964644,198.1494603869276,1.1330080807173633,0
24.365353510045722,234.57185609201477,2.637648482202985,0
24.090435122898086,200.07363684479446,0.5609329907243057,0
15.218294640473214,221.13378518104747,3.354265170439417,0
20.277889890677997,246.35621112154195,2.435767927312128,0
17.270577687340364,224.01759624918952,3.032123099333615,0
21.63325060899573,239.82262841632104,0.876027822011802,0
17.17620754334188,236.17716078490912,1.3061528719876074,0
19.608680639657827,172.3848386864129,3.2731067745254667,0
17.790659519729637,213.57165794010564,2.895529288501609,0
21.793794029011785,178.6239897197097,2.8196477307718837,0
18.220109666131762,194.07120703063902,2.985345082520186,0
16.76170706268434,174.54417631398866,2.3881206385522975,0
19.323973186158334,163.05462723895275,2.141161457902421,0
24.84436797186335,169.53192976536155,1.7413093043899144,0
22.016968880473144,208.72548600026238,0.7933089884374677,0
15.264615445818167,206.5907976709966,2.3203374206177,0
19.968264447894704,172.6299941986839,3.296570532566662,0
19.587461168991904,187.6699924882863,3.462745178079135,0
17.831186875105534,209.1777885425526,1.426033890965675,0
21.931244361246165,211.43615613396952,1.8438880485400388,0
21.384475412912728,210.96939422289208,1.341449929095719,0
22.108112968800842,183.5641925731291,1.8381352236571795,0
21.320624710190263,240.1195434060293,1.5241945472897256,0
19.879665434829697,219.02186164890588,2.2163389920065377,0
16.739006405255402,214.9945377768007,1.3644406286577664,0
16.174093690315768,169.3379941990371,1.657653592864869,0
16.387886871477,209.06011095055598,2.209023790295531,0
15.070391055478165,157.40291037186023,3.1798738482186177,0
18.240407737445313,205.25098061308444,1.3355471580941445,0
19.054836120079898,220.49154671839915,1.7372374650779405,0
19.902374690351667,170.7574435079638,0.5023189076561712,0
18.60708713313261,205.5048002776451,2.249930687032588,0
16.3846961614551,205.11075457257866,3.24176373042542,0
18.073128732673457,242.25753908105742,2.3274272220846832,0
15.872539238886178,187.46963158784217,2.449440485933844,0
22.86115374078322,183.07229169330697,1.17523818121822,0
18.05789229692992,219.85130969587698,2.326439966936716,0
17.218370079918444,226.66383422455144,3.154268048964405,0
18.542886431459312,169.1012133309243,2.435712315470283,0
20.01575326180071,234.91865651647623,2.8626279578675167,0
18.282429298396288,171.36018182154598,3.2147761905060745,0
20.137542830358157,191.11826077088028,3.359303671175538,0
22.544875901103932,220.9502344938365,3.25153149300703,0
19.339858276550718,188.93654087536115,0.9039043000716086,0
15.016336863359214,215.846674617325,1.048015830688557,0
15.006153479667343,231.8188280016706,1.5622060475171926,0
21.57246407656077,181.05667838773255,2.6313405075612066,0
21.764163641103373,234.9698826593014,1.0579312097413944,0
18.758042963983527,199.90282000467892,2.8075144579197255,0
20.84854778455918,241.2523431684399,1.58669457449776,0
22.35987327184898,162.0041261178651,2.295567431697151,0
24.110098890264865,227.33500698834706,1.887411123742874,0
22.124191758951763,180.03123851402754,1.6143398872740597,0
22.27172788860075,161.44973633015263,2.697186960959451,0
18.32388839414785,163.06055497263463,3.0313412431359303,0
24.02745574963509,167.83289282108507,0.8347189036017421,0
17.39456223528534,242.15321255796442,0.9525031150468426,0
20.449649336782475,155.05823448172325,1.6173038802904007,0
23.089117441474126,237.10733404842046,1.5134438177850855,0
15.39768687732257,223.43081921124354,1.3792817502063242,0
21.332697792489835,227.98924528609516,0.9693709318756877,0
15.717608808454946,152.14662160826748,2.1011604013837513,0
24.17493139245382,164.40197104209653,1.6957228252380385,0
17.71542265981585,185.69581539443476,1.5676742873764509,0
23.334648698005463,209.90240574818827,2.954588811769927,0
21.568583458457308,235.2164234506372,2.800272243703755,0
18.413832418837433,177.35745135977064,2.6561627964773202,0
16.4042981716217,174.4429339016509,2.9572674440128095,0
24.408707798494497,150.89225192772375,1.053685019070707,0
17.76959358299881,183.44106192518575,1.4858001552728046,0
16.46280994384828,193.73326925739025,3.258816186342262,0
21.67374920565676,207.9418366803525,1.9557706330174094,0
19.0806723406335,191.03912040354027,2.0644780309299247,0
20.287380882318942,238.06869572346568,2.6465392528113103,0
15.460245427876846,228.4659209663174,0.727765630666972,0
18.307058266727758,155.00337928532707,0.7963645596504043,0
21.314353559914025,220.76063822933264,2.2453818057508097,0
24.466278608421007,197.9665824000287,2.983612925088792,0
21.81826572978656,216.93729775850437,3.489596345545513,0
22.245342162872443,216.178969319057,1.653438345356729,0
20.869783110818968,236.69094515561275,1.0258209696864315,0
21.868411919529898,238.47084916836346,2.1338398292815226,0
15.780920787098689,235.41678675207797,1.1617509445911707,0
16.59675323544263,226.84039208339567,2.8206576898007887,0
18.001710410482307,164.73806720995782,3.0693982591184925,0
18.685255750069853,188.50907606915763,0.9136371653272072,0
16.828010217947146,218.55728138858302,1.6992410048211735,0
22.277524057589403,176.27886435727385,3.4843922691049585,0
18.057857962571138,248.12201107376092,2.0998948107503788,0
18.66501883530876,193.32452049884438,1.2651703651142616,0
24.09553185792741,182.5182719627404,1.3036040794211554,0
18.78316278218123,159.4631645492289,2.01623574215934,0
15.765845686373709,205.64702360175716,2.355306730633341,0
23.055909163882472,156.20140194478017,0.8187392817178284,0
15.02453868740833,172.85947406609216,1.3115689487873654,0
16.51102509797677,155.94222146459043,2.056203626699663,0
23.269314939690375,187.9144674209312,2.470180294303721,0
23.696666913896557,212.45307141990546,2.8939049089301347,0
15.181400287173958,247.931142261899,1.4236964443641447,0
17.30213297494516,240.7018839776705,3.493515954681776,0
18.775119374757928,159.94581850955473,1.3678030310017424,0
21.76758554793164,158.67409413850524,1.2903799366601827,0
20.077264713069027,203.90600829292546,3.0216371551760055,0
20.606511364331624,201.30203873759712,1.0911213785230292,0
21.925665930399223,229.8957965985254,0.6118027949692834,0
24.948600241042836,211.31612351253426,1.8806574906770899,0
24.040091765035466,220.48131111669178,2.7801661591955344,0
20.69997138586784,155.8193160215268,2.561916209654534,0
23.606973114844852,189.37427756368652,2.531230714648623,0
23.808431652145433,212.9677359634148,0.8719296608344123,0
21.34728482884732,245.10306519313696,0.8904675290957759,0
19.258155816929683,218.44179132060086,2.223753663528386,0
21.667732887381494,220.10766199535476,3.0924276564885362,0
18.694796501705802,208.92961093900595,0.804704170595917,0
15.176195755800055,181.29354126966325,1.3231066077562885,0
24.020760363002353,172.44757293576484,1.5425101651262432,0
21.41101554999271,181.76245621468604,2.390042962277102,0
21.32916865082299,157.16754970706208,2.232532209748075,0
22.718697723828996,208.2630298606921,0.5780589977016884,0
23.53325271100448,162.4388176457926,2.8788632630122315,0
15.883754790492338,243.0706018384128,3.481323139422878,0
23.010302639098438,214.07058570217492,1.7709201927940381,0
24.347685682358566,197.76230336419647,0.8799981221201199,0
18.96138293081676,218.67084674,0.9054461430171549,0
17.65204536944819,230.98321504665986,2.8704359485987347,0
23.912326280014064,175.11592716299268,0.5752711458943119,0
23.166627084041757,225.74705229761628,0.7679951816274085,0
23.605385129483217,170.1763612625783,0.9165765473440085,0
23.473625561928046,236.8874079680605,0.7225703127925441,0
15.393310356229257,171.14253187008404,2.5275349378884227,0
22.172107484833838,159.5001538623277,1.6703604578641933,0
23.145673014028198,191.52604471434677,2.7498935278502152,0
16.560641452680972,244.08913415950775,3.3399602616957034,0
24.03111272201386,223.20454987056502,1.4446674933973997,0
21.765216354975664,245.57246014047846,2.847010434069715,0
23.956203861782775,215.98165340096364,0.872096733911131,0
15.295203679592301,154.2591359723754,2.4679488750717775,0
19.788284337143836,175.1247617846147,3.4574455805829474,0
23.89644995102496,194.14978194585876,2.2579782321906583,0
20.41458102274685,207.2311892795614,3.035389931738678,0
16.211818636708244,224.84462922131132,2.24059936502049,0
21.771730695918823,233.95885986499127,2.2266859216811956,0
16.73700773769071,228.92209269472482,1.5619191573730173,0
20.175394034596817,235.8805399690304,1.2950274219305093,0
16.3447529900738,233.13893579385217,2.79905925585012,0
18.530657560810987,185.8877430443249,0.6427142547128221,0
23.495585508224405,245.84517140632806,1.170643766540885,0
19.446740454608502,232.07005162047093,1.069376759410344,0
18.301591840972726,239.28952060982243,1.7347374571707823,0
16.994220667538084,161.98758482501665,1.0042041747039097,0
17.427480923524726,179.7968510083506,2.9234885882764816,0
21.270318916924133,199.32207070084922,2.883600372171026,0
17.71941248306502,248.5040428707923,2.2087776978455973,0
21.432903320292734,245.14947798846413,2.537418061478344,0
15.010241361819425,179.80536187204726,1.7722475675649028,0
19.428086163845027,204.7987313700243,1.2730069004724558,0
24.8064164936769,153.7227085132228,0.8197229990166103,0
24.197538819755856,150.72123895472419,0.7200182080890829,0
21.203313125335534,207.56441064296894,1.4257911580364906,0
23.76086332294743,211.24722584808845,1.3975652406829757,0
18.21602115904333,233.69335636227686,1.049284879718719,0
24.003256645206545,186.0467478454949,3.453146105723887,0
19.41269534028148,215.34364398635364,2.1019059071926596,0
16.11359159584199,177.212658321795,2.5820181487900915,0
17.991392518133036,241.19904269092297,3.153342865695561,0
17.598824363317313,205.05351457693104,2.097115974187524,0
22.657832616626017,215.68426486915968,1.4335461464538644,0
18.676110575374384,233.07093426672742,1.7097540887582547,0
23.46936065715549,240.3169384342414,2.130914546361489,0
22.279315310039237,170.79318874600727,3.032715577333345,0
20.157414301661557,227.81531513751176,2.825092057653654,0
18.230054868339003,174.24732658966198,2.3570180154402545,0
19.98086774186372,185.09633405862243,3.3585315581633166,0
23.43304873441151,233.57370939255108,0.7455923808657224,0
23.4834833779523,246.15895359395364,0.6393651261682909,0
23.94536413275867,151.28266232392605,2.0943707947701027,0
23.25082836015497,245.74337874396483,1.232991374919875,0
24.568491981751563,240.80600056875642,2.9693249205339605,0
20.869104045586987,193.814760940915,0.7259828960205796,0
22.863579737877796,180.61269283236496,2.6177710355766926,0
24.503231539937392,182.62945590996955,1.608030030614228,0
18.13838205406013,171.2241551229752,1.778277364100381,0
16.511024550098803,169.7119062786443,3.362876119429575,0
16.86525289983282,225.88629623952312,1.8188894205804838,0
20.910264190058697,204.78441985964028,1.048039498167994,0
19.384426565630584,178.40528084541398,2.1498201670298083,0
21.519507223179488,242.20919636708138,2.9548558637329605,0
15.39222380779699,197.40544373234542,2.063161718391748,0
22.317259072583443,240.69594520950042,1.8205482152981056,0
21.49973201758814,167.63160571375306,0.6663034636554678,0
19.89778622935432,238.18231585344975,0.5428715321788502,0
21.96945508860155,246.9400127791085,1.2858091881835307,0
17.75286180366806,201.96724865627516,1.2308188076291904,0
23.560488152319557,232.40530430662312,2.387372593356493,0
17.38860921507509,227.27343548835472,2.1705352052526035,0
24.40082705718561,208.10672136937276,2.0798203344161497,0
22.00426706080774,163.30311491096506,1.4546808087514365,0
18.729419712450024,168.21673912985273,0.96449723986532,0
23.515100208224688,191.14819921928228,3.3861943183299266,0
15.480985531305667,151.4782423271248,1.6354946752998472,0
17.178186908478978,189.5888363418061,2.7909296294749613,0
22.19637244975826,223.27785719248396,1.4902601750515438,0
20.30519764825668,187.06289886821168,1.4780635754353573,0
15.408707208171137,248.80322108302263,1.258966783303363,0
24.831813342472746,200.97056196637973,1.65840242526762,0
15.222004495110898,167.8970939061082,3.177615215040926,0
23.06466777629754,222.44554624022,0.664984866198652,0
24.31163043722674,229.34784193424238,1.7330860475323635,0
17.986057117656213,199.7986665746934,1.0092564742975636,0
22.935320935272035,189.81033709466388,2.896586417338749,0
20.229763760143726,170.44694694314174,1.1432965076174284,0
20.544890271968075,208.62421184276235,1.435201822765758,0
24.6043072516813,193.03222475213028,2.8140885167395164,0
23.951114225304153,245.6694648682688,2.7452547506765077,0
19.480383997031588,205.44338754894693,1.1309649277539124,0
20.707280801723194,245.39925516699046,2.0333902384809885,0
17.76484312144506,166.64635481685752,3.4915610526050602,0
19.918595860619057,247.90727465962385,1.3551820848767133,0
15.442543565395429,242.36187723713527,2.812775981527503,0
17.25542298423667,239.5604955126445,2.019032687354792,0
21.623122338347383,184.25457437699663,2.7123140189823927,0
22.33120575726355,210.08132146480833,1.3838304215921378,0
15.024765875511694,197.5183232589643,0.7015975080091311,0
24.860065650888053,179.57445072372315,1.0025126074674504,0
19.284368007337974,227.15091158043742,2.6647556758042645,0
20.40571525026079,226.38130643147247,2.1472449003288423,0
16.953402490938508,229.4561317279091,2.9464977421153087,0
16.63371605765358,239.39758474990344,3.196868268681639,0
20.831065594872264,248.33727803718787,1.1611433884622686,0
16.463837723561582,178.9442249428194,1.264829023341605,0
22.946481093127467,176.98147456137391,1.8635404719028843,0
23.279693470124126,199.90785098699018,0.7007628053839717,0
18.464812884787825,221.85962201069793,2.8565681191879175,0
17.734398970829485,233.17990284850606,3.368223361035028,0
17.372629287204596,173.99662558447778,0.7817729450543145,0
18.923536645951486,194.57944784975373,1.4587308708946083,0
17.796266791076967,225.73253549283356,0.6255064689528725,0
23.952884582711015,243.4024837274008,3.2523550644515424,0
18.835652192533008,178.370370240853,3.4989676793674267,0
15.656969989009173,212.93394859252257,2.6652735539262418,0
23.35728310155075,183.0395102369544,2.0447074079682643,0
15.162559266493483,191.4236343815024,0.9187630741617664,0
16.545464780712408,223.9914123644644,1.15138551714315,0
24.441156799436726,174.04186428952102,1.9646257318212461,0
15.952292209537301,175.75237595082098,2.836675288066363,0
15.407878894708785,245.89685673405396,2.9914090031597103,0
21.762247263717214,221.84677418808354,1.5623021946050502,0
18.668574700215707,161.12900316604026,1.9560255322012667,0
21.304751665052464,187.29879785733738,0.6520018187413661,0
18.745198794495934,224.86238871316272,1.040087531065831,0
21.054253480954205,167.14184966013613,0.8390765651951353,0
15.580891759299622,161.08919706527792,3.0495613343543253,0
21.27453817376504,194.86674913080824,3.1271161667941967,0
16.848970698383575,238.44686661086044,2.3029600051649686,0
24.949390024801335,176.56320145986584,1.8121962272224883,0
20.50272139663972,225.22063655948918,2.760681525004131,0
18.81641910021284,204.24005000181586,2.7652573078061415,0
20.854967863632233,236.57806833971694,1.2415360881703505,0
24.176374347560255,151.5357170355993,0.7150024267075422,0
17.6615765978189,241.5708438036246,2.03867150453698,0
16.23587396605068,210.09373455023035,3.280228386149517,0
15.108328872489734,201.12918018076098,1.1175249519343693,0
21.78941848646247,184.22484636482648,3.042469196275931,0
24.05520953949179,237.30608260668816,1.9513192112503033,0
18.017560090223466,191.84520717726684,3.3967902623715593,0
20.05518964062046,168.57837161270254,3.0480286275961785,0
22.063590141200677,223.88121516237197,0.8162183180763842,0
19.675930845554994,196.3525342220166,2.053103046151353,0
20.12015028556577,209.77302225472684,2.8334210637081663,0
21.489360197416232,205.53492094879948,1.2388768232910379,0
18.523466618520192,235.19769404540267,2.4883572930969278,0
20.62714185473455,153.32603749757806,2.0911578048287005,0
18.237407920724557,156.107887065423,2.3916054280209926,0
18.96502286686367,220.75335068863686,0.6403756528487338,0
17.98013431067212,182.94795457453637,2.8452669983528827,0
24.283794387603713,242.11968553658517,2.6301770393346495,0
23.02981710090692,194.55197063726,1.4931522466194627,0
16.82605363490007,206.07513582723598,3.0850911545463124,0
19.482746025778628,200.31593797909048,2.4813315285183366,0
15.900990837409744,249.38197735611197,2.0538556825499596,0
19.458465741719156,196.31337914786036,1.3430919157590457,0
20.896523611008917,246.1605566548074,2.1437889097114473,0
23.3324477289828,211.2143173473458,0.7527583521292567,0
23.01457764909344,167.25862798845515,0.6996989435067438,0
16.47251822942565,234.152573326603,2.808729164464362,0
23.439243846364768,242.1250774394025,2.5774709908192674,0
21.90891626901763,184.19776533224493,2.2281403343476565,0
24.92760763205354,224.34247346764647,2.843860039694493,0
22.540811913596055,169.71499470276848,3.269496996879485,0
20.88501295796641,237.15517497604895,1.0606544164200216,0
19.447329499134568,241.32163663734303,1.7453814371025818,0
23.030875786661767,206.2742528942565,3.07769111041217,0
15.593343240658156,173.9998634821828,1.8055538559419766,0
23.48941255619779,217.55054258955062,2.7195351048385152,0
24.34625160827087,150.89316903000204,1.5679296980047588,0
19.71581441111273,175.63257759660456,0.7845200147084356,0
21.2435623069766,193.27834144967798,1.534616078811002,0
19.242438805555338,235.28882356374498,0.658450500923315,0
15.388282602815442,222.87516588187788,1.038149926253572,0
18.107154796216708,198.99407042505493,1.0333763246863228,0
22.997226985995155,183.88145992324843,3.4690816577473558,0
22.162677742271214,228.07038244234258,2.3209159273920488,0
22.72221657811054,204.39991683225645,1.028006291532717,0
24.19750648762544,229.4956742933801,1.9182680164693304,0
20.906955388185267,168.49536570511788,1.5369551729367719,0
17.145555938006872,174.818265676003,3.1769776215808507,0
20.33446578997293,161.7259675654993,3.0202364448239134,0
18.848368484653946,206.14867802195383,2.19316635559327,0
15.044649736655142,181.38511217735217,1.935763241015045,0
24.923797211716213,185.23728844699824,0.7395877994927011,0
24.11062211043157,230.8076911653264,2.4875269449697384,0
19.848639685046727,224.25300982048952,1.629059469718751,0
18.167168811294168,173.9941516466111,3.0977838462039413,0
19.5988268685626,247.1763445162098,1.5447759722900996,0
24.894532357095617,219.09035410584178,1.5349562057756716,0
20.000323691907305,226.58312208107338,0.5962930823288901,0
21.59325234954054,161.49078971788313,1.9437372885136974,0
24.14276723368362,174.4371178501812,3.040844156074532,0
22.654022426285948,217.85775620083808,1.7450404201547225,0
19.79181191967326,167.9017357205268,3.0914378493159935,0
20.278018453068974,240.28609787375797,3.3046841157578206,0
22.65638174326351,218.906279295664,2.361420695866168,0
17.038039565753333,180.9440383424879,0.9136952661599521,0
22.339137212195354,223.30500224918956,1.8465912491150829,0
17.849613019503163,167.23163223664085,1.8552348598662722,0
20.76885743028108,217.47720782581908,1.2997628761541695,0
19.829759188045337,241.64210834484038,1.329047113297474,0
24.259973471957903,235.16655443159237,0.8166644594338387,0
21.176384036409775,220.23334414109928,1.807421056016382,0
17.993657164193387,220.31302417352896,3.044881728149317,0
20.846697552096877,206.42756238147717,1.4242307463059123,0
20.124322471223586,169.56717077378931,2.0486749574980814,0
20.48466273562134,177.61690098043093,1.57619930951031,0
20.30540285875095,210.5248732753266,2.0243221150775352,0
17.37418295403225,151.16557359615277,2.6109819095401647,0
17.85722649140458,159.22241425796562,3.240654725157453,0
16.023985409942973,183.50252641614068,3.4994262361766584,0
20.733521072000265,225.20666179930316,2.925291712717255,0
19.722217555299842,167.83167832217458,2.9262204236967757,0
18.274057309713655,235.42644376679044,2.275259827109738,0
18.15753641909426,166.70706601557276,1.0601763029472906,0
18.84877194387043,237.8037480430542,2.304862673053256,0
19.217778849194378,227.01120932140535,2.300735467491302,0
16.76748824234394,182.4542705247689,0.7931430574681763,0
17.91839970784731,245.8262377435468,1.40136484448574,0
15.869045367689125,219.95605476495714,0.7972563361864644,0
18.4392665349988,166.37168465438805,0.5766691776102184,0
20.93649283832826,221.43851265074704,2.378494117244746,0
17.39492894742227,195.40208067157562,1.452029218720022,0
23.07266633506507,228.3272349561027,2.545687618599379,0
18.03072807494241,185.57052874266932,3.409792497115874,0
22.724916261680455,155.20170328202838,2.8518241479725255,0
18.08506977534015,239.38921803949773,2.504026302960407,0
15.362645018627447,180.31756908337894,1.48036943922423,0
15.5451875423219,176.13603883026204,1.0654792637361357,0
19.502703940001332,187.85377982442054,1.5769249593366412,0
19.565135488404263,193.85815208152752,2.6789622141256513,0
19.76051369602982,214.46674510624217,1.510031041837606,0
19.647726664162185,199.45229481406267,1.8503217596381214,0
20.11852725241568,249.06559646740646,2.6416889721803507,0
17.086970581984623,240.06166416433462,2.417162933811905,0
24.354819475120415,183.80060741346165,2.225032671958954,0
18.460625933134878,195.21330762273791,1.4744836911249304,0
22.688654673050326,206.7565718059396,2.8335054661232237,0
15.77978178469328,152.91822784033317,3.120341094243317,0
18.369023232112713,202.99812623767565,0.6836514594932763,0
23.403238620674216,229.26869520786195,1.4899526897515445,0
15.504994762108009,170.43751853496877,2.5597729746875917,0
21.084924922037903,192.57325530241025,2.3705643349417986,0
15.981062304378955,231.42639634105285,2.7322427765060824,0
17.907222017426225,230.90500686876135,2.243368910756825,0
19.530571743536917,203.57116979317075,1.9519525922571013,0
19.245756721964135,228.39824039865167,0.5338903756097308,0
17.82623738236731,177.8241073223955,3.22479344223858,0
16.23143219913642,224.00728478525826,1.4217581367369516,0
19.894029800792296,232.49633095615818,1.4889957009863106,0
16.246686304869375,159.23615877475225,2.44716834524911,0
20.479302457757605,201.08443762338734,2.4318786989888057,0
21.20237832905738,153.20740725292362,2.4167337191570275,0
24.00665440222759,230.45203129248438,2.5100624867861443,0
15.151925721651889,221.7966830674726,0.6771180652382411,0
18.47329041820283,168.7957896770052,2.3989536708477655,0
23.225742655343346,190.97942135860583,0.9212308171536085,0
16.613584065354367,186.1864949980461,1.3766791742642042,0
18.967085326340506,249.3920534420481,1.310083712504087,0
24.228328624011294,159.8477920530261,1.5376133831905006,0
23.650199330173223,244.3954331865723,3.062867821822904,0
17.206386283014673,169.31828918058758,2.911924378588053,0
21.449639025197946,173.94496050683796,2.841535567438042,0
23.302492082720086,159.6947731582612,1.4951786598745351,0
21.97575439835645,223.5854133734946,2.666676303349814,0
15.528801142470153,173.7858143945173,1.69507336401009,0
15.554582706782236,194.45836214835722,2.10544897222374,0
20.78697875362537,248.89896470733885,1.3050262802101094,0
24.39708118491434,182.087666004447,1.4425268847848538,0
15.742259466709942,208.10118674165693,0.9937145630551973,0
17.274448760943507,239.09924695997768,0.551614670115952,0
20.742182152034104,167.80182720719552,2.427873466549112,0
17.852336885077698,241.7361425595199,1.9383554374697392,0
21.794465878661036,151.76625956318156,0.696822034497438,0
22.586689990617437,234.8972898369404,2.521441155048244,0
21.287561777281702,160.8593972983095,2.2004758841557357,0
18.166179388076706,169.52261259742502,2.1760834427757785,0
24.5511244912775,217.11099763635184,3.3944779059855152,0
21.20744110540933,192.43581561007554,0.7603747448043539,0
21.68437984953805,190.5656132743034,0.970833467981881,0
17.628598417941994,151.90859161990883,1.2933819650968452,0
23.401905999713165,243.06798455835997,0.5151918600265181,0
21.82187386601944,183.4238254307527,0.9856468477960336,0
16.995564393765214,249.2832100356693,3.475094540514648,0
20.86818457069259,169.93983489086,2.284841933893145,0
17.702192354714562,199.56649533332734,0.6019385887342894,0
20.372791959399404,222.8513504236875,0.6055737918115083,0
24.2857623422864,193.5722921726198,3.4053749928149135,0
17.212937318145496,182.45974901820935,1.0653360470373434,0
19.109061167362622,155.8230142220317,2.350195912584689,0
20.85861342080734,225.99866652713698,0.6180341221292984,0
18.176399074297358,192.44384615004006,0.8668985364331435,0
24.863155550455012,151.67176854547677,2.338569048948892,0
17.040517823402848,154.77461270575145,3.2315431329186133,0
19.983765215691243,205.45774467433154,3.48436184246331,0
24.34520823716498,219.44904667977124,1.7255275859957884,0
16.08785968939889,175.51958504059087,2.130649375565846,0
17.77207573267429,243.75848880441282,1.135314170772427,0
21.921543795774333,231.68297760204777,2.85748595805464,0
17.488127748791243,230.623526389258,0.9496967338623235,0
15.640232017842376,228.27661398398197,1.196770385374335,0
21.753114378958436,213.1789403447765,1.0815647416813734,0
23.588158911618084,181.02168369839362,2.21351588723496,0
16.48394161828665,234.75313663752428,1.1360289596747635,0
18.172640714588812,244.43571487699165,1.9189986499003016,0
23.189820864559472,169.51560264310135,1.3301804962606742,0
18.892260200030975,169.67813002477865,2.518178319888155,0
24.609923536032774,176.08154264957173,0.8759644003652515,0
17.988717021153615,222.49491072698652,2.8814196035847393,0
15.253604935174595,209.60107129632274,3.4518112316855505,0
16.664784621267138,174.27338118905527,3.342522535876235,0
22.5342553739012,215.58299015651411,2.7497400442757627,0
23.190218354878255,206.49057813661426,1.950944077783709,0
24.48580465877982,214.80326218351786,0.8877665194808452,0
23.36384228811759,151.79511293969784,1.9131597851811846,0
16.924297210898132,159.78514261921765,2.0030595710176735,0
21.26956263311586,175.9667893511656,0.8499714048338365,0
23.811059505498367,213.70747969178052,2.5593658260262506,0
21.83089846088776,154.47106047087556,2.846687024303265,0
23.821295485373092,206.00846724570727,2.185278621545301,0
20.732111633535574,163.3880692095919,2.354420026103271,0
22.52872173457888,219.76078520141004,1.6226662446837739,0
22.519385176191705,185.32713835212635,1.9108824162193556,0
17.134060959562127,180.70770273972107,0.9018388338282768,0
22.95620025046966,227.35538654036753,1.9105237109719877,0
23.311194984669932,231.97872582470302,2.809476230853628,0
20.665050109713995,189.84676379501107,0.8336632671541548,0
18.65468040616051,215.95598761403352,1.7268137925030809,0
22.51093550519969,162.94761366158954,0.5472771937016553,0
19.057842629347512,195.57948718578973,0.860224327966905,0
17.08697622725939,186.57445214004252,3.212983204812602,0
21.67384798836649,201.2362418338349,1.6596688214441377,0
23.954540709196383,229.85129458816817,2.5827677938638516,0
20.42093036777869,218.3676021889832,1.192741359467223,0
21.625037296880038,185.31206841243792,2.902026632633575,0
15.188218261372981,211.3074125511668,1.3699828424156149,0
24.319448860846574,168.39904926427278,2.2914471109796803,0
22.595085311791003,164.5646162015134,3.4034975396117657,0
15.814226776747528,229.18229853317888,3.1115749959736747,0
21.729766743480045,155.70729785310965,3.2223584932604745,0
18.993733190719727,185.96896198884073,2.49568001876315,0
23.509122393868864,195.54475414590192,1.4259285972077338,0
15.78911170866026,181.08703937610653,1.9597926089291124,0
23.224700962422656,161.63136950472102,3.3667862008628195,0
19.134835665412396,246.9567452367612,3.279422114895211,0
24.326958900275194,199.3250216555967,0.6653573401392578,0
21.396594636064798,243.77866150806452,2.476725973895591,0
23.3005005086644,153.2201222658385,0.9885212650564615,0
17.66748449517249,225.39763356749233,0.519455763810644,0
20.699381341055407,174.79611950958173,1.0643620759871255,0
20.15562545703751,208.54615282771013,2.8977369042780787,0
20.385313911896834,215.6978867822517,3.383205364181033,0
15.106608061747506,175.36496760064193,3.0734521593529154,0
24.007485242079355,197.1314410451062,3.432856942563463,0
22.321253988381645,177.87789257990661,1.78927677424306,0
20.3968713967284,205.81750443463443,2.6884633182637607,0
16.99799176154627,215.72155327965027,0.6232832612526172,0
24.38114326868676,154.6266863144176,0.5882213177034571,0
23.03361181877881,190.8304223178999,2.8788020352731896,0
24.39085498460097,182.05208929345002,1.1252166026601294,0
22.1145231986526,182.52933392031233,2.909368086222184,0
18.393951074265342,204.19237373137398,2.086723151190048,0
17.11686991640733,226.14474672355448,0.9613936966708572,0
15.561516443795792,234.08496797330594,0.6473331706444896,0
16.036427090765493,186.59419860311056,3.494612769613923,0
23.628967097463736,154.11345160553122,1.0952343508569675,0
15.643570957431336,173.38223324305125,3.0477792324838813,0
18.454517711580262,205.0465102659052,2.5694575392613617,0
21.80837854793687,195.16749953654073,1.9096288503874268,0
18.960943066012256,178.51296991686664,0.601183916500096,0
17.617666051128698,222.80218153903726,3.4594821969824707,0
21.683468054709284,151.69374215438347,1.3272301654895453,0
18.036841785870795,202.72939948876927,3.3928029451390413,0
19.77910665580207,212.07906310430104,3.069392628034127,0
22.90065039118577,184.65727134989984,0.8944944171623547,0
24.181735781857512,229.71271735637828,0.9802336008889913,0
19.713294288018776,210.0639345514614,0.8412258252112712,0
20.023597547819534,172.4434582888167,3.3340773304752114,0
23.748325653393795,169.31817217257523,2.1679018216690715,0
24.16842540673883,229.05530119584904,3.4735986691296508,0
18.803363783642418,175.82641432719467,2.46834681637032,0
18.497857209450345,193.74704777726822,0.5932836106629402,0
17.836010925530125,194.90535959594095,2.3413431738016577,0
23.949331644464593,211.27513651293356,0.5083574538158533,0
21.79887365726062,220.38560560744094,2.0056251763195867,0
16.809122938149624,170.3190414757106,3.020534682522988,0
24.881200560185597,166.37711926039836,0.6059109200327177,0
23.70029971402102,227.405691143197,1.2549519924845598,0
22.644532569481065,156.8303615596012,2.572613852562477,0
19.187001379849438,226.46761569660623,0.9692801472863859,0
15.207702003599941,174.67358525026492,3.1695958791366996,0
21.02641106747793,151.07359026274634,3.4247898761409856,0
24.178704779262375,214.8790287785052,3.450917217985182,0
22.900525766586576,192.11503842476893,3.389382049037997,0
19.746128561407282,207.47379208090484,2.17990716148716,0
22.970697389631788,152.07321053359036,1.5804145973537111,0
22.981846516815093,194.14973020881416,2.4943056105391994,0
23.64197546646829,166.84485346943512,1.9175647428570723,0
19.655187355907092,234.89330065300834,0.8198264208680082,0
22.648715279319568,195.70438475015334,1.8317261727051046,0
15.378404695393616,171.1008716703636,0.7223017795339813,0
17.47819840374611,162.72455218562385,1.0644677588749734,0
24.68851693345929,243.9647991989596,2.5186157705658436,0
16.79078229904143,193.46437180733705,0.6484791180117094,0
21.155664857809626,237.18536265595554,1.8519211956827792,0
20.575540779087348,196.77923234070317,2.287378312680893,0
24.233930079633716,239.295489959625,1.3446648928597758,0
15.909572990059864,244.00452551108623,2.399570472756704,0
20.900786106477884,225.26168664696647,1.5167680218142146,0
19.67569515993432,208.06164707040423,1.8711307881192303,0
15.18781244196063,233.74137674734556,2.1064739270386443,0
20.891161736119326,174.81676830095023,2.2806888953982245,0
21.14760277849811,181.77427191736882,1.381233083142571,0
18.817530028660848,242.52713159252846,2.580650838966405,0
23.89295659726516,201.38958431300836,1.1806845936232824,0
16.10103716196234,225.3299972234484,0.9008684985235728,0
20.459857028356026,179.0092118640042,0.955322085521663,0
15.17853150066245,160.03947119897202,1.820013926734993,0
17.966381681983496,178.63302975882334,1.9067736438108052,0
16.52080491501453,166.35550425626775,1.0746586428049933,0
21.02024909460374,162.02521151020625,1.5766480355040335,0
21.133474105134862,177.69953690333847,3.414528469087032,0
15.404912143576613,228.5549633565488,3.334652833092495,0
23.500608672474755,166.86435909281772,0.6882531278552028,0
24.197077779155848,220.2886307286342,2.026232144291007,0
16.87147200831491,232.1653193207288,1.932375673083738,0
22.123058544050714,212.0911999576986,2.146363154578636,0
22.863720278912385,225.50033055247218,3.3570652110574106,0
19.988885971110136,225.3307530545847,0.9719637972621284,0
21.87779429705745,247.81050766816105,0.9829365418707228,0
18.87252665256945,211.00467818096297,3.333374469280764,0
16.939005396539635,223.67407740607672,1.6059279404066933,0
18.102670328005214,193.40073433299148,2.5548485311582914,0
23.730324765151785,227.0732569817089,3.1118390744649123,0
20.21858003510591,178.66036934735075,1.8357936150038894,0
17.283731940349412,219.04916400525252,0.5008581751066139,0
16.857327266902555,245.85480838801493,0.9428441690062493,0
23.793864568881215,209.86464047477094,3.0388749761751024,0
17.029381380715844,239.872176332033,2.8921283889804017,0
20.59123897653196,163.6249891304151,1.8759971202032224,0
21.315394779822107,194.03530815985158,1.2065821673682904,0
23.200936872235765,165.232338277376,2.1613386178781475,0
16.653562781008354,217.99835622845507,1.557971762970964,0
23.13327036887634,190.5199122102402,0.9440780714974483,0
15.879679620433588,234.23216772750766,0.7295968476256481,0
20.88275986911035,231.41260793125895,2.9374549233345424,0
16.202347965093285,184.97675090013442,2.4467149277309286,0
23.52801363512884,223.59789709063267,1.272905886046569,0
24.76996288798611,180.6477218071417,2.4934205300934265,0
23.240439345319352,201.11969576632373,1.124827901998033,0
21.167287453495906,165.86131393903815,3.330108894088769,0
20.279128803828534,247.61139024978308,0.5074913290585007,0
20.694535068629225,171.88379091659746,1.0304701866160988,0
18.166215087240403,208.08060120215225,0.6591644140382424,0
23.445930057323338,166.96125961991513,1.5484264594576436,0
16.444081852247336,215.8282877389338,2.4562646098632333,0
22.489231182021406,156.72617047040026,1.7911589540494839,0
22.979011375689513,170.51103215098385,1.3245002083597903,0
23.706547336039442,185.44304790832444,1.811252153816969,0
16.781747608408825,163.88535914061754,0.942839767229834,0
20.523001859302003,246.75247656662634,2.79086447372827,0
17.64404673744258,245.05798799135695,2.000411356861442,0
19.95102451971347,208.0298655998484,1.0701903102723977,0
24.15750571319348,153.3229943422176,1.790020704461075,0
19.947190453315287,210.20663701240983,0.7123712256887745,0
16.732453625611733,219.47854215007754,3.2887193211689336,0
23.356931062947027,166.11192606433022,2.997809012834244,0
23.641879747083383,155.39632695594227,3.0037541379060846,0
18.449424284062633,241.35658966775992,2.195023629726265,0
24.853336393197008,228.08446730526222,3.0934025448337374,0
15.280845818735493,187.06279231530704,3.1871211680807217,0
24.809778522108623,157.3065288179188,2.968824086080511,0
23.773721827403612,202.00228391448854,3.2015616667819975,0
22.899889815262988,216.94183083849026,1.3269398749328885,0
16.97994574181759,229.38586560629022,3.3420564847083045,0
19.735698043404405,176.33704196521973,0.9287333097432018,0
18.73906443400472,151.74025464996612,0.5804215049827347,0
17.039398909077434,169.28147469517793,1.1959377874510122,0
23.225099056699346,198.5681514000963,1.214564370967239,0
23.272729182088803,220.31572513867152,1.2829922111714422,0
22.066982560807702,170.53668460873564,1.7213241257092262,0
22.921365118707993,161.99572796027758,1.0825722669987656,0
21.424634571750367,175.57607755003062,1.3129307920141788,0
20.469907007267107,174.22605223702504,3.0975880896867345,0
17.368180437210217,188.18795032845418,1.6172418019620611,0
24.156974807513848,159.19529036451368,2.4036425497482776,0
21.445184491441417,228.42124637076142,1.865808847587215,0
18.75011203148601,228.1107921262612,2.335446110917556,0
15.903831601095195,212.76887058051585,0.8676594433183338,0
23.726734504486878,169.32854626486886,0.8029741351674522,0
24.761578944817284,150.4486644602062,0.8711150313731892,0
18.942858426987435,186.75340471393122,3.090560959540049,0
20.755911902599806,199.30543984521154,2.636241987062124,0
22.841731833906184,247.1467499912825,2.8520045763075212,0
22.667144026759544,208.94297324205098,1.228260774963431,0
17.677738311657862,231.3589809446685,0.5542510377805199,0
20.376869264175753,152.35485753360135,1.4759740575703484,0
16.957274772455804,222.05206574066312,0.643517338060698,0
16.106612307903966,230.75229612173325,2.5628454952362434,0
20.39442696168131,221.19488368448845,2.5688095729894145,0
23.423166931701218,239.8424040905506,2.5446020382557952,0
23.178992717637797,151.95828561717792,0.7505984150431643,0
19.121255915388705,157.13592055609183,1.971464442569685,0
17.642856260806422,211.76994629957937,2.006361775615985,0
20.735806966475828,186.91132956480016,3.2470764855291008,0
15.279107040126824,205.73149088972588,1.084436114506373,0
24.79973631517919,233.40218764208785,1.804084582070859,0
23.908637071220557,176.80582160930223,0.6184052351701047,0
17.58363185830966,227.01562073372378,1.891634871595242,0
21.200531820773442,200.35347328522104,3.103418442872779,0
23.43346997339195,159.102641167284,1.6632324217371321,0
15.814695405934822,236.23635286529517,3.0937074178197377,0
15.587896837322209,182.77170434374014,2.6472783922362546,0
16.060292368329463,235.84467163609577,3.10366572297718,0
18.31954967698587,239.78560565012052,1.6072210057472736,0
21.128539629895165,235.81916921596502,1.0830414961498094,0
22.848455776727448,167.50780929649204,1.730940989306512,0
19.77325413781628,214.21544526592956,3.452470064759917,0
21.513889024245934,242.47313168572035,1.0753151306272664,0
24.92515122378311,228.39353188193672,3.393223820046843,0
24.77166380169538,214.97567015629517,2.4823894729284093,0
21.189039131714395,200.90596446780813,3.367592857123863,0
22.608778147239786,245.40460844444016,0.6329046847754113,0
21.82775878463899,219.4836425727839,2.7523280067048286,0
24.57344009901564,182.1779142588303,1.6830721779357423,0
23.926465115324895,235.66774702623132,3.475021161978368,0
24.602966343425614,189.85217344001916,3.08298790213179,0
15.99772933320983,164.6759922148942,1.6808197147542998,0
15.840586863932065,178.82657408756157,1.6698108706984547,0
24.792996942658853,157.45047469350294,0.5203183961017277,0
22.931196559919528,203.49170253449495,1.1388335421338613,0
24.052116291208783,187.76076852933082,3.1903295059229007,0
17.60109193794605,222.1597853051082,0.7350780376076037,0
17.023840817854676,241.4094451328788,0.9930910323243686,0
23.957843487349876,233.9833960423461,0.51984689194718,0
22.25385450956241,189.87974744544744,2.6761470073194626,0
17.039122580194704,241.69712818727592,0.849089954346251,0
24.203336894866503,176.17352030297675,0.64763186407283,0
20.267625473216242,219.4764752449325,2.2092141532726677,0
21.866767344019163,166.5924762128942,2.745943658439963,0
23.944802684394347,210.37177816966994,3.0642687493778236,0
20.729162532405688,183.48662338855962,2.3648410750025635,0
17.521029517901802,159.84355288281404,1.6104216715082915,0
24.19089424849923,162.47922137018188,1.250745712787137,0
22.542671401774875,232.74851668155532,2.1875321416599434,0
15.533284586787085,164.93065443082347,0.6703981071620522,0
21.63095882170852,165.96174802383192,1.8639367723386062,0
24.841057889171026,232.28453388005212,2.2958530134252326,0
22.757624085714863,188.07952808796722,2.012319590627466,0
17.997835022919364,220.5147683826799,0.6246577364655455,0
16.5211845709449,248.1508280816736,1.2130543115219137,0
19.230027831453896,152.93040194574758,2.46715377330785,0
15.679961261763165,225.54175816916182,0.5720014880297698,0
21.126952172147497,197.92597724104317,3.34594751759994,0
18.628224974205146,156.20453026001564,0.5979525601672111,0
18.178069289037637,153.08705511063462,2.6985264487643783,0
17.67003445031065,152.0593299664692,2.711304304237315,0
24.363459321986692,219.67306749248633,0.9694738746343264,0
22.938152242836054,173.54654220243688,3.1598428081382526,0
16.2619500261736,243.94362963439352,2.8001357057765697,0
17.11815761285334,249.13917962831908,1.6800047531829052,0
15.884159084772136,242.01987617587304,2.708867400859821,0
23.72989658073599,239.1233171620105,0.5360758001967058,0
17.496607319459102,240.8911467551803,2.058662215750144,0
23.481426833588703,239.04769839995924,0.6575001026466948,0
15.378501539380698,197.4921497479516,1.1820261169650887,0
24.78964352521281,212.36979773658038,2.416079416357719,0
19.765049726366605,157.42704942165076,2.5792412727607195,0
16.700643446521234,150.28344655658452,1.4132666444161246,0
16.232354465521084,206.62550999730058,0.6867270338309103,0
17.074127564496123,163.95335775114194,3.1545324778059225,0
22.87709371201311,200.2334921509534,1.0504107906966587,0
16.162027176180604,163.36892464351513,0.80041026951155,0
18.51875837386032,156.36816448616594,1.5702099433279422,0
18.640190624238834,248.4798959155819,2.063246889755435,0
17.046531493965972,205.7953504973742,1.1345400316460315,0
15.292148894004622,204.34271356610972,1.5227462855180243,0
18.84637177226233,155.32064735251424,3.4056019973680725,0
19.376630004711917,221.33422075228282,3.056166067085606,0
21.619650748163536,163.0858768533052,0.7190334608118858,0
20.708225215306534,211.43701127656598,1.9412363635029108,0
16.584560487677976,226.98064644914064,0.5471780064981208,0
16.973901520327367,150.55455475847864,2.696621740247,0
20.596084649651154,219.44934825752654,0.6746590892907298,0
22.501754993399807,213.0270997442259,2.0807496139606165,0
19.206495161143938,239.64361072118805,0.8276440058437645,0
17.55196552614797,247.04855794515606,2.8726216956395643,0
18.657354430740735,227.6606479340644,2.2914935255807887,0
17.035276998301132,158.07997260441186,1.7851979898719348,0
17.698847544770064,154.8401349553304,3.056380707982211,0
17.887100369988612,248.99805224271046,2.5976090868462984,0
20.554484404700936,212.15677345708903,2.048382651319664,0
17.76950851574675,218.49429733224048,2.0208119306584664,0
21.872334317327123,192.34917555089248,2.05504941754434,0
22.44851704828021,198.85270855025456,3.113070351888401,0
24.08567278295387,185.21368807733782,1.0462811515888313,0
17.892183045773344,245.86795545904505,0.8068370226971948,0
24.81606567857913,200.22719847626632,2.4470280934490267,0
20.009902061079664,162.99327000428485,3.3472745399950514,0
19.05944724804487,239.93881205088573,1.3219338563442695,0
19.471524067172638,209.01375763695313,2.510635263235212,0
20.040903187956804,158.74697317617355,2.894778355039337,0
17.47134522932683,152.9357025688981,2.2587082303671764,0
16.201366557597044,219.72199013805923,3.008182203053253,0
19.94193767404674,210.09035829060574,2.795653855486768,0
23.648907579875136,213.00075022003261,0.6987734453740806,0
16.911350961044466,155.75094563331808,2.265123328943739,0
15.858129928602015,196.6248455236087,1.1720009097208393,0
16.685884276595623,213.5461715463307,1.530606747361385,0
16.59758124949899,187.5808632130646,0.8997936048294262,0
24.1643532868152,192.17434818113347,1.6860645792699076,0
20.650106254821956,225.418887183795,3.1134696995926054,0
21.478560428917646,242.74654158486112,1.5508320419775221,0
20.06972109634846,157.37513387653019,2.907601629833146,0
17.936992808951516,244.96197294984154,1.6175659210088456,0
24.984960879629327,231.26339534671297,2.110420221750122,0
18.268774885672237,215.90128185021197,0.5014409585584674,0
22.38653167091392,240.8420233663685,1.2721161571405188,0
22.550288329315933,226.40299248832355,1.6049036668108623,0
22.847272373052867,157.70174830290975,3.0339536496161905,0
22.10320597841772,163.10256834616916,2.598583161444786,0
15.79197580637462,203.56432474296594,1.554630047423755,0
20.5434399920096,222.31165096116155,3.2694444830902802,0
16.125767433116785,151.13426998523863,1.8865774036196186,0
20.780633435942292,241.39161751614103,1.6553100663671612,0
17.613249690443347,176.65298483008627,1.7274483863271244,0
23.572652657376892,225.34120930240238,2.0387625784622267,0
17.04882371648921,161.34509664627913,2.9482240097324395,0
23.28169275220744,160.0352970470677,1.584889492900877,0
16.7965101340915,225.22108928583702,3.4530667034733904,0
15.071144556447223,174.76620068234314,2.916859685155054,0
20.00518477572079,158.4622197282575,2.7921868402085894,0
17.16700509843134,246.03473578137172,0.7894052488515179,0
18.20670178671211,196.59801874730132,3.1283667961452624,0
21.138699764243988,202.0159208906844,2.561991385764731,0
24.625163147550133,186.00749743253246,1.0373085024325628,0
20.776345045090352,208.42065059763496,2.0452330466161945,0
19.925717406267378,188.52796481268345,1.243886565810597,0
21.136729004809833,154.76132060089378,2.0839479772154643,0
15.329375749390989,158.1166541146631,1.5935417899242366,0
20.820865080894844,231.41631965130532,1.24485460965488,0
24.11370816557573,168.29699037093957,3.057199292004578,0
21.462737456816285,200.5694351554376,1.9124943564680215,0
17.12992511539841,164.850868605005,2.0897634922255004,0
17.96120435311027,226.43409249668906,3.2667899247949923,0
21.608444247149265,241.57615372365933,2.0247107189424036,0
21.166501597078284,220.76085810746113,1.4519089378229282,0
20.700266714425084,247.29773923669728,2.1154707060868336,0
19.861984105878562,184.32793703996197,0.8904819935855784,0
15.208089131361806,215.16082517586966,1.9155842295317762,0
17.56840321077767,238.28420291842502,2.06987639735278,0
15.649997953665642,200.15219916955016,3.1543302533617497,0
21.662092332678075,202.22036319671207,2.678710932677475,0
16.532507817789586,169.11547996902118,2.147700258614604,0
16.81780246527561,217.4229141580306,2.39129556941877,0
23.94038363793258,214.59312951624278,2.32582309653871,0
20.09092655551092,205.34033506979145,0.9720362940556465,0
16.070167044985986,153.78957270144014,2.029255515744805,0
24.970309729280096,228.05217947921633,2.5968022914704143,0
17.76332140226337,245.31535802669723,1.728840084405356,0
16.4820636623178,205.77828452594818,3.309562486954052,0
15.827631826876427,199.30174692333583,1.1594965548418594,0
21.152938004721488,207.50162999968342,0.8178288501743142,0
15.017478633902773,168.45684302850293,1.1209933571191457,0
21.535153462454275,155.7914335462069,1.709769146317666,0
15.992079895637694,179.18218421373194,0.9348440419781455,0
21.794745272384574,234.33472392582908,2.616010423156506,0
16.838240376113426,159.25206991643873,2.28504818887337,0
21.041151541047498,205.50383626475625,3.127864792413579,0
18.288219697381443,220.1635508198911,1.0014868462365305,0
24.402006994108582,239.7291777608363,1.6305214015692995,0
18.11116911745191,245.740081650857,1.907875286968347,0
18.026103926383193,209.663379568188,1.507956267932677,0
24.934954194262033,204.19652575658594,1.1807982047012913,0
20.596776326974535,212.34800724824245,1.6045887726304835,0
22.493455836058757,222.4158771025849,2.1913285436489716,0
18.58317222389001,230.70424228896036,1.0839638244112464,0
23.42029148365419,193.2820624257029,1.577673925293939,0
24.743879534962105,230.34053985746647,3.2266338065042235,0
22.06388375689473,239.97217703298634,2.6337515230705026,0
20.318843078017636,205.4387015779098,1.6648897980944193,0
23.908634861415685,154.07054333322475,0.587747793625738,0
24.616822691348467,239.08844281707584,2.287942630818743,0
17.72438992962735,191.549994473881,2.8458683137986425,0
21.634777986138047,215.7363443720767,2.337326799736687,0
19.111107733765788,226.98006625879285,0.7512964124500252,0
15.265142880583733,191.52550736175334,1.9947220347097856,0
16.587800078849334,207.9839766672451,2.182118073374323,0
20.89887015201752,168.15955634106413,2.650119168585717,0
22.36359303369455,238.11260388498715,1.5281875253885424,0
19.819015018082446,243.48358461493677,1.1870056700180451,0
15.600760374977519,164.17987819871055,2.5927611835445927,0
17.063898711354145,188.27099430434546,1.5241683295067878,0
17.496240773262887,225.87395807415783,1.184489162841893,0
15.900020644992875,214.5104442915444,2.5993096062403236,0
15.486966281319543,228.3156986092223,0.5399461150088305,0
24.787424060356123,231.41488321542226,2.580875860981749,0
21.93580179808412,166.5243579900344,0.5492389065238062,0
19.442446235033067,230.37598713215533,1.2739865071012058,0
18.610191821446683,180.07620895663692,2.772356776923517,0
22.223091233670758,223.14761427644302,1.0841379052744884,0
16.842257800895155,182.89685139739106,2.517953908124833,0
20.522934520480405,165.65532021357095,2.5115705813885434,0
22.59663629630777,153.38952979525396,2.223582766387709,0
18.404088731898604,248.05534463366746,3.0850860537493165,0
16.281214259426566,249.82669965389425,2.4273632598902566,0
19.87606482192198,196.41942339355938,3.1520054472706946,0
20.810586464469907,218.9972586938162,3.4557453516688743,0
23.956483556533264,207.28872631841907,1.66562028821265,0
21.684471333956072,234.24238042711906,1.6266456769885655,0
22.834087446203785,219.88575145943497,1.3001199270900878,0
17.70577408527914,245.37977722126485,2.0869326816923026,0
17.567460272297517,172.85053126903358,1.7865324380472036,0
16.22926744598081,243.38418319572844,1.7268068668163996,0
22.631682934178137,205.85970373220187,1.0189336138580585,0
19.285367108695283,249.2934562789714,1.7038999913854584,0
22.210678500597623,244.7088551876398,1.4689438502461005,0
16.106580806085688,190.4851623167042,3.437973697624874,0
21.309077778978597,184.8064281905256,0.7381396441801608,0
22.93901840977763,176.60768287939842,0.8967330966776301,0
16.555438502619246,157.38941709855686,1.6895955935054068,0
23.988676207151073,243.8013331533127,2.470936955055441,0
21.178661659639808,206.45263288989318,1.923504841057217,0
23.39031615694975,222.28377476667217,1.8810765186551897,0
20.513680033464844,215.01219640816328,1.5924969264464126,0
16.869058852674055,160.79572982149003,1.3015169138693015,0
17.478017630139504,238.54676056448972,2.6827732547749856,0
15.033063315645716,153.10944711126504,1.9504568875043813,0
21.155829833089562,208.8250001761982,0.5190690925464874,0
15.250435188979322,176.96465916269938,3.32991342173927,0
20.227460142995948,177.76235317893233,0.5978619807614118,0
19.805289646773822,172.4729886028128,2.232323863483013,0
21.542650316390052,230.30443790902405,0.7559332178923672,0
18.515283990902283,209.24431087847557,1.558703019697529,0
23.07020106544077,234.63976948649946,2.059315565881129,0
19.003392388381123,243.45938658221175,3.1060083345759466,0
22.700689844328117,158.38522331517402,1.5691021977361492,0
23.896436428657577,152.1381516237856,1.7588560312805486,0
23.51518894162615,231.98862084853505,1.0702950976366883,0
19.70797177474336,228.2913549410439,3.4174880411009405,0
23.33588018793009,160.4343567162702,1.4114965719113197,0
24.41646709583207,156.14117063668624,2.332541671672127,0
17.970194716292312,227.20580005790066,0.5620573175416874,0
19.184539634634824,179.39170535876033,0.7116964162623071,0
16.897412050367564,162.41198915898963,1.7925280411222912,0
20.546917586849077,164.68565083286617,2.4896775796135113,0
15.966134439837205,222.01918888282205,3.4719588100305496,0
22.273611478811564,212.24492772874447,0.8228365210269877,0
24.27362604926426,233.14451085646624,3.2422562134136017,0
23.398882998644766,160.21101415587606,1.6748117667283768,0
24.677717772973132,158.47568772163112,0.9984975366502352,0
19.368037676389456,236.98647890725027,1.7422696486142497,0
16.489947700576593,199.27999770353057,1.3192087618970936,0
24.894003263180405,230.3507679094725,2.856525931570795,0
24.30651178558451,243.14757666964672,2.899304643349811,0
21.04522618326697,176.84055307021947,3.0839885944991057,0
22.6068074126053,185.13146547778237,0.8214165963574522,0
20.015347670517492,204.58716544916678,2.769879402781383,0
20.42237884837157,230.03670042957322,2.730970473424861,0
19.008590438756684,193.02003879960284,3.2185973380234074,0
21.013098292558,151.38427155550977,0.671070393108509,0
24.386697097711952,204.98641632571412,1.267082177647445,0
19.453511957732914,225.083526083692,3.3649303419035075,0
22.973251848604157,220.91017284714306,2.9733758296536115,0
17.259217822087187,195.42595588601117,3.1134541692518964,0
23.76059623458805,246.90393410688944,0.6693398879924674,0
20.36459182884492,168.45988861025577,3.408066520854239,0
21.428517178882817,223.8203344567525,0.5901722681257764,0
23.631127945331173,176.4668413123291,3.054511337140704,0
16.720625749072802,205.4958329354159,2.6493847322638135,0
17.731466547028365,215.91303950046873,1.9019734688288021,0
21.114747521997007,163.04410665716497,0.573998980537263,0
17.617193637303686,240.9908320611059,2.6983753358436364,0
17.821990878152555,208.54312488755212,0.5793900653955382,0
24.186156144713983,168.66020433717108,2.6785000577562776,0
16.314055419518585,158.2591440970604,2.5810168838314,0
21.56436634142448,238.2573074524849,1.7680226790115376,0
22.127730007099657,154.59241755337655,2.2794648301784646,0
22.796216468467637,160.54290123543996,2.54182981948775,0
19.757510331493556,248.41003477849264,2.9946625590658345,0
17.180673109534684,210.97760336179255,2.1462734457757975,0
22.033377748622037,179.38375708100315,1.4669843582693476,0
21.574598421985595,206.18718946912355,1.1198831798876834,0
19.590223479854274,158.70466889083738,0.6754144254520702,0
19.596104357072804,214.13546228976017,1.9979002623199207,0
22.053207409009783,174.59375844642278,3.080347968754895,0
20.394924720381944,157.26109024783833,1.9811801813310235,0
19.47663952970425,195.4702178394899,3.058251860129761,0
17.216695647464512,205.1375534486088,1.1512817725893953,0
18.167138898235116,172.70598947051337,3.2848427404969156,0
16.0219867152981,166.00460770912713,2.1888610452483404,0
19.23738045448784,229.53731572991336,2.9203610492372984,0
16.129354813412057,228.84546858270204,3.3996029839915494,0
16.224852749806015,175.75242023096246,0.7868680156574599,0
21.411062460982095,190.8389871539504,3.0853182519067825,0
22.22538207958479,170.09736830346333,3.4858164887983003,0
16.17917205022062,218.6029540646109,2.072652335109486,0
15.352607901372762,199.3788769924862,1.5594351985673924,0
24.028687820318382,224.8831324985975,2.023140676655886,0
16.21256266521342,151.79477684710793,1.3568257935409826,0
19.63290844125374,215.25881550521416,1.6242657024181466,0
15.200895893605225,191.4567905180974,1.3361319912814598,0
24.739370357685754,183.34605359644888,1.5269548697790745,0
15.380086860784658,237.97148076381362,3.49553882101225,0
17.42452842944111,239.93407739284797,1.1504665417449407,0
15.223503443514568,174.55995728975654,3.032381356823195,0
17.233583169790776,177.08526755017738,2.5360553728187445,0
21.95827608554509,179.43134479881718,2.804261222674146,0
24.866236374499323,237.4829822458451,2.4438110100711556,0
23.1422772404932,240.59516252858768,3.450630693070302,0
20.056241728246547,159.24728883873732,0.7157384884028474,0
15.639765954778596,245.17563455941308,2.326991003718743,0
23.266193727772418,245.17586337458482,0.7596006974835336,0
21.425733325957967,192.35094711901894,2.5429928441037424,0
15.868307911507186,239.8503082310945,0.7517017574140229,0
17.633641497410395,232.39782258491115,3.1824477854430713,0
19.587094779995677,165.7568579976917,2.757776309253376,0
18.150230925550908,173.73597297971645,2.0412552428532873,0
21.283030078957623,217.54315543476196,1.7237154143516107,0
24.45059470981872,222.78461166306616,1.2832012890187992,0
19.465880057945235,183.61730446444795,2.937810736996774,0
24.41336236662086,217.52429522447363,3.3617040194080694,0
19.55032716046413,187.11256404174065,2.4500988160530928,0
22.174884811799735,232.94987568129443,2.2765267055800686,0
20.226582885204998,181.72149058729318,1.292928962714916,0
21.590489314862996,182.1661571622452,2.657469177370708,0
23.902770706098067,210.58106440032532,1.4029104161881225,0
22.344375422464772,220.97816878234408,2.956082746710962,0
15.910031703314306,186.3904746481257,2.9341976767189397,0
22.83708701706147,230.04536903492104,0.9505942105477654,0
24.838585317686537,162.64754253998865,2.6234131247880557,0
23.085442717756873,218.6847292072803,1.6520649498271878,0
23.767174525515316,162.57653920803202,3.2237769940845444,0
15.695968808065548,214.6657574930049,1.5511265079533096,0
24.125633070710418,207.25301680019084,2.9766973191965542,0
21.899487672161843,244.34589735565243,1.2298835890858646,0
18.65431362995633,170.88552973512546,1.9593344195247777,0
15.688632652327644,207.22083153397995,0.9093970315721587,0
22.740448998277696,225.43574847573177,3.333005668892323,0
23.10795592843005,215.2819305545769,1.3825130890375776,0
18.653175342171103,165.6957520517742,1.8482933595826054,0
24.7447987362917,172.39972764019086,2.672647087595897,0
15.959194388704997,200.55691224633773,3.1352066134253813,0
22.084138519651848,164.70800340850292,1.057703262417026,0
16.920201555338096,197.39248866014154,2.3107424341281564,0
22.720003640950218,214.10938374051716,1.393053185459011,0
21.548067731033413,164.28076242726934,3.069630066818391,0
20.183487779224443,215.03210954985343,1.9007943401592544,0
24.14684370384389,194.44838208859056,1.5085094434166275,0
19.637723137336295,167.96991880600643,0.9463805329924848,0
18.68505670244122,226.3672556693986,2.5760095520040034,0
24.947488799053016,167.5607863245512,1.0825889877650137,0
22.398219330017334,183.00619628858124,2.5897316175127614,0
21.68437491984826,232.8665049936239,2.2357629097385394,0
21.988249643484536,168.778866465977,2.270939852373685,0
17.72073984543173,172.420314841848,2.503658294777153,0
18.537041505258248,201.2834401080009,1.7805251697228648,0
21.366693973895522,243.4694935739113,1.5592176443743364,0
24.34579869769761,231.44901705379684,0.5994129850383383,0
15.651545161951848,156.7215164676094,2.86378331615751,0
21.43005113120488,154.1089570924218,1.4716156973006056,0
21.884276151235134,181.3167738606703,0.5076173544037346,0
21.73331729201999,224.22470745107938,0.8735338971118123,0
16.680985166938896,181.2557829081959,2.08862485033756,0
23.55385708986487,216.06291880708895,0.5993321958832628,0
17.118999256626328,249.15410450470796,1.3699967824765604,0
21.68722292815292,215.25503340443962,1.673128191274845,0
17.726382230584417,162.44154246674861,2.054512090669227,0
16.839824450665876,212.73672877130744,2.896890061807412,0
24.617104385925884,232.880384179577,1.27060360582061,0
20.64941075408335,157.07058360216135,1.787691853782888,0
18.56408342454595,222.161280011519,1.5175439732319922,0
18.878016170645132,238.2433454764257,2.6534792065974226,0
23.003646374963438,208.42829627175573,2.0975192510787046,0
22.682260714310516,212.2411052193418,3.2955644184164985,0
24.423672161963324,208.27986037017104,3.354604402703984,0
16.861647562122762,242.80978856888092,2.8848544453368126,0
17.80894330926108,214.83248420111997,1.6281756526709514,0
19.83880501041862,190.79584546795758,1.9049038455534446,0
20.195168823335248,228.8181302947507,2.929519864861758,0
15.137046040684632,222.5223961069806,2.989669330075331,0
24.612751853220296,184.8955044871071,0.7666691676857066,0
20.608953535626107,236.45077111968024,0.5816696428425742,0
20.780092659210403,152.2825153472134,2.5369948782916447,0
23.795751437721997,184.96361886292675,1.9491300049164157,0
22.24267674805411,232.01019010739464,1.5577415211033885,0
18.146455102182596,228.27698035494055,3.0007011151031686,0
24.213220626249285,157.8856146448633,1.6571802099148316,0
15.967945904547825,237.74120587470304,1.9114773077534828,0
23.906349055049944,186.77086561801113,2.862406985243703,0
21.0991161007532,213.44566744334838,1.0719787009270403,0
19.46757451478959,177.694500906462,1.3261016849207077,0
16.48660263241262,170.65281122859352,0.8878508465859816,0
15.77211503676679,186.89306914671994,3.1019819029733293,0
16.946290616416185,246.82352974039702,1.283035204259265,0
18.097832889020005,168.03752607785844,1.420383770239801,0
23.599395739493236,212.60825662583957,3.2528112308230175,0
24.957804936693716,242.03058285643334,1.6573276757794595,0
20.16918453531443,238.12202920412784,2.760463665965307,0
24.90455194022581,196.02087995379537,2.5466983015946854,0
22.98385115995053,203.5619570103418,2.562524191697338,0
22.21392677353755,231.06054616366066,0.908973123631669,0
21.972278566039698,216.9141420070265,1.0140582218946705,0
22.930899379432148,209.2435136825196,0.6483171088380103,0
18.199994532610773,202.01877093907416,2.565625891207127,0
15.33162457676406,190.12910134766202,3.342272048054374,0
16.067126141504108,216.59085000443667,2.5946985199287758,0
16.91201388385066,233.1809116495818,0.9500744369950622,0
23.461670212114484,151.25590985749136,1.7823924442622485,0
17.85195335468013,219.41348226934207,1.9675591517938686,0
22.93735783551378,221.75312603457667,1.43190174171784,0
19.486257921523435,238.2695020224716,0.5754620246164609,0
24.280824763852628,169.20681371165637,1.4177955836083165,0
24.829726948334166,222.37881748025632,1.8030158888165682,0
22.096839078661908,185.0364495351719,1.9166826784322062,0
24.474383245923157,189.2061244396536,1.2510452553517277,0
23.5134726208395,175.8660387230935,1.068371767878228,0
23.24975252531505,205.67509662718194,1.7617850972097244,0
18.195772121984728,226.45482231357283,1.000360765804501,0
16.127149967010485,229.76375065671124,3.4844122543363807,0
15.99920194436761,205.16186866722515,1.0125243887471056,0
18.886372952882184,240.3289954259655,1.643150665217349,0
18.965070550341736,152.15237225340823,3.1679618082323824,0
23.252796328367957,223.47652625021743,1.0016923124778512,0
20.456858675133756,226.9608863284668,0.8122052530932493,0
23.43606338144641,164.13169738337507,0.6496263734805193,0
20.892558618887954,178.33523934524655,2.7695980121161945,0
18.081329012168027,219.18176604381506,0.8141336731419032,0
23.51362390495038,190.14218179798027,1.7902892580438428,0
16.762876008838003,233.4466815128709,2.222001380876744,0
18.154331427580196,219.63043316335546,2.876027373113403,0
22.525302033639033,209.90050338805924,0.5049118047785791,0
23.293756791791587,210.6200265478161,2.6444611902788107,0
19.429696185683998,198.80678369662496,2.866670930006865,0
21.118090683276233,234.91152861023937,1.314176124850238,0
24.774406912227036,181.52732588607756,1.8644346333608732,0
21.91689677830373,170.6929731177632,1.9288511167977074,0
21.36829204368501,180.15199010270453,2.7068179591368695,0
18.44904919220909,243.9752647514362,1.1993882219106258,0
19.23698879452928,237.71553117519773,1.1374089532452982,0
20.529497969846727,161.44290951630407,2.8957142172638664,0
24.911343592358886,160.92725565217287,1.6923704213987119,0
17.805422600560803,158.5329763054048,2.916614085026225,0
15.63168626382836,215.74057830671063,2.676130547576938,0
17.211657291248002,186.552631491302,2.439626220110985,0
23.723101247048028,189.3422182378549,2.6349556139625188,0
21.487323445367174,163.18582687324843,1.1038596152470102,0
24.616106795228866,203.90395325002646,1.2899445915629424,0
17.120719021638592,242.63740661405092,0.6518533053896906,0
15.394904856930202,245.1857938005266,1.104083141129703,0
18.529762064422965,166.34157272620772,0.9315945683580142,0
19.766663486988257,241.71330287145332,0.8426394785674187,0
15.717978595142664,247.92475504913486,1.7220970119525119,0
24.77945671393462,159.51277371019836,3.4192708023145078,0
22.452723586144938,203.36288666880884,0.7955987077447023,0
16.165329752732127,184.36608291609926,1.9147084574997608,0
20.184838911198653,182.48316816751966,0.8322538539540316,0
18.07720387011036,182.64816253353465,2.2514437719764597,0
20.283518038883493,188.06232332836632,3.417336835751237,0
22.38807680146257,233.81415610624526,0.7421157835971656,0
24.408202291417748,193.80047143087134,2.826976638606729,0
15.119487374607356,199.52407698639433,1.385186214069667,0
18.222037204081257,198.79380949858822,2.271064467432299,0
17.02510418391165,208.0951466417214,3.1058490520533977,0
18.59518659841065,242.97619904050856,3.1161095207388545,0
18.485587707879226,213.418860602779,1.0161900418868224,0
17.852748957921865,180.1304636753457,1.8336182956834688,0
16.519606591149998,240.486077501056,2.7458914591574626,0
16.544090391869652,241.20179795242038,1.1713799733233974,0
23.1005477316812,240.79847647850815,2.005527398053655,0
23.892049406783062,158.39087747676044,1.9892783006401453,0
21.035153302403966,171.5542152071522,3.286097793892206,0
19.754446973397577,241.18275495918186,1.0228899363542059,0
23.712508662207707,214.13269909533471,3.021588931363863,0
18.221985050733295,212.94734927889667,0.9909252961185994,0
21.53039643625211,183.1418926623881,2.4598914408338697,0
23.845360409361895,231.45524705361626,1.9317487198056762,0
17.905192863816293,153.14904091524568,0.5269295870799068,0
22.23313087349994,202.27304925457375,2.728390752497634,0
16.28348719409548,157.4437573501706,2.79126812103134,0
18.967739017236838,150.0478627217302,1.1812294443343456,0
16.62877359327188,153.93035682454502,1.7805506062279737,0
18.83043165403266,159.32718564551732,2.956056666903797,0
21.59205083659861,229.73319182144803,0.7142154979973722,0
20.12493484400965,239.76992469592335,3.462362552780469,0
16.544568072775153,192.8347229761535,2.717444195071443,0
23.57155003865654,247.06652517030903,3.287939266300376,0
19.377488313692275,241.85264315857177,3.1473942683449874,0
20.180314435509906,168.94880360931808,2.21899859201152,0
18.849379503310576,228.67187177491957,2.0417813766299067,0
22.141183109327788,210.07224654298722,1.4480225248484317,0
18.037973833439448,172.95952244100926,1.545110604390934,0
19.38883068723671,169.59282537317912,0.6133575354195375,0
20.83775808185658,242.37168919527483,3.49706048269999,0
17.95918613390746,173.5597392951145,1.8905184531748196,0
20.69493468361064,173.0960202811831,1.518329301002388,0
20.1341317538313,210.82792133066312,3.0940080685349565,0
22.2548715544999,166.5271718325244,1.2502995030655186,0
18.85668897523058,214.50691676532168,2.576319495696081,0
15.348096646739812,239.1338780162293,3.4920235584375003,0
21.324651187823793,164.62881757585063,1.368898317784215,0
19.367973589620966,199.52462811224845,2.333125239601738,0
20.140827374202292,218.88745831744464,2.523842596022977,0
16.728486030978136,243.25208588551698,1.6643633572025243,0
17.910933941348947,231.1018396377509,1.610114198402243,0
24.759901534203966,194.05147927062995,1.3158850345895619,0
20.367081785672934,204.54229627406528,1.1573184785154091,0
19.98912552659647,157.82411746433553,2.4387744691785285,0
24.206033723930872,239.1219236218753,2.7676976809198033,0
21.808620610020267,228.9363867223703,1.359889789964186,0
15.795429675344806,178.74683635738847,2.122672486312391,0
18.765339385719994,231.29680114586927,0.87391399368992,0
18.73577496417424,229.02893575911088,0.7651090212579824,0
22.138923645694604,234.0057656527909,0.506588577814738,0
18.13979639716576,206.34835537675895,3.3856403679679814,0
15.88697456740659,247.67285257189656,0.7642877582227177,0
17.457750073310642,186.19521836559778,2.2861632907795757,0
23.1636716198883,164.12750309633276,1.3275218818814922,0
15.230581558153823,243.37260913780653,0.7442543433148628,0
22.14836453113432,170.5871668758776,2.576193630370716,0
15.70711065815226,244.16396622816887,2.6374382381912813,0
15.171725998005432,188.63662180796513,1.2081099608726587,0
18.887337541899864,218.7760137982175,0.6199631738778107,0
15.602237780052413,177.4146245096399,1.2918058620129518,0
18.72930880212422,193.0656217714595,0.7782434233821484,0
23.94452084612822,152.4740038615567,2.531592802044586,0
24.285465251025094,249.86922479036468,1.9694301605331384,0
23.63356809985691,249.49051068756236,3.2278195869587187,0
21.30226420124983,176.28878025526785,2.92913527552393,0
22.353188289968294,229.73577741229565,1.974414973299981,0
24.081147071784756,168.2825981633949,1.495069043164414,0
15.232838117165093,225.0328810875764,0.5163866195509325,0
17.648006348107316,233.7579273966393,2.2681642343650488,0
18.46347664032993,197.9253104586698,1.1321563107285293,0
18.899288004531428,175.22190943602916,0.9489143489456862,0
23.970320343921387,175.84190030229232,1.1108720760236042,0
16.06681379267414,176.19861460388245,2.26837296431077,0
22.907016475479452,235.76406516103438,2.897659681572419,0
17.998073135795032,248.79195492220254,2.6216398855844885,0
22.253166643307544,246.83965188533318,0.7477095466411966,0
22.861888904291305,169.37821848842393,2.532376175946071,0
18.477700117433915,219.94335466177333,2.734368065170788,0
24.565120920369324,223.57400820851578,3.1568191699867745,0
20.602674244651823,169.72280179740804,0.5995730668031779,0
22.003918226004238,229.19289241600848,2.3917136246570943,0
20.680351413896165,247.89595606968328,2.3938413681346136,0
17.613246833084695,178.7727378907382,2.8410932993276363,0
18.273388145433398,195.87845685306405,3.135549720247875,0
15.753120582170418,159.4889980188208,3.0303417118282834,0
16.28951583874607,165.95122129319694,1.5157672998664773,0
24.894842002122154,220.32677494444334,2.904545985675278,0
18.768064828045986,217.12329472526255,2.0136674468487255,0
20.338976071275184,179.48589352040068,1.014157491060335,0
15.848773868455893,199.39622869994008,1.9777185987515506,0
21.947123342664753,175.04880168638806,2.5918560787965044,0
16.99665612931265,193.0747271400527,0.8870238069360482,0
17.553679305229572,216.9845914284778,3.4621191677135488,0
17.909267452429173,233.40138073071137,2.3353290619566462,0
20.20949944200565,173.4774562785915,1.3382138839410023,0
18.91204928408152,225.98502888187025,1.7129688443933642,0
18.740628009933072,205.5079749336487,3.4578957691351944,0
21.042022542321284,152.14973512270473,1.0691168812157947,0
16.682689368556616,157.49049152722517,1.0962309773994656,0
23.383246642990546,226.979971136891,1.0793955652749536,0
23.25673023154824,167.46248751491632,1.7322935856245159,0
17.726367006840004,213.83419975389805,0.6602689872638609,0
20.29768444535344,207.89867934012216,0.5329850873429535,0
16.218407833331593,152.81917716212848,1.1570936746865672,0
24.003026411800903,212.3184268719398,2.81601434907828,0
23.930524727178327,221.47072043388587,2.5592447875934194,0
17.141676012054486,243.36360565441709,0.7999010388206295,0
19.195229139741265,239.9493227144709,3.493676146528219,0
22.810052344124202,230.60950888612794,2.9554574855733104,0
16.51794130405559,178.4338615347143,1.683937080665817,0
19.61814922806896,181.01840411731837,3.277162508149873,0
22.26434252208084,207.2756296195055,2.755111299209174,0
17.590242046688502,151.30350299356056,1.7965864488773295,0
15.002388373910328,209.1284344101312,0.9472965121387895,0
18.54994342596643,193.56910062039657,3.3841366270262445,0
24.592818696709024,217.94655786525703,3.197923344378065,0
21.971041149071247,173.24872571693746,0.5904599017717672,0
20.384879240904755,203.00088731087243,1.6733612964197127,0
18.53845164505818,175.47404121062596,2.583606194510253,0
22.923414989006265,200.13562299320793,1.5588007431244766,0
16.375651934242885,202.29899714827067,1.5204217615681037,0
22.708342498839354,241.7523285877031,0.7228222126354208,0
17.83753297331201,229.7347046080679,1.8337516762308224,0
24.79680478644717,197.60018841697996,0.972286806215913,0
21.76490566073472,157.32696409030646,2.7595850299895157,0
17.32918433805201,180.6769063672222,1.824643226284211,0
17.633092025450107,168.74738882528607,3.0074571102675476,0
15.409606891035372,217.52099241085733,2.881417301333136,0
22.490665115571954,196.1085566682939,3.0538697078530683,0
16.749400812454446,205.76738883397752,3.1946978707339473,0
21.925377449906982,239.39431102279732,0.6575902532489047,0
21.619193420085832,190.73035871286297,1.7271722467458028,0
21.985908260717014,237.77857991016748,1.7302696919719929,0
23.13361877844246,167.64830096759815,3.004087852820383,0
24.502399554803233,229.76984722604473,3.3994854835028185,0
21.857202695925043,204.7452424514496,2.043928824999886,0
17.75158117412879,224.247540826275,0.8115071741778948,0
24.1575723825556,239.63290791011798,2.884966799886228,0
16.45425802476097,171.14549339260213,2.5528127591960583,0
22.79852985968082,160.73190119254582,1.1646843534853732,0
23.134701653940954,187.7248621431121,2.2737405969161926,0
17.212570133133582,225.35777569163685,2.701324756909397,0
15.814979168624692,199.00836847384673,1.4280061777100324,0
19.26436538452757,183.90553502210693,2.68778410211133,0
17.995156087553333,230.46435574832017,1.474036664063845,0
23.878336804133397,241.21884207853714,2.9028499255566085,0
20.84319172313036,223.9742023132153,3.180514479743426,0
24.83822883201745,181.1371007909072,2.0776970414300107,0
21.102579249826004,183.72936113108847,2.794912977753,0
15.267858723808134,150.55561514167783,1.3325119846723759,0
23.85613995845798,155.26273718230473,2.062852013984165,0
19.76447203319825,182.86634044051377,1.1572605243151786,0
24.46803259224496,223.28796515908886,1.5522486768307229,0
23.24335828983743,223.2098815163675,1.725325238531164,0
19.97008374604316,156.11599358980158,1.6505696732525852,0
23.831897132377197,197.85401477055024,1.4518395659356842,0
22.339201554088575,246.83334035264375,0.7080264344914152,0
17.081542340266548,187.25665221923362,1.229896696268081,0
16.202996894726887,151.54742559184487,0.7690460034430919,0
22.412551335129756,190.9055234855849,0.5007663785369819,0
21.814494397566108,222.3712221034109,0.9282780828983376,0
20.071404593334293,151.26556666897895,2.4164381109405753,0
16.778918740670022,208.63894754087323,2.7259248516056043,0
16.040951852986584,237.95446565716483,3.473625905939976,0
15.911031448935738,212.82536224288566,0.8273133505987974,0
23.883543704678132,218.34689327453907,3.009096513053731,0
17.949005763414597,223.65986110468083,1.2087440458380616,0
16.433087663760666,242.19396161920136,1.2783643094874262,0
18.71000282143519,240.27185931357616,0.5600766367877029,0
19.319634980499924,184.01007525928478,2.617236957963194,0
17.49909744468798,207.93860265238402,0.7259821059726612,0
20.84180373111637,179.0677241478108,1.9093597215737084,0
18.441642938642875,198.0399763894764,1.4254797240465091,0
22.551196639310156,207.84895438613535,1.1652584467379914,0
18.00918251876621,167.2588377967841,0.6670279826835053,0
22.69766761114701,216.41004575646468,3.4197251286139814,0
15.25373892006921,243.21794266594253,1.425428919622913,0
15.464565536384772,248.70111277707127,0.6921326674668964,0
22.1841567620866,172.90761465832549,2.8698202298230218,0
16.064582814147172,178.15496242507555,1.5209397413256975,0
22.649421148868743,202.5281023532321,1.1230024309632092,0
24.88970575987694,210.29669683247897,1.5208825319824681,0
16.366151334407466,158.59638447991645,3.135555354859636,0
16.654500499739825,249.38548148711573,2.673923547847541,0
24.572945428867698,163.82559698127852,1.285892104884925,0
22.7962135956422,233.2919194167289,0.7874751720068819,0
23.629841239321983,194.3214822585541,1.7962077623651151,0
19.32867476707687,196.85923017305288,0.8050562364413048,0
15.263905994448557,191.3169346027093,2.062331178646395,0
20.041128025466286,197.66514783554484,2.0878905443699014,0
18.59156996182466,235.2957405021267,1.243834151720911,0
17.931657235048117,150.11635715133363,1.936643186524407,0
18.286123740181417,154.67143485225105,2.3052571747414508,0
22.899808646649404,164.27576463567445,2.397780391932431,0
18.14380848166965,163.39655887062395,3.3412979852049776,0
15.617638460906715,226.2301525333224,1.1159636503038084,0
17.438326840175367,245.7651897492202,1.715662472611632,0
23.727959900147912,209.2159848935222,2.9631829197953463,0
20.712525168785916,171.7086385980063,3.1742013768535857,0
23.75018887931918,224.20537570051908,2.1574814595194174,0
18.68129431076822,223.65993595121574,0.9890817110513069,0
22.639085062244018,169.25505212455255,1.412855483522419,0
17.437364078231102,156.9385957845742,2.4866240497228818,0
15.338754309520425,210.3107065411864,2.907325559250827,0
23.993698898810507,209.74783037666606,3.2351390506780087,0
24.46887478995424,212.74782073310152,1.2092095390420081,0
24.534299125336197,190.4138357711559,2.2518005590060683,0
16.159885466784715,235.56122048206066,0.7521268157936705,0
22.587982358598538,162.35262227610187,0.5634150167615036,0
15.402664693106235,169.4625579993532,2.0101830490344748,0
18.80568975799919,230.5516055103869,1.5739460203606268,0
24.840158768518258,228.81920401681975,1.800118418736019,0
16.754339678650403,170.510764359972,1.9539634705673419,0
23.836866227886393,174.36705211028934,2.892863982741329,0
15.511995666265328,173.81232391136422,3.009547652122039,0
19.015876482709487,151.49847135190703,2.532865954382024,0
15.032667388636881,175.4095391181528,2.5033842633593615,0
19.290472506083077,208.179336676076,2.351893200308293,0
16.20727674795891,160.17623994577087,1.3475855126877014,0
17.47250829107013,169.86001489079965,1.727111709499901,0
24.99750110601579,243.08295858490334,2.9710791559576117,0
18.64567607667957,175.3481502266661,2.5128010903005515,0
22.94472333427104,194.99821796967615,1.0920594172054465,0
24.384070058264815,216.01152799621184,3.127421219869255,0
19.51628304844371,234.70203382836405,1.3131869470664839,0
20.229628455412005,219.21744524042055,1.6696790779058537,0
18.82377846597867,219.87635028675305,1.896713176220528,0
22.245400698681333,191.43741178952456,2.348087662756513,0
23.311388359096426,174.5770884579006,2.209014024478342,0
16.977740586764863,172.93689371861765,2.7381197130288797,0
23.275572365435046,184.28305303911614,2.991258280385752,0
15.173495402427797,160.47866990660745,3.078035382077972,0
20.967123167141146,186.06121924714668,1.7480533116882326,0
15.261083286907397,178.35167346751192,2.3015991167075445,0
19.688577075617292,195.53185469941317,0.5735536546580561,0
21.138310097117007,222.86597991608164,2.5913586677871074,0
19.292118650102914,150.2612361739566,3.464351345159668,0
19.085888616206567,233.72158457362048,1.6617460668343402,0
24.21746427320996,213.8394128198414,2.5842523664719423,0
16.53366324862849,164.61097580732334,1.4494661936043791,0
20.293007736314635,188.43013197433544,3.4107244399901337,0
20.086262526581123,195.48035047998047,2.023644243180075,0
17.749067520980883,236.86344885838184,2.4145234127900324,0
15.88744668602747,245.82539199542273,1.0256527093040408,0
15.696389382153782,177.99583438262243,2.6155493414857234,0
15.535451355436756,247.68823371884736,2.5994938418699003,0
20.647928245182,219.85801780163322,3.2686524332484623,0
22.200501958518387,175.1951800064523,0.8591381407228061,0
18.035643033162543,190.28808349319414,1.5590302639483893,0
23.987250716465528,189.6169934247409,2.4715288090342082,0
23.553612482108782,188.78159782519842,2.4297953312911393,0
24.233483378427977,228.56082277438338,1.4202409298093648,0
23.97686740958887,248.84774748910056,3.4951666489703452,0
15.38647680583028,151.21996528922622,0.9814976986227415,0
16.799499111886348,211.6679782146894,2.7109459712642785,0
19.574578809736884,173.0640940084423,0.9269704237471511,0
18.1703067030509,184.5830136330951,2.4156853937773612,0
15.206611294066644,181.30543831167643,0.6771916117647098,0
19.421810377895646,201.35817698330956,3.1536748721247307,0
18.919728053029502,181.3503962933885,3.105840481674463,0
20.252720991550266,167.2053931548645,1.2787623879157224,0
17.379638462258495,182.49711142339305,2.844762380253411,0
19.418510847852886,210.68931950754896,2.1314898985221484,0
22.446512666815842,199.4634456107742,2.7087806237233005,0
19.174514052486302,161.95586170543652,0.82780881232781,0
23.939425403376596,157.77200153159313,1.927877999515729,0
19.67003909690643,213.8070698239786,1.3438415900477947,0
23.648352624991148,188.1467749417534,2.964328454650144,0
17.92325586870255,172.6086100926043,2.223907520684385,0
15.043688172382797,182.67273499565965,1.6825830069427905,0
20.550641012870404,223.11635123339397,2.4216348639580114,0
24.466913025049116,152.39139699306423,3.3996097337433695,0
18.313665768405087,175.41989812496155,1.2304735407519882,0
19.829347744930754,179.05098783526196,0.8437848393889958,0
22.262274531205826,248.7507017267759,2.472116042660823,0
20.263099577384942,155.33550869218084,0.6171813676962239,0
21.820287106831078,203.3971119274435,0.7052740372565249,0
15.28454536932853,187.64771643869614,0.8179406162246838,0
21.22090141205661,203.28095742198352,2.3260362563844246,0
22.312487509551325,190.19770422279964,3.1999847140945206,0
24.247157685102977,238.94466284006836,2.870623272705494,0
23.215453815937153,236.90732421952603,2.5119402733284355,0
16.277208962012573,156.60988888785724,1.9325091982184164,0
17.009853534901577,194.75983438405032,0.8386145695412894,0
19.295022301584922,201.69147119128334,1.4622341012835367,0
18.577352566848898,225.9964823930039,2.160375786322043,0
15.140456860952373,226.58501929053335,1.3947506035392936,0
19.028683924035338,172.2047133825194,0.5161456524678862,0
18.85393647792195,156.1127799455063,2.9631820846473573,0
20.530533975899456,217.8260769613458,1.5914268080841079,0
19.6733607440581,188.440847170599,1.094887361053629,0
19.820468151369433,226.34514704569062,2.848181285592256,0
24.62185683518914,231.62970920366294,2.6854232848523467,0
21.017825389394076,229.8429414433383,1.4316221105757512,0
19.457287646129025,182.2478831202541,1.1597629205398143,0
17.089649187102147,163.85971093111246,1.0642508825661743,0
23.941747395001553,244.05430563398318,0.6973880265223815,0
15.707835065286975,226.83593251164123,1.4376836036573755,0
23.471994918473584,208.4479010945643,0.7345397211554103,0
23.46792482259839,152.80875751265978,1.4740606873793185,0
17.52841193488206,235.97101960928583,1.7089640973933622,0
16.876628296880703,229.13172609745794,2.5098975448428646,0
24.824839805646132,180.56717509208264,2.850135974239967,0
16.491727259797297,195.988516785296,2.1935327244697245,0
20.466279843689744,215.91402209666683,3.199328362003234,0
15.075058475135892,206.17124607364653,2.5194234790887844,0
22.923332934607966,164.25867881029157,0.5816060722662175,0
18.230612647477205,247.49273284584677,3.3811102536810975,0
23.470639503276132,185.95457130826725,2.248552864324812,0
23.916926539572096,158.34202448768707,3.204612379360252,0
23.083769901097458,165.6820579258237,2.1304683842797343,0
22.975641834864533,172.91409335660387,2.5187631370129955,0
18.502517388500095,188.4213165024887,3.268948975683834,0
17.54405271553789,167.5817339321388,3.319552682177277,0
23.061495032933443,171.65298640595816,1.1456921526619963,0
17.231409258955573,152.3534704719761,1.3837482878639844,0
23.16425831132611,221.4063778295681,0.6861480979264991,0
17.76284827529424,167.3677436196034,1.3718552749004784,0
19.56861865444115,161.32701775748532,1.4149204374157542,0
16.443646677176314,202.02269556652652,1.8669665089004628,0
15.674328875569927,205.31934463939018,1.5202927643341944,0
20.186655226804465,238.43541315875467,3.11615631850513,0
21.916768331386763,178.13772372231986,0.5852533026026783,0
24.729663499620393,153.02960793487674,1.8856396876068036,0
15.75714493198808,195.94066370860384,2.8153936906109154,0
20.613867304216836,169.6603147306896,2.0892525958376065,0
19.337727969587696,159.331894811741,3.1840493276226463,0
24.722434610391886,211.74710843282546,3.3412631277971565,0
22.60908604324525,237.27740859383962,3.04099126241015,0
19.12794683720676,227.6872761616026,1.4758624314043947,0
21.265910441808046,168.96613417618298,1.944057117032484,0
21.928879650657443,171.13915562649927,1.750418356775704,0
19.461593331854985,150.67086890154306,1.316341211929759,0
20.676764310950183,185.97262041262638,2.3698439956826434,0
19.482823355170837,189.27486167383728,1.2598105096385537,0
15.622045077756901,239.50931766531392,1.8204728923182445,0
18.053672122037135,230.82557413430231,1.4364007700935901,0
18.772303427966403,227.20499454982655,2.9860451788369557,0
16.163640512886357,192.2899697369353,0.8172984821007377,0
18.216666974634116,219.30415299785614,1.5362876610739593,0
19.783544026630274,241.9239873814436,1.1452131112234083,0
16.560737760318958,220.34848047051014,1.6594361054099944,0
23.24546402786336,198.88247033085855,1.4651686297892685,0
17.578218218037446,209.26722158264727,2.21392627390232,0
24.51771141753356,184.77893468891295,0.9381310203134696,0
22.96921895529365,191.99341051543885,1.9333079317115849,0
19.266268269009515,153.11742122648036,1.3343430063170336,0
18.953497373005032,204.37427039720953,1.7325371680047208,0
16.020579303349372,239.76146825800703,0.9696100448915971,0
17.261272616676536,178.21533749659164,0.6585776538998076,0
19.136849352627266,226.46196844068302,2.265500444448338,0
15.278872360721763,168.97491136967585,1.863541718489377,0
19.093187919259538,223.56578515336565,3.1297991097859565,0
16.46176256026245,175.53416720661448,2.1077951701444544,0
17.276065472159278,157.57899549872639,2.0653163644011365,0
20.12131194603601,233.3693515185157,1.0415381040664036,0
21.457454802672597,205.1127001218142,2.732272748875376,0
23.49602437579233,245.58083350024486,1.5344731613327358,0
22.89789155101268,171.06021790831403,2.9849835109924907,0
21.199185625153174,154.39865827345886,1.8436392258529903,0
23.720709941553878,166.08585075647153,1.1285480194881912,0
19.685840595860142,244.98407373777619,1.941050003437074,0
23.72807647539836,230.45851942200866,2.9296673603110457,0
20.660384758891595,187.19488853855162,0.9641026644197883,0
17.784536828338155,231.22817726807907,2.340615160065795,0
21.787071752966774,229.4492884595585,2.642119662782107,0
16.922144466449264,200.6916006692533,2.062248760044169,0
21.868583780646624,165.0549686465239,0.7715836244011994,0
18.410400910109733,181.9387886632335,0.7480642929780608,0
18.516557691776868,161.40378639586294,2.332680296753378,0
23.279347078732723,241.40361181759056,0.9118628467077382,0
16.71892423901603,183.99450955795447,1.540773980917267,0
15.370644410510852,191.12102075270982,0.8875425054778557,0
23.34704886595587,152.98995720130057,0.5362210635970825,0
16.820363086740095,192.55953729877686,2.0574440709347908,0
17.336051115241524,229.74416631634597,0.5649970972053555,0
21.12932524179712,161.3515613794557,1.7845714484188822,0
18.366467188415164,244.46461087145997,1.8496026831245258,0
15.744992327317048,176.87368445491512,2.702484683542055,0
17.858752597436172,231.83264092470515,0.684599541152073,0
22.20801682052096,228.74919143278225,1.3908780233727491,0
24.419700516509536,161.5542574827718,3.2885541355968595,0
16.20938143019966,187.58137614696864,1.045720595067401,0
19.865546062542336,232.73282954099048,3.0455437353065182,0
16.4352841375416,249.34661529186621,3.107634766017308,0
23.374666335048325,201.26931066766022,0.6610545215664615,0
18.912978839889742,174.49372284685342,2.6886462164931935,0
21.77499190937658,215.1789002469697,0.9780936808590721,0
19.625018472753606,184.18583936837777,1.0669218191315513,0
19.13166477419042,235.1094103496447,2.2721279040624935,0
21.230889949994637,172.66388780909563,1.9605544570568283,0
23.925600524667225,238.24794457359303,1.5211302257674244,0
19.109990524732773,198.72885435649948,2.1477162625257114,0
24.747516138050678,184.05304110702482,2.3054396352221724,0
16.80741669814913,242.90970381457038,2.403132018922375,0
24.832803685088873,192.8825062224178,1.7544994520028618,0
22.345609957857075,177.47230946380324,3.2999749522831143,0
24.185807182428043,217.75977406895095,0.6220239822028375,0
17.388656078304063,173.21425155426266,0.5163642976533851,0
18.16347138383487,164.71185192696447,2.8989188560062633,0
22.2352564586015,164.63843171150364,1.2525377380272458,0
17.018841644028416,234.78781878692604,1.8916772649796534,0
22.322947238537957,211.73351946632775,2.2377934914203683,0
24.751308496016122,192.54255452793996,1.8070407589631652,0
24.023485507430138,222.3627718900749,1.349731785061282,0
21.93768610019933,154.55907610879234,1.2645944147379216,0
24.74287864215215,249.83789912765047,2.922514726824801,0
16.518975846027057,205.82953262042437,2.5674904567831733,0
20.274380162358053,175.6658478064988,1.1840075263009064,0
22.218072494912242,201.33996491612973,2.6665423523400866,0
22.949733197510078,165.13576340348203,0.5220010800461844,0
16.713337231287284,188.4262643507824,3.3942321226935226,0
19.84415056638962,168.16543457994914,1.414310249128541,0
15.766279376406615,212.52160842467623,2.324647332582092,0
22.988562515653335,150.11554415234343,2.310375763443557,0
18.490127123770666,150.84555165986143,2.896960900459932,0
17.614366084896666,155.81478563909667,2.5480035369232685,0
18.514607804841194,243.77445891751043,0.7800200364180162,0
18.28651289609374,199.87356367972654,3.0548038428484556,0
23.744920024165822,179.75540404500626,0.9881359579714633,0
23.318173614721594,207.52169085082159,1.602268480698413,0
19.58470785038683,226.4933466695443,0.6678299440105999,0
16.05233867863489,171.70224390808642,1.3151930393646651,0
20.73765967715025,238.33506601663544,2.9705205329331013,0
17.58611803635553,160.06822488516974,0.7277978029671542,0
24.650991983153602,198.4288818042228,1.7513678251861335,0
23.00288586703539,220.49058735658303,0.7463636548361603,0
18.384669433187483,177.44684699845223,1.6882881535336622,0
24.08579169825997,166.33453214108502,0.5755355678980258,0
15.399659277202652,160.60969471613686,2.52854014493126,0
24.48793142655264,198.74786124550798,0.7363942814150101,0
20.386369657072677,196.5197676176736,0.7861046376128612,0
17.929059915215657,184.24849969875595,2.0460097700056723,0
21.63455504265824,208.9669726794968,2.0564468973034034,0
22.252913513912297,182.31017622411392,0.7225770257803494,0
22.88577266722106,188.55546641399926,1.6698741145011846,0
20.944259272060645,211.05464420364416,0.9001514119689593,0
20.071711714430148,230.07493882000875,3.375999297864433,0
20.209282538066986,238.56906693807406,1.7834935851438363,0
23.949372556253866,213.56892880641598,0.8902028390444805,0
18.657711834146998,217.79166068920102,2.685161152994431,0
21.438636778842124,169.07916307866887,2.426416866521783,0
21.80186675602225,198.53868386110227,1.9286124610170212,0
21.044662211426964,169.71461512368694,2.6283536735214463,0
24.77323300302197,198.04151817277142,1.047339108007608,0
15.03410549148675,233.65313743124895,0.7903152932918692,0
22.646143173262516,155.5458322331102,3.195672988054809,0
16.519213012620995,224.66168403623257,3.06396884979402,0
23.440815252912238,200.88188797512848,1.6358660153341753,0
21.72936723465229,234.051895572405,3.266421006381039,0
23.21766089184397,153.17549022719672,1.4569056847916553,0
19.21282109431627,191.73307795951297,2.237390502005763,0
21.83103168630094,247.92101577962086,1.5374346341964877,0
22.739391457254293,230.67598226448993,0.8664358278116384,0
22.438261473172503,174.8330294949809,0.582244247842816,0
17.757739414731052,244.95979473009183,1.252006333150728,0
16.30224451616424,159.48011243135443,3.2410916143593798,0
19.489763757208877,206.5894202842356,2.524882510708336,0
17.562331475678167,177.3578762835864,1.0914964419362034,0
20.80081223032222,218.4574889504653,0.5251447305571345,0
22.53513941047086,154.34541869245407,1.7968009845926038,0
22.867291577573674,221.3132646202215,1.5865038843427852,0
19.6860280765152,215.99608092404858,0.6524789298514899,0
19.365601737546257,204.11546347955996,2.7162350490507237,0
19.028843564995544,196.2028216152231,2.351086848829866,0
23.492158307580564,184.99828576451006,2.8970657965564506,0
19.7243374892688,169.6937139469996,1.0419450774243204,0
17.167253050279548,206.5728159615316,2.3482473649409092,0
24.34999035772823,248.14017961419523,1.3787381977605078,0
19.395900119743892,198.12839590973914,2.2582898558325906,0
15.998845438699194,230.74387649195796,3.0554684115487225,0
18.61278305572445,178.58588650131856,1.2675613692983105,0
20.539188043888153,172.59955830007553,2.697415549911079,0
23.309525220592178,170.6238158717322,2.3153516840582196,0
21.03216503529186,234.31331905219318,3.0129471499608673,0
20.003429931525403,229.44779213081878,2.700963722049144,0
18.282330508860237,150.81680931148497,2.2308611308479196,0
18.958973196702292,180.79264201961362,2.568807289186585,0
17.020512989090026,226.7363674620047,2.281628021852886,0
22.792057265568634,249.94211334667403,2.7226492564602185,0
21.119548001334365,249.95258441029483,3.170041251161183,0
21.9098522211656,244.38065642562384,0.7246610993762314,0
17.04335844786054,170.89042273571738,2.859610901254488,0
19.399286253027626,204.51063980388935,0.7705616538056337,0
20.661671166827695,210.6999128766662,3.06709181933583,0
21.449585441581384,184.09340377739267,1.5409654785769673,0
17.404791516646494,211.1761667740206,0.9437626057916569,0
24.0215339020288,196.2133028079524,1.6004504800637873,0
18.53929285310603,178.70435243596495,1.9924645429256955,0
23.733064562907465,151.30030668186802,3.3698657488258497,0
15.665136822220838,221.69882613710575,1.4976565807805597,0
17.948176769853443,173.52971538147742,0.7882977504941776,0
15.43946654634765,224.79564392214996,1.9129670528064824,0
17.25453748884117,150.8401424469436,1.768471666197494,0
22.107376633140564,239.8759913810241,1.1641314928015147,0
15.541949610257252,239.84833701073734,2.009724648818263,0
23.950605112223204,157.22636947890817,1.8064391108904645,0
18.507145277897383,218.9093097883906,2.4676055541653343,0
17.593665974371454,243.3844928008037,2.8235816209133944,0
24.990007606877793,185.599944349688,1.7260778332171127,0
20.526294199330366,165.23061239661467,3.400450180477156,0
23.303210877583755,204.6835457476342,1.11883914421019,0
16.146065264847532,158.66054424449413,3.220629280959164,0
19.088408415232834,210.11083306598684,0.6627126278778498,0
19.466218675402892,218.08524201637908,1.884937284241599,0
16.96053569313774,197.03472740827365,3.405884446404338,0
19.105641171438023,228.43006494391062,2.56924678940898,0
22.4552162936223,156.29520048632975,1.9549997027224548,0
17.98230061084132,196.60292224530434,0.7562900398728564,0
19.152594588783252,218.35334955449304,0.6927952063281946,0
16.91971359361106,219.48658204161967,1.6614532223659721,0
15.63274189406015,155.18514559347037,1.1841012589630437,0
22.528207864659233,168.4618742778499,1.4221330381445558,0
23.00919664664551,246.0787728027774,1.90621816011395,0
24.450059924646297,158.35644394375197,2.549780042855688,0
23.98107972111803,186.8320171227762,0.5904784371380587,0
18.84933269335605,173.4145688525949,0.9425544973295387,0
20.197612499407494,198.38562579277618,2.1741057926537275,0
16.791555465659922,168.49672626383077,3.3337728830846416,0
24.90059807098351,240.47939660947986,0.708139433943914,0
24.047691124764906,169.8284528660172,1.3692301747104219,0
19.806137294904257,235.79016805327365,1.914150486005944,0
23.453759410151765,166.08977363030294,3.3932293218799865,0
23.75638661965989,236.731923094713,2.365167314511349,0
21.646868176782792,165.7118377353142,3.4910312996384336,0
16.661638360661495,212.3463816747565,3.4478541109082905,0
22.60309618634167,155.25439946868636,1.5164231841752929,0
23.466290714599054,216.92389964280557,2.0085104745373106,0
23.8671924846291,206.73008545657424,1.2505649104040533,0
23.838248078459266,157.1842557559043,1.636227659132236,0
18.342085628285606,173.28231599384614,0.861303081558804,0
18.6635814146834,177.66816583589383,1.501523928274827,0
15.565972703146262,185.28722340134226,2.5689437301378666,0
21.487739002319884,203.3377229428421,3.1158759945607564,0
19.457656195821063,195.9372670559298,2.920971017886938,0
17.456929021652176,153.73604800750675,2.9648220459604966,0
17.267555602256746,197.36983726705944,0.5062415606187628,0
16.51171489776656,229.05635754737227,1.7175701537690284,0
24.076628020030242,218.9994238238344,1.5875715500337684,0
19.026402378702745,159.86342074861784,0.6505502503023156,0
24.86403472952351,168.91385089374785,0.8482825981973727,0
24.671391636453002,202.96162423860483,2.9483245849627866,0
17.421071523691474,183.07689602078324,0.6813507668891086,0
18.259972355629948,183.8991552985109,2.992363836550078,0
23.053919644433755,246.89978703440988,0.9364000646856098,0
19.912841175534886,203.96221682271099,2.169116245312295,0
20.24138368198534,182.43449297893312,1.3918509487168411,0
22.7268307816169,237.80148158473506,3.3424743011926736,0
23.336241147194507,177.41980648466077,2.403499566143834,0
20.746471256823156,210.28466009464833,0.9186856891025538,0
15.556528967605415,178.54592185865,3.3911129189894367,0
15.893900825448949,176.90273551262598,2.461072168562443,0
20.52390294478426,162.62487981333067,2.9798615483357205,0
21.27209496129618,170.77238330856787,2.0072215992497955,0
18.36245979392999,162.62467792718957,0.793190802964741,0
22.115647859972924,178.0844603338891,2.2569845676513776,0
22.214833874786436,192.46461716655094,0.8199383815923098,0
23.236995159402547,195.83898912739076,3.2639465047968295,0
22.50268754758909,164.74759365664733,1.9812916733500416,0
15.730969550196296,198.01511443451093,0.6311852331011398,0
23.698577449026466,210.43280080855243,0.8289077546066892,0
20.682303073324498,235.8149845037027,0.7781323886071263,0
20.019004915785445,165.644701768687,0.7366094510015126,0
19.27095572616411,231.36372391436225,0.8473728381084991,0
24.46582019602917,190.27000038943413,2.372223124549932,0
23.296562395244763,199.01600737141302,3.181025592382972,0
23.856740367832955,195.61276073957583,0.7909992688446733,0
23.52709516886768,207.9776840043227,2.0601467942549734,0
22.95490755587798,196.4903255219748,2.5956984461615953,0
24.33693491242744,242.35457119562034,3.26622939774718,0
23.214732172180874,174.93168797848816,1.2906852364649946,0
23.215551283008363,212.7677751467216,2.9790074055717826,0
24.24125566884114,215.24612886577268,3.4501153462202434,0
22.512114221190405,159.39860732760522,2.0893623410296494,0
21.908812776541225,234.6163218423294,1.065640907302846,0
15.074770721339252,161.25655239625596,1.655244069014723,0
22.939498218360683,176.37339353692,1.1596483326215452,0
21.3137865847454,215.52823096611382,2.360322123521094,0
20.146107550754564,166.29749536795154,1.9546775567302452,0
18.903703557909793,192.93408016616542,2.903813267044904,0
19.9791745139961,228.5428271269215,1.8361479835992227,0
16.46211855007934,242.5252228545893,2.328668569248193,0
15.680641539994893,167.57164278369135,2.1683185419906126,0
20.719731359617896,207.43566569924187,0.6147661426665072,0
22.001813709337235,163.54868488998036,3.015585676973669,0
19.422239939172776,164.21001102465948,2.655028209207278,0
23.459230500262176,198.8224705518973,1.1776147734699824,0
20.23823451416811,193.35367423736085,0.6713279881244582,0
19.255561810508347,200.9316630365603,1.9712255703913346,0
16.2439370557477,165.43715291018555,2.2409408054266207,0
18.71143533664027,162.3258383563201,1.476805646248944,0
20.607807948322215,196.66174687465403,0.6622466121792329,0
21.822419880215577,236.29710143197894,3.050634507817158,0
24.1838021725188,156.4160788751456,2.2888286935966815,0
22.899380864675166,228.81600280843918,1.834992331173597,0
16.351042397165205,152.04316820749168,1.6250758499437281,0
24.703969780615168,159.5414707742166,2.695720849324368,0
22.390308805751896,190.54934173300325,2.5128590102365025,0
16.47836167225998,228.5489492115768,0.8743454278079348,0
16.81248219651188,201.1930977254589,3.4602593132780077,0
20.799206414271133,218.52440254810784,2.0503319499516266,0
16.39688464253745,162.0467672127829,0.9419388000062995,0
22.60816372917922,237.35236809974424,2.1914726279196586,0
16.843695067984974,241.9184566681795,1.7426159281998828,0
15.519447786420175,167.89119402126693,2.2401985620340428,0
24.077608573019585,205.09581123592247,1.1985463947003243,0
16.474632880574536,156.62779225069974,1.9900986482323826,0
21.075124997196205,219.8570474420074,1.1494719665125996,0
20.3548942968391,161.37572735249287,1.0027213944387565,0
16.03803925679011,209.41025530623034,1.9532364682613683,0
19.136130885320647,218.16893043261356,3.436286776555665,0
23.872657964271223,236.99895671504515,1.995551785253293,0
20.840197670267052,160.24226265639905,2.630733571029479,0
20.914873956569075,157.4539607128542,3.0682407715749322,0
18.290245065395645,247.1351380752975,2.3446894321215153,0
22.599319621688792,244.5255917767202,1.0790102982424656,0
15.912417054615684,180.08755801164614,1.8437239141379285,0
17.428726339332506,226.98897120898073,3.421198412148608,0
18.871809693951654,231.04848836384255,0.665385574764546,0
20.31081408364838,230.61126797972383,0.970049390324652,0
18.253542667720012,174.53469288968006,1.5301259586275124,0
24.64456841062811,198.47810455813308,1.9652849426968517,0
17.75554734567939,215.11917193705875,2.3462593081442384,0
20.893732108818142,240.1027735935172,1.8544498075466058,0
24.611276726425675,178.21827798667198,1.9829026653826092,0
18.964050367452657,240.24090909134884,3.3741059182202013,0
18.307385207747448,234.54082074078835,1.2707595384980082,0
24.441018722996017,242.3303293955679,0.9948776581826833,0
17.33613298979805,153.74889870979644,1.0243396960934228,0
22.290030871142278,218.47117265721187,2.855869902878303,0
23.774105213246457,207.2291591829563,2.371078509571314,0
21.083115753255086,185.61506205837736,2.0833451086098487,0
22.896186232981936,223.31512255624455,3.203523545433552,0
20.89587692686237,212.12156504055986,0.8140383810876338,0
16.339345094460924,198.9823578435794,0.6541270161508778,0
24.050344045503206,220.53406825669413,0.6002430623601843,0
18.037351590633396,164.95778757859816,1.4049649024321362,0
23.37646369045268,186.64782729302652,1.403674126562401,0
15.448438113812042,197.18160046671062,1.1602529616979071,0
20.37005831702846,248.89304812340902,1.9202172021058903,0
20.692118190012117,193.63695840711677,1.2528499211946582,0
20.387609630665708,245.48186445916437,2.8871477702855683,0
18.172867645758018,186.4280479121295,1.092508056315995,0
16.60752775029808,202.6726639110684,0.7898222749020639,0
21.66500400423337,240.93375247251598,3.2651788581240724,0
16.09342212111702,208.7065615227997,0.705878899104637,0
16.368752914658952,214.6062048412593,0.7752846517299204,0
17.56006221086865,242.3239011283096,1.604262504701511,0
23.54050275529351,166.84177087824048,2.993599792034513,0
20.08930543954979,189.61647728468762,0.7703930668762364,0
19.247886772684723,234.08193740256434,3.2509508214664415,0
19.15848921988468,191.29225495679842,2.037686219705863,0
17.214885615859956,217.81986443588403,2.854449402957413,0
22.795280448328903,209.65850935685617,1.5723296854577578,0
21.31898485915002,204.50100465830647,2.216555156698483,0
22.96105955364076,193.9412746840051,2.4531329464537475,0
24.439592036870803,176.1487779760406,1.994062770568012,0
17.399320023785375,160.87905189452425,3.3103049311877273,0
21.56574668049403,222.08608506110266,1.1214199582932576,0
17.148233472438886,220.038986148966,2.8906967329764717,0
16.173012431127226,183.80428259570954,1.9707133291982002,0
24.940512275249944,173.93254574638345,1.811742276166928,0
23.62649417389664,171.69877523629702,3.3899406465210293,0
17.790635273272386,232.0685784574299,0.5332568525883621,0
21.356294232225842,169.8270282551702,0.5310578973968414,0
16.82652488176156,220.6711460851066,3.0755913274111175,0
21.204803763478303,216.53240529389674,1.6266558633808015,0
18.50066762888946,230.54926129484846,3.395618062944836,0
23.82866164421409,217.6542925033492,2.7050303072368553,0
23.49833335614932,219.75219997426106,2.1026512111191646,0
24.57499298177266,154.79928053256708,3.0791060778136923,0
20.480339376219902,207.12234825200636,0.9100613066661052,0
17.863462761664046,218.18483831004613,2.043095063902804,0
17.917849802480198,198.8337757284788,1.284275780858699,0
24.236585237497998,204.25007783182173,2.468943572332665,0
18.47955241555743,248.5967422337431,1.1026809153965007,0
22.45729731846571,230.53923610495943,0.7041232805746103,0
22.473147126957606,242.22105279101368,3.3348684214360693,0
19.408659934903405,207.82360460219678,1.5010840227766868,0
20.132525112381245,194.74392670726354,2.081702651951848,0
20.01188839605124,216.9435161033153,0.7632607102837708,0
21.589454589481907,211.37793208436696,2.925196572103833,0
24.428349255705704,198.27198547520408,3.4204107013936342,0
21.85036059771506,208.91101772817706,1.8416720039031513,0
24.31771395024181,162.88378373390321,3.4322172795986905,0
21.05291519266678,173.6714291683769,0.5412596526733084,0
22.26417972841071,172.16263249945536,1.5821207879551777,0
18.21951829363997,229.93496469318865,1.3622347456194221,0
24.25749023223414,195.4427004302139,1.3990836828019666,0
16.057921208877207,204.49009745902353,0.8143496959991718,0
16.35261588224243,171.91654904270862,3.2593133852393272,0
20.439293437026272,239.81614681066327,0.8093694084912417,0
15.927352802254514,237.35862462612027,3.4180949532019818,0
24.348288248574185,177.55181599299408,2.679532999944714,0
17.048217389111485,222.18959622541288,1.3569750790333037,0
21.158485057022553,217.83772408838396,2.5697405290845072,0
18.19751920738019,231.71906657320693,0.9524646495085803,0
21.750955256657356,209.03811885313138,3.291867138245744,0
19.650087179206366,199.6401459133676,2.11653515546202,0
23.89047952255745,245.8750872111312,0.9323999916319801,0
18.458928129070504,231.62627264662555,0.8033163768775223,0
18.759001057642855,176.80451362878344,0.6487430467227183,0
18.470731716347075,231.39696495234557,0.9981057006862555,0
18.945927168140827,166.57049833729587,1.5129484185279156,0
21.82190062309685,199.71446212322297,2.9565573430161844,0
23.347791638648488,220.52420120644035,1.3409435050988134,0
20.506061238565955,233.43594103980445,1.1603156038537712,0
19.000559377333392,232.72535618396654,2.7848168991816795,0
18.878221130975597,249.7034259550336,2.6841653125104514,0
22.343168480136505,197.65494087936452,0.6764953329749358,0
19.18449731622914,201.4720451499617,1.0525674304151846,0
16.21142264124523,186.6669798059822,2.1277836518937203,0
18.246768927330834,152.53293457007015,3.1997598683750783,0
22.0059056241373,170.4114656468342,1.8252527269084733,0
15.175094216895586,244.1795285234848,0.9167711863449581,0
21.23459108270572,154.32092017320127,3.3528511701743424,0
17.939333932400146,187.5735398558995,2.9571182765360096,0
21.995494117531532,193.8906133922741,2.4008114657271244,0
16.660591147305574,230.29694253276875,0.7864546021080108,0
20.83467087718345,178.20896603184167,2.6230451924247866,0
15.927951097945634,162.8294526851874,2.72297030093206,0
20.294297725107512,164.23376190805797,3.441279866509829,0
21.598525876345253,164.91751658437795,0.908839876807532,0
18.03313000319123,183.2321484530884,1.6348154670339592,0
20.71782242240566,173.65347577715977,2.353301881692873,0
16.140096994734265,236.35377502772377,2.678037496151707,0
18.447942876883026,210.66124739527854,2.311536881275301,0
20.777146061519165,184.4169444659005,1.5766015356273813,0
20.511381576242854,244.07114775810825,2.047417834701503,0
18.6613696350121,194.8165064778574,1.346117607471553,0
23.007772786276504,226.80927722791333,2.340493425399225,0
16.14603426773411,175.25362387075907,0.5327903055192629,0
21.47302526166815,208.76073993860572,2.0256741231802144,0
20.819522067995827,159.21695004807924,3.3940360469635653,0
16.094412742439015,168.87037646929775,2.8577335453216635,0
22.912135421018302,211.94196255722687,0.8889512251716829,0
17.86376862549921,151.87464026934737,1.7053918558226897,0
20.08891374152008,187.07494177269987,2.640959050340226,0
21.67790859321966,181.40304997799623,1.9885955074526067,0
18.702878740038425,247.8443333497725,1.8283571962296459,0
20.357875983553303,171.01603518115368,2.7423010518937865,0
21.297516686030868,219.15371427273635,2.6611269619768625,0
18.43967468856182,156.99099585846932,2.9328438113953323,0
17.766821694491494,172.75956086687236,3.0892141320990762,0
19.605568040306096,214.40233917236935,1.8394869509513292,0
23.44086360203746,232.95396119856412,1.6189440002253492,0
16.730221027460946,162.2769117503951,3.4721813811621525,0
24.926049354578247,232.27998211329913,2.2504025119130944,0
21.024625168623558,235.99881305730517,1.068917303646554,0
18.272768002207755,237.90031233015742,2.776211310409298,0
15.471908600621683,180.8659999891842,0.8064001131504712,0
16.929589429744986,241.99483041108965,3.090202751334648,0
20.166848485872023,166.41417238792667,3.1711947858819096,0
15.766963668037167,226.77538325545527,3.434574211270795,0
15.727269825826486,158.75994337855218,2.961181262107388,0
21.231069191686807,196.90116719458004,0.9087618147656051,0
18.69439858983533,179.7835721405411,2.661970793639151,0
22.592766378367017,191.16826339319837,1.8995221175286452,0
15.874030364576168,169.29049581445645,2.3607391437154766,0
22.07690060947002,163.37953410040396,2.0106203408773955,0
19.49189418589268,201.45926106033457,2.5630495144741223,0
23.630657150374766,214.3386798079598,1.3836512991824492,0
22.238204874185886,161.93224680845,3.279116608444184,0
23.381635899867277,156.35309017418604,0.6696241001099833,0
18.591923340133157,151.2883078206472,2.166797074007425,0
16.476982603184197,212.18852012106385,0.6620233839377686,0
18.19521791546848,196.36345789991103,0.7543712156865019,0
22.930893408522465,193.99185831185045,3.0478111502668144,0
20.72649767400955,213.39378319128235,1.1503145612895382,0
20.7966962393221,187.75288300167773,0.8157971597845367,0
21.177840174169763,239.1654551897116,3.406989788523921,0
20.675866412846716,248.43534533319794,2.083184852933381,0
21.445777344788247,195.26772047488708,3.404387025198928,0
24.208939213620077,209.31569068702734,0.7174884365940889,0
19.570395662841378,189.49855824468221,2.0826752619195097,0
19.179600872354015,193.69492087088244,3.1413111344351234,0
18.943072416262872,155.08555245478274,2.067693955443671,0
22.4519991557013,156.23539923309826,1.427308019497368,0
23.91823247104763,186.0298474735987,3.486178691369994,0
16.91395028145366,181.06919336603852,2.021070300216281,0
15.02366646381573,181.88210739032223,2.3844779345167235,0
20.527837119769494,232.72897609498642,0.9160477626941202,0
19.087983865127807,154.59549521795068,1.8672292046316283,0
23.070788342226756,222.1801183039501,2.4575448257207357,0
23.203094876385997,190.14820807620535,2.334222568505551,0
23.22496614854606,220.7137341092943,2.0305993147191512,0
21.83261734454641,195.03080613960284,1.9318724220189365,0
22.092560156199212,239.5459922080859,2.729436895114675,0
22.3553420121537,155.91641746303893,2.6592416818001015,0
19.161483878348577,231.92587357021836,0.5310291320744104,0
22.61542641132152,235.23238441686794,1.1481266364237883,0
24.57645802605285,165.16575462461742,1.6031632141572385,0
15.035138858261838,168.18119552116713,2.1770480564679637,0
23.375707952981244,249.53483152583567,2.915900321757703,0
18.668989925428907,217.47037208934327,1.3191129290492984,0
16.77541239087342,185.40527225233294,1.9084137959587468,0
20.18650481650615,164.18692572258678,3.4400867608156673,0
21.06564298110822,216.74547636494705,3.035783752842341,0
23.03804853009271,182.58688981123495,2.695253232567767,0
16.67574487479896,213.16940001712516,3.1839378125174433,0
20.503753097004264,164.4369695061009,3.0551969030489947,0
16.505963925752173,150.332166009102,2.4880213252626358,0
24.752771067854315,245.2532773162718,3.3882710589434146,0
19.167021360032553,199.68221229854305,0.9707440001550749,0
24.25927393061891,191.81819202357406,2.4498742505304065,0
19.933906352252748,196.96179811064985,1.7248639235101895,0
19.332032780016903,181.9643055645835,2.7319486795214454,0
18.072711221893343,196.53310035661156,0.5851846530112744,0
24.20471257069736,202.00637453187113,2.3300376057494594,0
24.715836667814553,196.33426382975657,0.8514267443582366,0
24.390576692818534,246.84380288924564,3.212878669373148,0
24.20048096678852,155.57584855382294,1.7883774062643962,0
18.940724634670573,224.8298606711317,2.698661075675465,0
17.26533290846548,185.22165684319822,0.5250726064330328,0
20.484109131119194,236.08592111267373,3.0972876109413963,0
16.847269365239143,157.69056552119025,1.7932628223276428,0
20.73834642363393,168.4361345671735,2.1452511985686287,0
22.2390864034968,183.59674744358065,2.6763957471876045,0
20.253504591352456,177.3908225270333,0.5329846353330826,0
15.63991862400984,162.3769846159892,2.4390843060360563,0
23.78435174963068,155.39225432369363,1.7673263046837766,0
22.016106393837383,205.53875336166763,3.341291920661374,0
20.338376792492838,172.2349788320824,2.6682081333812073,0
23.189967172845243,249.53141535959838,0.5921754058830329,0
15.674604548130219,237.61988149482602,0.6375125965528013,0
16.289932570673297,242.86705468732825,1.3191132785352884,0
17.16417580970109,244.38847341079497,3.213381564307424,0
15.826554317192922,181.84317772933863,1.902255521335917,0
16.089656329579302,222.02773883502135,2.919470348948443,0
24.80048752363466,172.14632333128822,2.6729497037264007,0
24.552214139497845,170.07599142343315,0.723274863239494,0
24.576193706046915,229.2521689913791,2.1882986112902216,0
17.90082703676991,178.32085390985256,3.229661835786825,0
21.189645544747396,189.55837437534043,1.506518808844158,0
17.44077454123683,163.14275963526694,0.629751018753877,0
21.857906884745663,182.82736915469087,0.5595868648011205,0
16.71007626430183,216.70063421847266,2.070256806749463,0
18.136189106999417,159.06465470759528,1.2795489120475962,0
15.859467557343823,189.2254346801054,1.3057258215480818,0
24.4420683326344,238.6797800852915,1.6151326296708906,0
24.412704706836344,168.0778263439072,3.446048354833989,0
21.65213355009984,194.85350897461373,1.0302019581868418,0
15.334449823178574,238.1860388938158,1.2560233842694806,0
15.491776779471884,159.27723929923218,2.9938328281359756,0
16.873693869269744,234.69768636849815,3.2693482512192293,0
17.14645480344013,225.34352064047908,0.8128696001139161,0
16.512212013586762,210.92998280137525,0.8271972505977517,0
15.56406562090459,173.91697582102736,1.6996672790754586,0
20.966655101138826,177.3947121667543,1.2641056899378393,0
18.44136134072279,199.4800372900353,2.0665164075963713,0
19.434037525731828,151.97242790371416,2.5358282962299983,0
22.23941274356172,207.60366137455546,3.3113993067561123,0
20.689669685103087,245.3353890961498,0.8311925000251327,0
22.59972616467499,191.6807083776398,3.0864108901303986,0
18.00571711515054,172.72964256262495,3.46849702779201,0
15.573401973161491,221.02535177128,3.236320033188335,0
21.92676361477715,199.95621715711826,3.207264953841815,0
19.08749579289075,150.9179924797347,2.667022418067007,0
21.299360048989815,192.97651691728012,0.6142759831832717,0
19.806273359905816,164.2749592421402,2.884311827820624,0
20.12236906064967,162.89546261974988,1.1290069835591356,0
16.60399689514276,180.29585401103114,3.2969388256634975,0
15.587816953674643,168.81292454023313,3.141426948068978,0
17.344410655593503,158.82353724002172,0.7524783688037426,0
15.634853060051139,159.61109005579522,2.6638479299278384,0
18.684566677721087,192.5923649533488,0.9258081732866799,0
24.420642064258008,160.40508234091905,3.2691297939229313,0
16.679639224521182,167.56658138622885,2.71967151769816,0
18.06696014628351,200.0824651362823,3.4398623791145018,0
17.5421773529907,159.07809367430062,1.0335002417678258,0
18.56124591253478,229.83001047943367,1.578134734522646,0
22.062049641222035,204.67951106315667,2.0244262193007616,0
23.666776843508625,240.19786616562328,3.067219120881912,0
16.634551153724175,150.70885450548616,1.4383462187361649,0
23.598775062232484,179.7111947960713,1.5345880110711037,0
17.39325039408792,204.81215761333428,2.603178003547052,0
19.372712263090925,236.48426279525398,0.8825799948401825,0
17.813824699077752,150.48448549189584,1.2296098089833318,0
15.001983386761811,195.1917481320899,2.1216939930613163,0
18.747156876036893,213.38356631859352,2.690839764390934,0
17.593270803939696,239.70877963588313,3.2529216579826996,0
18.87657491555234,173.3407016007239,3.0947395988644764,0
22.43297882647597,201.46665279221702,1.818400718895281,0
20.79735229336512,213.5237876304695,2.7364936284221444,0
19.480205086644858,248.48830228577987,2.5103246352312123,0
20.631564644078605,179.27091559686087,0.7788206926032771,0
16.174620762396867,207.40031526129928,0.6023430470584296,0
18.926161598537316,159.571107950507,2.488307871758909,0
20.629563604264963,181.48239487266653,3.3956893762640217,0
15.885393970564712,247.37167408674048,1.489295957117081,0
18.72258957407931,244.43961779246303,2.6210501831967923,0
15.424125864071842,192.06717220306012,1.170182157486276,0
17.779747589593697,168.75576710795073,2.2901825637793514,0
20.005791956735486,237.15784578880704,0.7587319103711263,0
20.956216523485143,247.9596279964601,3.2611445173185194,0
21.801921226844538,178.32484264781655,1.3307130900444009,0
21.573878387386213,241.48383423460032,2.164795322336503,0
22.81106255702948,191.1782630305583,3.4562001950814425,0
20.995791238169886,186.66367780357194,3.346462406576925,0
22.213558816444205,224.15854362269516,1.1619681129795865,0
19.0464608552348,165.84322581243921,1.8610688442873802,0
22.811151432787813,168.7706317736699,0.9126366333413906,0
22.344433432012046,158.83978869660845,1.828153006971619,0
21.82309306626766,152.3663402804621,3.051968628410717,0
23.531033680648495,161.10874857416655,2.7295311205983293,0
16.436250100309124,180.93408493671964,2.490894629060668,0
22.864923849119982,187.79218658533614,2.031551805293055,0
24.04637285407901,240.8541774514978,1.7586720624464816,0
18.33439134909909,239.34459114635814,0.8394670183191055,0
19.393919518016524,221.41989503674372,2.6872697744290486,0
24.752593751364486,230.3972925612099,0.9193052562791814,0
24.58479277172582,173.71648624825275,1.4342874194519257,0
24.03931578599866,183.6735619278049,3.0332747906733877,0
19.15703787214065,191.03997240153063,1.2259439184658691,0
22.29369721753157,167.25697205712237,3.4871820897647376,0
17.01539428528525,233.93344764226248,2.1713584220131614,0
18.230073569302732,187.65638732882843,2.8676489355551156,0
15.266563318095354,175.30327058648896,1.681626360682345,0
15.208632415530133,198.5641185305742,1.4444925883404165,0
21.564552736267103,218.34253144248981,2.6199721219741843,0
19.455240184203227,240.3775694328583,0.5628041458656166,0
23.559005968935363,242.75474097723003,1.0388296527530902,0
18.48223637093503,213.50720879784888,2.033523382811123,0
19.31917990788997,167.26757339020335,1.417052030979932,0
18.123224617459186,246.66147806486288,2.3164458339768785,0
17.476044868938605,205.51130728413114,0.6449278563228804,0
18.094166899059225,198.91572590518146,2.8764851822181514,0
19.70063344739653,168.80604689543472,2.09634055467017,0
15.58839732508697,238.95381098189472,2.813271823273769,0
21.787272381648638,206.59012004198001,1.6269981897896986,0
18.42779282481681,176.73192591013333,2.836092714032141,0
21.336502191557052,219.6610835550685,1.6855887116068224,0
20.700786447312435,167.37664092290674,0.9219421631077803,0
17.22336913694415,179.42951646277845,0.987262449690618,0
23.678577163017437,184.62609341806916,2.723356993958158,0
16.552135151324084,192.55257375311172,0.8748606129346571,0
19.44519297962799,229.51677704771248,1.7971287492691572,0
23.465506859483163,191.94708277514744,3.0483087117664733,0
16.36421404685168,201.07046983591687,2.9183266316031147,0
16.837364969256303,201.42353699837432,1.7742356642768908,0
24.93920278592644,204.54692723480122,2.0059476571613084,0
24.22329085728417,185.32202824418513,2.173747424555804,0
19.15749352589493,222.34334427173712,1.3639916278052362,0
23.67734505368353,217.03275289081483,2.9468907756263154,0
19.892430836062257,165.58060549380514,0.5393357578603201,0
15.781354178933128,223.76278341581002,3.086216610927404,0
22.971353716735514,207.32838912594434,2.3849888508259545,0
24.215130429966035,186.73192290572047,1.7014487629768884,0
24.01308606025127,238.99227051694794,3.0157467753103835,0
16.261500201613412,194.37931907758482,3.093777970615435,0
20.226083087386332,172.05385610842282,2.7703051668287104,0
24.877697922848196,183.11845417403504,2.6974544032127277,0
16.950524211788764,153.11473122042878,2.0645656502229954,0
19.042426407053338,185.36069098497794,2.054353646204261,0
20.98723684033591,216.93878577386596,0.7664858763485686,0
23.31315075380381,202.05500013577176,3.068066209311066,0
15.294336900001491,180.7555470659364,2.7742540600337064,0
16.341270846093582,185.03549727187186,0.8498018390639376,0
16.14758135598907,195.6581913957877,3.0921918555895234,0
22.506152151515494,172.69173327025015,1.611316098205866,0
15.425230355051125,229.2757921355427,1.778211883091933,0
17.284129979017894,210.24322349287928,0.765753870746084,0
16.79979466339743,188.62633863624518,1.3427850345273096,0
15.952312971785378,235.40739603242352,1.8735245861917638,0
24.87327290391436,213.7574614926507,2.8801597442334383,0
17.484653773522428,216.53976598627563,3.085962983043295,0
17.37269579265399,150.6887661238684,1.2173053139648013,0
22.778744533361714,244.18899199861806,0.6228596517857244,0
18.16857051345139,188.60987650965566,2.258447716239082,0
22.00366348519057,245.673528294035,2.4436567042722634,0
22.38795742658892,186.45341576141757,2.5330443672182534,0
15.279444442644152,249.64707933790817,3.1487561762945924,0
15.877710139662778,157.74693861025133,1.7157612968728864,0
18.158736072015245,155.89628529501329,2.4816991600930507,0
23.50935747266167,244.14567003795764,1.4293344181686933,0
20.72387545229495,167.31475561754024,2.7652579204384,0
19.76175117127434,187.01472102709175,1.136623281705555,0
15.113966318061202,214.3571157138183,3.110020027867636,0
15.149170193805688,242.46857770105245,2.6738263964250226,0
20.65117628978332,207.16806189307619,0.7684321466657584,0
18.94154176582345,199.2422739332117,2.2254904114183915,0
15.076068228739832,160.8968744834317,3.4670772430298906,0
21.600871776541023,172.56178989939178,1.3579655156405348,0
20.703246659473102,244.59662970610646,2.703259051356733,0
17.126120900443862,155.94536578466185,3.4671074022732586,0
23.241963929170925,238.36244562869592,1.8907531655079575,0
19.772476588406185,191.59312316658134,2.059082305198166,0
22.813687115686147,193.69685767738287,3.009245659437572,0
15.823327224196742,158.43875434228963,1.2133436006146274,0
17.714128176224516,193.29469881804076,3.309696680123122,0
20.28301454741785,219.63342666350968,2.4519341687328438,0
22.503566484808804,181.66264185802854,0.7021844832807972,0
19.367128490088863,161.98449516376633,1.6233600516184112,0
21.15919583540567,239.45375874644145,1.349642315035707,0
23.064389099971685,241.83382979671762,2.8979207049356557,0
23.158423014321556,235.69303566535964,0.6938974949480864,0
22.276278938724417,173.70429723057242,2.591618713389487,0
23.89698448387646,204.58965427342747,1.7398424404733865,0
20.674691214832954,180.074678243539,2.0916767118691384,0
20.790051769290514,150.41076769118064,1.2021673059637996,0
19.020384478017377,234.2826732571702,2.663826704611597,0
17.42478015738819,165.66219855044267,1.229819717625034,0
20.591763073824012,196.1240497797,2.6650660272991837,0
19.408144481211416,206.95618757731674,2.430389845768187,0
23.080421089845398,174.43613109333054,2.7707392503196084,0
24.41154528595447,197.99270203542753,1.8260325257122128,0
24.007575016185854,218.11294512149408,1.6855753391382946,0
19.41296006374164,221.2511482767784,3.455951533236472,0
16.008486661770004,214.61346954664663,0.8054808325461915,0
16.988955319186655,245.21454300085503,2.616730445896749,0
17.048229584242165,180.34227146196505,2.2254780989709646,0
19.085037532978053,188.5144814527633,1.6829686195459783,0
16.179730746580233,156.03422941988165,2.0113211443414016,0
18.927242451269567,178.1031528923797,1.9824507036787162,0
18.049309644101005,178.7371617428864,2.9835385054444923,0
20.09893533123602,219.07798679733577,0.6076785697887166,0
17.748100023650395,203.70838619117742,2.5744992975651817,0
17.486460529019638,213.0920860742301,2.96647140130506,0
24.656839778392616,192.81554318766038,1.3572566473577918,0
24.962799236692213,210.33795731430786,1.8388835712606117,0
20.057717869353606,248.89587152946967,2.112042287758473,0
15.346091034268637,172.8766132736006,1.02162276921482,0
21.073509273995253,154.2283934908469,1.303449742049017,0
21.824230618448162,246.8913430633106,3.0582854701851625,0
19.87835910137526,237.0486223418714,2.3660636494709557,0
24.2835630305806,161.68667042040883,2.246600172604168,0
22.08939078028293,181.7838447517825,1.7416865404355253,0
24.38081786602291,159.8323584418562,0.7841167131836537,0
21.63014479008273,181.17255843980502,1.797229031625039,0
24.43049407187909,164.12640475735913,1.8933340406762453,0
16.58072946327419,172.94702630024923,1.7746497948281266,0
15.692576769640421,182.61595916586955,0.5950512408851488,0
19.018884548716244,162.80928250687037,1.6447622586044806,0
15.429652136642414,214.36032818513155,3.324698237315642,0
20.11934890378,177.45812856048417,2.1726448330474866,0
18.741584257118912,174.49991786863794,2.412016374929254,0
15.903204856412751,166.4580201182136,1.807880166325183,0
24.86157878460275,180.61756749117822,1.2725888585375456,0
21.278809418051896,206.50814585970045,3.1789410193423366,0
21.80131921645284,203.08533428624702,0.5816229253620387,0
21.32275279868475,206.7477898926544,0.8843043087116758,0
17.56128283446748,195.16826581334698,2.5773553965233678,0
22.599507499199003,242.51298913824377,0.8833152046157295,0
15.191836048955656,207.74196430867508,0.5197527159132558,0
18.487599991225505,227.94825766381558,1.5203556066426818,0
17.37019380499761,151.2205967715518,2.515517284450201,0
18.987672759803928,219.12035256954513,2.268914510959826,0
24.53930775658077,159.0234633338924,2.3178676628173243,0
20.800196665413047,240.72075698943786,1.5806243679396197,0
22.982955235421883,176.9326596146519,1.9832832447693116,0
19.41541991727485,214.91351699331943,1.6602951283622058,0
16.846199945790055,219.25495604773718,2.470254384047235,0
17.769530976552186,177.12405229350188,1.9125092580848286,0
17.004199511890093,170.51260437002443,1.992202151026537,0
17.750988764089584,154.87937483542055,1.25247068467122,0
15.25826129814931,191.2838860114562,3.1115661515856545,0
16.883674478706,249.56866616325652,1.5726284587040251,0
17.515378424825002,226.56462963005697,2.3365035507444945,0
23.39703440334773,214.732385181052,0.7948469590387011,0
24.996288674444102,247.6113677743108,2.2519495287113744,0
19.81613967346719,229.65732228240876,1.679357588527177,0
23.055402682527138,221.4746590980167,1.713436501833941,0
22.818778495062325,183.83981397398352,3.0165538558855376,0
17.81811146165881,184.4545509109508,1.4979443386072278,0
15.005691565675384,249.83824766335078,2.848817763409133,0
21.391172027742545,241.83989255168356,2.539572340809616,0
19.60307937105415,188.123157258209,0.5481698533424574,0
20.87770301627068,198.16053434942899,2.4892199706171527,0
22.013335661532224,175.27299525051106,1.2822207651364712,0
18.535723543381184,186.27469365960235,0.9510512474384282,0
15.139883544153516,182.19075539842868,2.8672379312549023,0
23.04115550867304,248.3207403363026,3.4110688152651885,0
21.35646810121458,181.237670500757,0.9674815879418723,0
23.873045758410317,214.2702459580864,1.7523236810454268,0
18.10775776567172,245.78294735428722,0.57583691047086,0
17.38841744747029,164.2242024020695,1.857101713130179,0
18.298295906499035,186.3226801509518,0.8019743115096502,0
22.487285256052125,211.2854224665253,3.19079820917523,0
15.888398677044925,191.15340184785435,2.356370001409143,0
19.159380811516947,159.3025685703766,0.6361381295791148,0
23.879417896132622,210.065319461378,2.565623426001539,0
19.97605841433311,186.68101844300875,1.4264276649956913,0
22.052745034585122,163.10524676172878,3.192775314974179,0
19.30589211042018,193.99246117487255,0.5839055185046357,0
23.52742456842512,188.1838611197109,0.9737193399363039,0
16.27757297997124,176.225416123553,1.0573869323279692,0
24.95030550377361,153.74299625341118,2.032283465456533,0
24.98120151808061,163.34512633686865,1.9887378440948082,0
17.6821811213591,198.02223098035498,0.8222636202992376,0
23.63425615429912,153.3984494312104,2.0447927681525506,0
20.155451023611853,188.07028502120193,1.3432920778321813,0
21.919066491087182,152.00121950492326,2.8882233804088804,0
17.958197493076334,150.1357975123052,1.0160631586940774,0
17.59834330463274,209.8857408905422,1.6800466817513424,0
20.17839390296748,155.10892410803137,2.2201641566689605,0
20.748646397757266,241.60533248162648,1.31788400412242,0
23.811215351399277,154.19767295918177,2.9955618072297643,0
16.81328179685519,170.7345657470313,2.549087085831587,0
19.899167858552456,185.97804434750987,3.488030576875083,0
20.40700491589702,235.2554523034945,1.5149712581401262,0
16.448119698275004,242.43956735369918,1.0389620503540429,0
15.157818918389061,209.41550950542572,1.8225058176435533,0
23.51389808225743,228.98718189904244,3.369708902173068,0
19.229697757602743,219.41048365819768,1.6650646190637706,0
19.60931700833118,246.97419350612597,0.8008233134683437,0
17.143513866135308,183.27345998818177,1.205525228079618,0
24.032161737018306,182.51959272221532,0.915922368578924,0
15.719207726195638,229.5977491049821,1.715312035464426,0
22.18727633836099,227.62679077851112,2.575668366850875,0
21.0735422001611,229.55747869620754,0.9883339126694781,0
19.21247209934304,216.6158817314565,0.7228050798942567,0
24.729752676994252,151.011269491895,3.45717750256689,0
17.23523394303742,163.09363804233612,2.8608327274796865,0
19.445098392279114,182.9404733716028,2.258801267625734,0
22.46094371495075,190.25855039472572,3.3904183844565514,0
18.340729560988358,191.12540553936756,3.113521681249999,0
23.79138562527872,152.33227486360573,3.2202093903642917,0
19.452077583241966,214.70855342814934,3.078337143776736,0
24.74806470603125,240.56924947337876,1.502272744935548,0
23.77209974246618,189.23994038312554,1.0029491345321069,0
15.150690102698636,179.873471242951,3.3476229887661346,0
24.892084189604052,246.7408473558588,0.8497726455263686,0
19.046315111455066,231.39746098539766,3.375091645529637,0
21.724185171571712,158.02257104658526,1.5341992542493121,0
24.540778021793983,209.55875773146263,1.9795956197844604,0
21.733089822251447,206.69021357003055,0.6124610533979868,0
24.28421046079489,203.02064597663906,2.326659382982415,0
20.783361594984395,227.1585745785558,2.6190473407988684,0
17.252178113157424,196.52383986320007,1.9404299817538444,0
21.614379441071527,241.13604928175334,2.095820759323678,0
17.08471589470838,204.174114346407,3.4189202623520765,0
18.491590973639823,154.94042388753655,2.0464842567199226,0
21.698058746620468,210.77986724741683,0.6864880508539458,0
20.29869542235484,178.15413213750358,1.8425561662382557,0
16.098915300418668,233.67808339011503,1.0771259860471392,0
23.16359744168006,189.5624966168299,0.7697521859313915,0
19.863477360913784,212.4557658879652,2.2278110083032154,0
15.76629780900846,179.07958466953176,0.9218777614368985,0
16.322045769226154,234.5663286583926,2.5386302703350028,0
23.449362059667845,159.05736256766784,2.013455860538809,0
18.031793336924373,220.1676282507796,1.0804508469911522,0
23.258573759026245,213.18174759167414,2.2493915736844654,0
17.276537626127514,150.152899524869,1.9151630617197384,0
22.00925866509865,184.5735053372316,3.340898947383252,0
15.569408896139217,205.79386282329955,2.8764472668081935,0
18.44007985137188,164.78805513464647,1.635573271057198,0
17.438972828873766,212.09275206728714,0.5381534807415458,0
19.24200272145303,217.7881833448364,2.074526008141522,0
19.158213109490298,166.27514785518784,1.207079524964158,0
24.267553005602604,232.0207783237526,1.4734716053270704,0
15.759965925378301,158.95351186650473,0.6546878482702515,0
23.356655785884712,224.4199274128472,3.3318434028061263,0
15.86666471790437,216.38738253794094,1.6840506634301526,0
17.195091243712397,188.20871204039432,2.7492766070321397,0
16.67202687765522,190.3979967954723,2.4620182986841788,0
17.377262793643244,232.38244139395903,2.4117181665477974,0
21.813583055444386,203.39093278534796,1.370914618015991,0
23.520736531351613,229.568184016489,1.3182338039526527,0
16.47861441884078,219.78297021285104,3.305114749562489,0
23.34848629694202,207.42185322162695,1.6083184101833101,0
22.03322581777902,188.5463141332591,2.3046257162944612,0
16.37445382784979,163.23850228273523,2.7540999225263896,0
19.901694848246624,210.1781789671345,3.263975521181921,0
15.917376226340117,170.7045968512234,3.337807865022457,0
17.939462650625146,208.8976173348219,2.368759174696506,0
22.393720354260935,235.9618300762384,2.83741111088076,0
20.963223500920698,178.15336592026776,1.5549404150092965,0
16.571402630475568,175.42690757591225,2.028268906051746,0
23.62667566780868,211.982821479288,1.67465284208309,0
23.462756016693987,156.4307431892491,1.566336521052751,0
24.023916896703945,232.6845239788627,2.3794476637684507,0
19.191091365645814,212.90003381527083,2.0576233147521,0
17.149337385163406,213.99864655605796,3.224351261052096,0
21.477859953741657,170.9572683910866,1.1851400905341962,0
20.79731060813328,245.05812801284083,2.324760069800599,0
17.03350434394489,167.49510932932316,3.3191036533313856,0
23.10157654720445,160.16094104446984,1.2406050547587673,0
15.16821919114814,181.4362745229733,0.6020368953296922,0
17.846813501501742,194.03616787817512,2.50572127592112,0
16.126190324847077,199.07520068494517,0.5093666570845623,0
24.57879997028653,239.3887670060401,2.8076801638586097,0
18.14421550032879,225.36387747239388,1.6277452173717109,0
15.732249618245433,248.04658989270274,0.6513580000360939,0
23.317070197356625,241.83172496443748,3.1025898315489733,0
24.6013902509585,211.05087187309204,2.661587757745429,0
24.10890533612376,174.18413173926544,2.7754395889494345,0
17.99651511207611,235.62565797276574,2.586763054510902,0
22.410721160461446,182.97139707205605,1.2884033176614313,0
20.599570829746952,170.44834913341967,3.4583324167197347,0
19.88794665013836,181.76343936216028,2.9162715903002137,0
23.001112326888723,231.2266389711081,2.0943304720075266,0
21.1355100369086,243.9902017349548,2.303331075490989,0
20.854281696930393,176.47652653971457,2.9844528693785435,0
20.625029225737684,245.65359734361294,1.4363825434891913,0
22.249485093057515,211.38405608251654,1.0864641774270565,0
16.64713731238773,163.0320745407974,3.1562947566185526,0
17.640162554502503,245.88607377266902,0.8911427000953578,0
20.282691849804824,151.0893209798364,1.7459896008157871,0
16.788810222008586,235.77997736385726,1.771500759869775,0
18.445106002852256,151.86361480763637,3.0339803230477127,0
15.852074265954759,223.80429484106676,3.037785717970502,0
24.993328423910064,222.90325697751518,0.6621953902704261,0
24.906462409167094,190.28937678182538,2.732529009885511,0
15.856980796289603,197.36646354541878,3.3476668561080634,0
19.968587528777046,203.8812931284732,0.6490722071770425,0
16.59058965810911,201.9275588552105,3.409305450609179,0
21.35635749885097,185.87021353522,3.162304952444071,0
18.599930350258745,218.47928038336445,2.0757762231015966,0
17.063241041123018,202.32934362796155,1.1812253482745223,0
15.843059445627869,243.12297605113343,2.0882334675578,0
19.400265848748944,179.18879072798956,0.6465271048448897,0
23.258071453869697,154.89785819794298,1.6080020192525688,0
18.284249717876452,241.9861889068093,1.1233853469459412,0
16.702932408013318,199.6028220698908,2.47290450768988,0
19.411534437364345,163.38204563880822,1.6003846781491942,0
18.822501635919007,197.8285337565496,1.9273935987489854,0
15.087674406178987,154.3082130869393,2.876431669090887,0
24.610906474302336,206.54393483846474,2.9373698526622354,0
18.338998279412532,207.4915493876163,2.840232300838072,0
22.076188091029657,231.71529518345687,2.9790120577267407,0
17.494381722750802,193.61870233149193,1.2978287194281428,0
18.582163524823724,165.6470839469241,1.998756136983305,0
19.27975853532358,208.49731228386267,2.007330288845436,0
21.22906260653776,235.5050062595181,1.060197288081083,0
19.15714871948326,241.68128733138514,1.298204622192812,0
24.55304104513625,159.04396813042362,3.223784211403413,0
17.794571393331328,174.77443313671202,3.1527474238541147,0
15.514235255933155,206.26284756361244,1.6486442253869589,0
22.68661491904843,226.34779251550248,2.2600522027534895,0
17.27844066106336,194.98321454480765,0.8981452499479331,0
15.728310461377603,245.82273406036887,3.101143443121509,0
24.054165355191348,216.27890897229454,0.5848341606228108,0
17.262810219347823,234.46010684433452,2.9476634755027105,0
21.58887155421572,220.38204089576868,1.8074316293327337,0
18.580427249998408,184.7191923965783,2.1843266824413914,0
16.60599627518643,204.95662973382326,3.2718624703095256,0
21.9699422880673,190.821142693262,3.0164821614193364,0
19.7822251330758,198.9834541710557,2.3697079366357103,0
19.906101188924914,159.75628555252737,3.4326295630869934,0
17.171268376530662,225.86648564853027,2.0335078238709046,0
24.645897896660248,246.14496931899708,2.1300575837297187,0
23.150330983930267,196.43186273464246,2.8431321136242613,0
24.078128973066054,197.36588889125582,2.5158576071770455,0
22.132710605608743,212.8387931597716,2.144846276574539,0
21.627207031800282,235.65654551091745,0.8553922618444918,0
19.045564594548445,215.10389638810506,2.341620257868764,0
23.725427969639558,219.95288057852764,1.423164203827802,0
17.47960589591104,171.61059546327377,1.3250741193534248,0
24.387595665245982,203.10753594107996,2.529747574732154,0
19.36430969034032,183.13293085026544,3.3854941151262516,0
20.315439317170537,228.1937304579256,0.6372667966583154,0
16.911003839440852,151.67519816778815,2.7527557953003443,0
22.198276915764605,227.39218946339776,1.0060389544060593,0
17.32152837506044,194.49117257276976,0.8460963441483328,0
20.35133224900477,233.11037932974293,2.7433986620650765,0
16.39154609159964,227.60559172260847,1.9845646351594555,0
23.699906499835613,230.57197688504607,1.192732373309672,0
22.71375135950006,161.73835410201428,2.5087268547744452,0
17.93404162380616,244.36958020173813,3.3220780386865556,0
22.043763952043474,223.32354109013775,2.781415697283621,0
19.426115888029468,217.76937573765085,1.5089537139457507,0
17.33607226256532,180.10374823781092,2.185478391154769,0
21.612059697404234,180.6236090667478,2.7601518783023633,0
21.883364060807715,192.44411630002804,3.017653934822188,0
20.020471441659488,167.05874960967114,2.3201169453131834,0
15.948505132072352,214.5950168901806,0.7595899811589609,0
19.393035889052282,227.3745606275628,2.4859471580553762,0
16.874118312220688,160.04197243546594,1.436403583875061,0
18.80079782064645,165.01987466152136,3.3187223511372426,0
19.245647491600685,216.31701407590754,2.8101638251760597,0
24.338123457789948,213.15321052739577,2.8426859357008447,0
20.163579712455665,173.15493455586326,1.1166477168492923,0
23.021474261660813,189.45929197863632,3.2240345578881424,0
20.963152171999155,204.30744698320638,2.1271689550761814,0
19.169359724652857,189.00709225379373,2.58074923400049,0
15.149185323325256,222.13025039640024,2.8217500744933504,0
18.637746052128676,203.25783053923004,2.974079639799222,0
18.79456372120223,220.24783786853445,2.160119335474676,0
24.601694661331614,185.9315476472927,0.8988396461242846,0
17.076077617384705,150.59732417949408,2.161185074064487,0
20.539428966855567,217.55804107152647,0.6386618192053735,0
23.92273374775163,238.84554429106853,2.0455748058083727,0
24.556244321407355,161.74448894956004,3.064720635899758,0
20.136549331307666,185.4867185320532,2.0779302213630957,0
23.43116701654764,245.4719872721355,2.482794277366102,0
20.915701261997327,229.6785651793223,2.8382512251129235,0
18.42773825303635,163.52606328820548,2.747955165320997,0
21.612881228032492,246.5037341664134,2.7003288811739177,0
24.66529730484713,179.8423434216356,1.8912239458505633,0
24.92354827038219,196.82775496512255,3.0045578189777715,0
16.7748708623431,194.17605878805801,1.9308288721365297,0
21.76608570406026,245.93028936957887,0.7135786103293651,0
17.656541729382603,173.5463180266995,0.7178194948998208,0
18.72783319338026,188.33588854179632,1.671978899606338,0
21.16796716675767,180.54382370586265,1.5888015475018804,0
17.910782298931192,210.11174905918782,0.6505148603232027,0
24.605533514046225,194.95676458841817,2.52949029793721,0
15.569199281465183,162.08314883899266,0.6871833780442616,0
22.035595628683275,214.15999183270827,3.1290037800739534,0
19.81090980118281,214.15029019085685,1.85923217340215,0
21.175548777570295,172.27102214501292,0.521493483049086,0
17.887786748438668,194.13400155824277,0.6031334588058336,0
21.230882026702,171.85969021734604,1.432150269238475,0
24.370127230699254,188.21700845881057,3.474379858034631,0
23.885953528900522,208.82281817061045,2.4908816534596343,0
22.613808107898194,196.8425542100727,2.54451878845836,0
19.23924679397082,240.21017303355944,2.91172556623826,0
23.68186111878374,158.15107292003927,3.2990142187774487,0
16.17851227897357,238.21341252720725,1.3782298727015125,0
23.873157176165922,242.86324606311695,1.2225617063734833,0
23.82677146203821,190.2613432678964,1.0433648905058868,0
16.86316092873074,187.31095362811507,2.4860002979090403,0
16.316921681092694,174.28333233355846,2.0189488691159454,0
24.666210451246467,187.05806404628615,2.892615894082862,0
19.548836416890055,219.40237797170428,1.4406507364031724,0
16.40809223972458,191.73589537000788,2.854777793636311,0
18.868507121978848,194.1317917117693,1.449637289655686,0
18.562626278636966,201.6037616112393,2.211363217647037,0
17.09087381541206,159.61150281108547,2.220218275472767,0
16.495809367756024,189.60909146705873,1.663753089024834,0
16.709039412641744,219.89175692711285,0.8541249850359028,0
16.30870570353951,233.51004005465626,1.448978622057679,0
21.2677736355219,201.75501277492802,2.645370220045721,0
20.22502231983796,225.12249668418877,1.7744736303196256,0
24.45045590351551,164.0557820560586,2.3202036807129636,0
17.442872787596503,187.61079808313372,1.4966204102002707,0
19.007068351347076,246.19866096790534,1.7825888855682797,0
18.061640072980122,177.83246745077832,1.9096204191963349,0
16.883345079793596,189.146745329719,1.7943077474697966,0
21.443443550985585,182.81443009317437,0.8467781241514019,0
18.922210491798516,228.88983224984975,1.298502560798624,0
24.72993948614087,164.10718275472482,1.2502751703345347,0
15.392956867444845,227.14690159220015,1.4397180822155415,0
15.78621133217157,185.26362814288137,2.4838737240803477,0
21.93066873053637,228.06194699096864,2.059817834938443,0
22.004614239940626,225.5765921376194,2.264477423389571,0
16.213461107559247,198.775491179888,2.91518892602007,0
19.85247594322189,226.74200407109754,2.201295626739345,0
15.165158998724607,188.16845932167527,2.2421918599094828,0
16.22212367826026,151.1855323609393,0.7182743377357417,0
18.419182806443732,188.90517629642733,2.004281790112538,0
23.364149107260452,155.35659562559118,2.278249151110397,0
24.676921711340036,193.8780159419493,1.709190474960261,0
17.584735042538675,214.61951612499894,0.6432687956217489,0
18.523669236711193,211.1279320194093,1.4858261143434817,0
19.441722125352065,176.30115137509486,1.9225907473551156,0
22.415034406010985,217.98611567108986,2.244004867510697,0
21.76260943247409,199.9500148373171,1.4887074134425453,0
20.142328735197324,228.64020287025542,0.9113061161030863,0
23.3281917036916,159.34838549303456,1.7626450287025626,0
21.77467241205395,212.21727998041217,2.1073375606759326,0
19.320375062996426,194.43977301111315,2.1094205111204962,0
15.172342911605288,181.72341854432165,2.443769545051468,0
19.89106701607125,175.83179751714607,1.1589993682123958,0
20.110299579637147,179.89973840084343,2.592083283583701,0
17.427427668915804,236.52859594359288,1.8823697377645665,0
18.309989778235707,161.6876037054392,2.396677012034277,0
17.192887958267036,192.01284382069412,2.122411633352474,0
16.55599373615821,246.17997005549512,2.1477242733602973,0
19.532949687497087,174.95451710847044,3.080871043675392,0
17.226005376054566,220.90372474922538,3.24620112004106,0
24.80289036376683,249.99000774371586,1.9999926102963905,0
19.18029729687408,155.99856614349792,3.3860196294945677,0
24.809394029437996,238.6175017748916,0.9492687710562329,0
17.91812470846991,181.30125096097706,0.75114612884552,0
15.891711551342995,180.86694951871183,2.755888257981177,0
21.178211685798974,207.3229241060101,2.2212389867922004,0
21.161917857491204,182.39178757992596,2.812208289555259,0
16.8325003544267,202.86383919379324,1.40886010757561,0
22.58779174311926,171.31700913271567,2.708858569206688,0
23.824500204424695,162.8442013515495,2.761460842255015,0
21.899531031955995,229.74210985194986,1.5923860825341525,0
23.495345188150893,187.91879496692553,1.0191422068393023,0
18.753861064812643,198.18909529584403,2.927328191880834,0
23.076709978516686,160.63261370222367,0.807296878112466,0
17.60014663541026,180.21105235131824,1.9174050011661277,0
20.24466131286421,192.66622002414027,2.222746170987439,0
18.368912180704974,210.99105825600404,1.82030222476831,0
24.735431522600827,158.06541268988008,2.805787964273634,0
20.10805983115164,235.03845953619768,2.2124291715131057,0
18.217148319743316,238.5156845100987,2.7476601101249942,0
20.05746936415198,233.6353468338857,1.1836624698057343,0
21.3898998489432,236.9635754725602,0.9962208621421378,0
23.673770971030862,174.03566827588637,1.733643189887523,0
15.411667469035105,160.02533669744466,3.1891763966397026,0
16.68317025262635,238.5765825831774,0.728945888293717,0
19.561496998669774,180.24620359605993,1.3475827973870493,0
20.583108656626926,165.50367629422743,1.9328247401120724,0
17.17337340389111,161.23606419949365,3.0149866045172717,0
18.395877523097145,156.13656807567133,1.3336090261568123,0
24.46064367680048,162.10676237511268,1.3759184468463816,0
15.75400487284385,151.3545575013919,0.7857673343142751,0
15.131032765538286,187.54043943452294,2.382871130504336,0
18.335758720414518,183.27323046261517,3.381466427098422,0
16.386099942134628,170.32255709472005,1.6462951784383093,0
15.073734271389416,190.49908076590106,1.62075343980139,0
16.246639381450446,220.58980409314808,1.2112785189938715,0
24.593322110226207,172.67500001608977,0.856588579321278,0
24.489100798244042,174.61602454068253,1.5675158451651623,0
20.256513708479332,185.1131394230228,2.5597995493748726,0
24.28453249401839,182.51305737664558,2.1881375282106514,0
17.363934333265973,218.00117308841038,2.770706929078261,0
21.422320356736,186.10688337100817,1.2615213542370347,0
15.075976918153739,171.33411452148766,2.629011908644506,0
20.417239055927194,197.48448543578778,2.97188587366258,0
19.48107156109299,165.34706064640213,0.7765380434531949,0
23.180988218884636,174.62396823213282,1.6244591871959864,0
22.897296775848588,220.08196836424275,0.6347731191041006,0
22.712045492685334,194.58658781152303,2.0477282770546807,0
18.969862640359576,166.19723394183632,2.1512664468888163,0
17.55788854211525,239.85648302263863,3.2282212043170464,0
15.016804158268641,167.42997034274953,0.8076082838704224,0
18.213131348010194,207.56296622595875,1.8575053686565175,0
15.968521722895389,206.06676830231086,2.065962715911757,0
20.497227140016633,162.0737787153362,0.9834945735606602,0
24.04632525239427,157.19999091268375,1.5172902648601583,0
16.708763411325855,225.44840533511973,1.9094234326620187,0
23.755318313065455,231.17630964163277,0.8619971621852,0
16.510814399521553,174.87630427848356,2.4998166767808203,0
17.666515046197457,212.87132929179646,2.5999126292559307,0
16.18859046135719,217.3358668937384,0.5757103146999122,0
23.52273775660686,222.7019430444288,2.646509181205414,0
23.420830929600914,153.23337707450997,1.348086868168938,0
22.201338486517912,159.16425287976512,1.1892801700779159,0
23.201580554500083,150.54862583577457,3.489253760817302,0
15.656765201239118,221.2949007098713,2.3527641299581,0
19.353510340189498,249.0273509012927,1.745498521978842,0
15.978618129683984,223.49097036011108,3.1032508641999215,0
19.731923728610408,154.388329514112,1.4468349140584533,0
23.2688516769194,184.58999086715718,0.6684466409354772,0
19.050188675876292,158.67128636232837,0.7016542744000204,0
17.798711060547173,174.47156461678307,2.3294191501176904,0
20.238391350858087,214.16877330961728,1.086955987813655,0
19.371072693644226,223.45331271604192,0.6511014059759097,0
18.074441716556596,177.22758220782663,3.209230186043674,0
15.62366936872002,249.31833938488927,3.3991804753946413,0
18.55628145094367,160.8532810727497,1.072736572647932,0
20.128584654361248,224.12717304329564,2.3318092510424444,0
23.88918312126345,188.49242918014045,3.249242042514915,0
19.594582260042998,217.97671397679977,0.7900086060757984,0
17.078360987480327,168.32613875763602,0.7407414429942202,0
19.191096972859896,213.61982853100633,2.0542383493995717,0
20.958388685438617,183.3418021869845,1.6878657397070653,0
24.464808909661613,167.2737165903012,0.9632783907409848,0
21.165583762984532,177.45889587077087,3.2602270298719462,0
16.05196653666427,210.3628281364525,1.8790765495975648,0
21.519417829636872,196.52438696582863,3.355816671070397,0
15.241830706177534,185.0924502627537,0.8424324191375667,0
16.153220028923446,170.67013575342872,3.3335426905713033,0
21.96275445590104,241.16306576588553,2.1317057574119884,0
16.96147057292889,168.26272140953634,1.6817671352406778,0
15.592725435833142,245.14428935612594,1.0154304330992163,0
24.137971428648225,238.97638225704173,1.1748581912583502,0
21.481842779642815,174.37550085101603,1.2702416667963878,0
15.991329246347314,239.51307608310378,0.7792685779018961,0
21.760723094238006,231.47214095332566,3.4056734292776185,0
16.93952236634361,225.87748642071415,2.7315655637401752,0
18.553276816481514,227.40482313753458,1.817302352800605,0
20.216798598742017,166.66900379749728,2.4852859534835288,0
20.52570819713089,242.5239158800996,3.310547213796133,0
19.40862935425428,233.91645274806237,3.392305487709392,0
16.056132517584643,191.74902406431775,3.32851731853207,0
22.268638037888067,238.58848976095578,0.985147047788477,0
22.644846939411618,242.80123249000263,1.9121753951652236,0
17.382550528767027,175.59894789842204,0.8513405115567868,0
20.242988022800184,181.7835561923519,0.8516506438985557,0
24.48907803829704,151.36543594698082,2.9007138369353496,0
18.797248732540233,196.60347848507342,2.6792726167942797,0
16.72646646094265,197.84264160161595,0.8522941107579305,0
24.62317927684056,234.87789867056705,3.485292129907323,0
19.091154746736585,249.40420075722693,1.5065571287386395,0
21.20345921547364,241.87736359547122,0.9523682472060566,0
20.34143994417006,184.01941489426642,3.28479965216098,0
21.151897252606616,150.48571600503675,1.8163710503240318,0
19.97925543931045,186.15384847791677,3.0712142122634125,0
24.87821487313377,155.15133242501946,1.0805404387933393,0
21.369415642787814,211.3644353329695,2.5553601045847025,0
20.625719883704345,227.31110513720705,2.3167074085815984,0
18.3788458771066,195.22550900064843,0.9553339043835758,0
19.129206915554,177.23594779267478,3.2042455199074737,0
24.62873124965518,157.9798896478353,3.3225432974681604,0
15.082501470618563,188.69382489821797,3.120982782469922,0
22.562011545247312,229.00214569875442,2.584054838289865,0
17.151649264091404,185.19394973577036,1.7827066655523565,0
23.83611768353332,209.37550978012655,0.5168955624496366,0
22.148710530039416,199.52899774415968,1.85607882610259,0
20.923050475151047,189.0915137625795,3.332105989316919,0
23.35488075300445,155.52437773929304,2.856146488998036,0
23.736345124053983,217.44979579164345,1.8093737738485607,0
15.422594830865759,249.37315531023376,2.4722438500502344,0
23.35546247934171,196.85838144209822,2.304486463438785,0
19.651064810113716,194.08949536282154,2.870187879263508,0
23.485423422044526,160.1784503262274,2.271975786256844,0
19.729563026119557,184.11167845715318,1.5532684550484157,0
23.941594284015324,226.486149608742,2.2708681268474646,0
21.968080312235692,214.41963491878585,3.1379623075717262,0
17.883901924387512,156.68600294668823,1.3767527436428262,0
20.44483916477825,232.6939683450484,1.5569110321924233,0
20.631563522897633,221.40890261299805,1.8682891810044722,0
22.978521496363626,211.6270276514199,1.315047659291404,0
19.499171022832538,227.0738829714213,2.293936394067003,0
21.438737847450138,191.06482794406554,3.2903028748746213,0
19.69283717073027,225.02785639949454,2.75384879336466,0
21.6601727430468,157.477379705587,1.7712685190848267,0
15.322507007575563,226.40158145072104,1.454707456387243,0
20.411415670660627,169.9126738635226,2.0020503161460277,0
20.781930836306415,235.15510143260053,1.3822309239203543,0
19.654962204024265,184.70257042294335,1.6860652693076208,0
23.197561553879222,153.06294887304952,2.640779419652097,0
21.77030161229989,222.15670215654427,2.5148496022434177,0
21.467767667202956,230.32132453508393,3.0634937637132795,0
20.925027479092773,184.24926000994523,2.181892663162977,0
16.804662616219257,181.88306813156646,3.433153680970396,0
18.891720988706346,230.9897626343306,1.442752663922107,0
15.706005212593253,217.7011790217884,1.9279638398010412,0
21.748286270027766,197.16044973368363,1.042627190433961,0
19.744609296303906,229.99983723562602,0.7109944704908325,0
17.805078256583656,160.54893249311345,2.2273855809088996,0
21.429322944753835,219.17028628716824,0.5752432573145114,0
22.515594244915906,195.260500835192,1.4858790403459872,0
15.694430154893837,160.6966525788537,2.0495620166045856,0
22.494523126813647,179.04688059552163,1.399729941829079,0
23.99655109459328,219.26487413746977,3.0294746884536865,0
22.044034196501542,181.17174945305987,0.9871025812866884,0
21.384348442453472,169.94195908804096,2.8498816249376544,0
23.14465133079484,219.5656442649322,2.5591383371976706,0
22.774019731193484,191.68386502193604,0.8848107291318795,0
22.476656326366342,232.78529094106656,1.0015129685506565,0
16.495793139086118,189.39959783370884,1.254066643970671,0
18.048821987231108,161.38876512375657,3.3190405129552536,0
18.477983539358945,206.2590591994811,1.1701845789933432,0
20.6599562726009,207.74683751948902,1.3714946758274746,0
21.36358163755304,234.22072173214767,1.644562809316467,0
22.386481768061113,189.94211192354825,0.9519243132237618,0
21.195935320318224,213.54370007147276,1.299678250798888,0
22.108269621896834,188.3856049300904,1.335382904802527,0
17.453004032331968,189.50554755564394,0.6783113049143067,0
20.378246314891825,204.55798246894295,2.934453956286268,0
19.731366170348778,164.31120007100571,1.1686557450963952,0
17.94983917468215,198.46621141627617,1.0349925601948704,0
16.346507713099598,228.92454438449226,1.3924643789959705,0
15.350589855556148,236.71669280126753,1.5354568519175242,0
16.33955848367748,183.92764782008157,1.1310198351454979,0
19.091800160389795,236.38558919186255,0.7843261731568465,0
21.782805844687694,159.29721526190104,1.5767395852492716,0
21.892932975674864,244.9195093419659,2.7696669436397965,0
21.109896760416078,232.82924251467895,0.6619556973156118,0
24.79773162009881,190.63048606745858,1.6043209388977746,0
23.733552350250676,201.13168174249228,0.8259204582499126,0
18.010525024595577,169.32777459634184,1.3062808036152855,0
20.781672593397722,191.2446601925962,2.291743558494281,0
18.33761894253736,176.8284946214411,2.417186752391201,0
21.033928926606762,187.7345573296122,2.5173509634221167,0
16.120856434878206,226.67488275233765,2.6281225794381253,0
23.67293152216035,226.54565840015024,2.4668600561082394,0
20.986653218084584,155.01907854402958,1.6765532847577298,0
18.370916002373395,170.25856007041864,3.3231267523010324,0
15.05460299655811,171.07244627697398,2.6643232265433316,0
17.063867965443354,247.1116174326978,1.8947608037498493,0
19.33360201908932,245.3969680548538,0.5921401652094679,0
16.410018834107998,230.3562195218522,1.6355741557245218,0
15.520385779171107,210.40285497254538,2.8015269881587095,0
18.051701945902266,191.0818458461346,1.1528685856434573,0
15.450837371482594,230.59059153725337,1.5499292822360395,0
24.936032898962864,195.26819422819972,0.9903192555140915,0
15.768316657492168,153.59804285700602,0.6690762412775486,0
24.085106889088273,204.77291265833372,1.809393792788653,0
15.2903427966189,214.68078072554442,3.2796900402635574,0
20.319459011377138,239.3121976687498,3.237994389539287,0
22.990148967379085,184.09711571221854,2.8988416184875048,0
24.799480776330455,193.3093838243407,2.4317058340183113,0
21.100669588021972,163.77875910248756,0.5671514385412387,0
18.523010145494105,202.32612109374864,2.0214003230988657,0
22.543259695688292,209.37828107002582,2.596143991890952,0
20.01965774813999,213.92972426933738,1.6542113528496958,0
24.612859533760577,156.90569024825075,1.4318819427229346,0
24.267086764822807,160.91493067138836,2.9103212936816574,0
15.994216056108147,159.72869971650852,3.4666163783611577,0
24.843157582942297,204.00361577177057,2.1866902348019286,0
24.981140767271363,162.75075460076226,1.2846329247473787,0
18.133548648284087,184.6599579537945,1.3531040095778344,0
17.51385574140485,189.6461485284518,1.9723904379721229,0
20.498965909173013,151.36060168581952,1.3510564985141764,0
17.604888769681065,215.7056884786278,1.5368688971334756,0
19.923916442034223,165.4522913400517,2.7499341404979227,0
16.963990047296164,218.73994574932422,0.5377396378477066,0
18.253682169422163,206.11838617916302,0.5644129253535684,0
18.190744059202785,232.73390884976232,2.545776682238264,0
19.41755490723484,178.4112692718063,1.3362302904706773,0
18.801795840703868,182.91736072601546,2.0478352339306847,0
18.14193499362363,245.33489893837375,1.5421420782066495,0
18.431402346683342,239.49066625142558,1.925901340722661,0
24.90739035151913,242.30861505189017,2.930347281390114,0
24.581555565054924,163.68247216400988,1.1158821162352535,0
17.49011954838247,158.2763882209228,2.6231163257179038,0
23.218925895835138,183.20449600122856,1.9021118211933157,0
22.872747549995104,241.3514490114344,0.748261187157035,0
18.13225945963663,168.81262421188035,2.2198556955758466,0
23.420041969211866,182.24741651961097,1.8361317797181669,0
21.13805544820348,185.3992207285597,0.6064005367518123,0
20.74206787887114,220.61108986183444,2.4207821847936053,0
17.93357446662319,188.7158625488933,0.5784380063963808,0
17.10441129807227,185.28554026262938,2.6908266780439436,0
18.001817074379257,199.01718205859459,2.5655450395421746,0
20.261459700156408,245.76053498280118,2.2526070004623406,0
24.11405637428384,150.3455498634676,2.098808509510742,0
22.024393620224636,216.94223671020762,1.9010355283838352,0
24.928112322100734,204.3114163712866,0.5094600232996482,0
23.084683579061274,223.95820375081604,1.8980426977992653,0
18.53450332812114,170.02370277680828,0.7595859754098508,0
16.79300818449225,188.97800915989941,3.2778998854710832,0
16.293914307971253,219.31811138191716,2.0605184421640823,0
19.998734910829597,186.5279117255539,1.4084887755488813,0
24.104989138566808,180.55880478045157,3.3253205493108977,0
20.83359001714951,162.16475422355927,2.0427485848433893,0
20.849284514908348,156.36634381507497,2.1237135131664298,0
16.119370852788705,177.143746361641,2.7652240986606254,0
17.945610120405,219.794349583749,0.9568525318172478,0
23.090556666707403,237.9498380037149,1.7317055724754473,0
16.446946477179775,165.53765412272247,1.5573757575635443,0
24.08410394123332,189.41794238470658,2.844504938368618,0
21.734097690410366,176.9858724096155,1.0811024967427019,0
17.33210648389093,187.51004145948562,0.9072247168778869,0
16.582253179285818,219.2724044460542,2.8663569708031673,0
23.835717780705632,219.4820391169136,0.6477423019108739,0
19.694511167406485,240.50101730245808,2.7833347418784635,0
23.12708765577154,211.9337330705334,0.6764171322393844,0
19.902611183782636,224.47796818397734,3.352343571077408,0
18.975612564874513,235.7299948993449,1.2742777786447874,0
21.606309575436235,191.36362383184317,1.5982069954900842,0
16.940057606355165,210.7580113510727,2.273183599689297,0
15.604382686320752,151.56705385803122,0.9218304338399287,0
17.042908199941582,201.60363019016268,1.341249007487133,0
17.132079481332294,163.75710528346227,0.705056034692619,0
22.53843972048395,162.41915399226056,2.469381593004732,0
15.803804701607302,245.0458055428227,2.897265624110435,0
19.628833650807273,165.22721345601295,2.767409352789533,0
18.52432821687527,189.28732631042814,1.3959994025975424,0
24.514648279403286,153.45945392718255,3.2504363093849773,0
16.35085466648742,212.23440283802586,1.6098894316258088,0
17.46422236971262,233.32387381863487,2.5307975145071238,0
20.800571029090936,241.07078445738188,1.324194911612621,0
24.017250668564653,186.63497657215802,3.252834854144581,0
17.280635313092567,197.90324104116928,1.0593225912492137,0
15.761265199307552,185.54331262891645,3.1029560145955175,0
19.980424457791024,200.1807363604326,1.4548933425619421,0
19.82870230674247,225.13079608899466,1.4670804903869934,0
23.021895047327774,152.2170825458822,2.6410205705722074,0
21.449288223202224,191.44886774768153,0.93827084777717,0
17.00724182446004,218.54184543197312,1.5802653481612086,0
22.91009882036626,166.50611599948155,3.0337740942851834,0
18.207801911441923,172.80402893807099,2.4530814881873795,0
18.349482597217065,151.4872186674868,2.435852055989137,0
18.255307996804323,193.84376175406763,1.874549173055268,0
19.037975076496174,246.44223935470984,2.43741554030936,0
23.230993156940535,225.93453395811312,2.2635659084709387,0
19.550576794268082,231.5322199896156,2.166287102536617,0
19.035016918575757,151.2633665351375,0.7775975780968047,0
22.485507840147637,236.66463655105687,3.4212005841552546,0
20.04150981725905,244.25989390452526,0.7236842274170303,0
15.307926918760355,224.18459198957027,1.9054390865782276,0
23.635261616366748,218.90697741002742,2.825527140550365,0
16.62951144787232,212.74763236068358,2.829208583069851,0
21.146674122427548,176.3818593282296,1.868893911111965,0
19.1349315137594,158.25488022824024,0.9676327712424515,0
24.608102386854323,201.93643807350463,3.2499619105155775,0
23.43311597196272,216.70716342301628,3.0359608736197647,0
23.1783516747412,214.1079803015432,3.3005018409029363,0
17.737509380653393,160.68625946127625,2.537046960215709,0
21.001796569268087,164.00496448671365,0.9552627942726342,0
17.5508089566705,208.24650173852243,3.4035616184774695,0
17.12336792191922,231.57545215840236,2.0271881552888313,0
15.889941002982008,167.11999163735922,3.1284476789082007,0
18.738611678937026,234.01516852125886,2.3415028253295365,0
22.46174884080272,183.20622659679475,1.0767582907766446,0
16.796742791833214,233.0654782193164,0.8246398645241826,0
16.511224270407943,158.50882801063892,3.4184853026364146,0
20.253845564767538,215.12172304029679,1.0330155166198738,0
20.756651319204007,188.71655674337802,2.1858798637719525,0
22.27377851735526,245.83096644654722,2.2085924014481475,0
21.203127821932412,160.5982020549065,1.398078797147439,0
22.96615272424325,153.0755050472115,2.17305516703156,0
21.277294213475695,241.58964716757544,3.247679215885434,0
23.7232799484772,221.5402190697019,2.2145067443185247,0
19.082627335962066,173.86439010901995,3.325697890701405,0
20.572249004802146,214.68966095927865,1.193969254779803,0
20.150576502287734,215.17936042849348,1.7064887129218387,0
23.530776171946954,223.0647140240251,1.4071167628737435,0
22.25134426213943,159.08371331812265,2.1066402332743546,0
24.10078919876276,227.03234307527734,2.60149121932116,0
24.7369270309718,211.53714582026652,2.927175076155139,0
23.288947489091257,187.1255687209146,1.9442003485188684,0
19.31865488155519,187.0440797897698,1.1125961022886526,0
16.839065046322286,243.18761175627952,1.6381056078657943,0
17.205784680165674,178.79774078221155,1.0583440323457718,0
17.690157112745464,201.8489607983917,1.9686987092158268,0
20.177329444737598,164.72520717060183,0.8238361215257421,0
17.79674194471747,199.78085347513627,2.5673219221115167,0
20.19381812399832,195.54378899085833,0.5235517940545137,0
17.465865537419774,160.0677278777522,3.019804212930165,0
22.195616126289842,171.3440505547386,2.866130531046567,0
20.303029226194486,235.89705862435318,2.7641991863383777,0
17.01075976670704,150.07318361654424,2.7140225327332583,0
21.367157014555453,179.66553556163763,0.6957020999344747,0
20.24747346522301,242.47473652630657,2.2351305008394546,0
16.206023255198545,194.3074218165878,2.250730344751999,0
23.197835520397902,211.31433791808814,2.4572559926393684,0
17.398676627180073,153.57876916091453,1.8486891285976716,0
17.43358451704492,164.95012906383198,2.1926005637000383,0
23.51103875122699,188.44182223235217,1.1644026747010319,0
17.42609626867843,248.15624034941905,2.925080894652475,0
18.151589845903974,180.18994290539968,2.6810599891592655,0
22.467047712894374,182.96243423528455,3.4145746112155586,0
20.95695965507711,243.2272178487567,2.722352918337745,0
19.396205920774673,237.0862773392651,3.412006280677775,0
16.32022463718231,243.01998939855713,3.424724428045555,0
17.03564511465516,237.66710190183548,1.8838749510895219,0
23.444542677654447,184.92739178257364,2.4436753704622616,0
22.787233782980344,176.26273076705834,1.2254926907752748,0
22.94681281111614,208.63274279988042,3.2231262863849457,0
24.69794974421235,172.11744274914292,3.4434417298136255,0
17.87295668861029,176.23667209547727,0.6515808436604407,0
24.75702228705514,179.14577351167566,1.1622723367055627,0
21.572022609251988,212.21928157583392,1.468740411116188,0
17.41483974585244,177.93574444412513,1.9053658344560864,0
19.43113761149196,172.45300968518575,1.1345566317484166,0
24.63300285468742,201.91770205456174,3.1925411757288398,0
18.031047636994725,238.59871482948228,0.7874101832364724,0
16.97905374936023,171.60020009284594,2.8878840990011314,0
21.51472781277705,219.45852784421868,3.219009890577785,0
21.83381499239873,196.78012256508376,1.6722703989121088,0
16.040982366381566,215.2696140633179,1.2784180086285213,0
18.276794198601003,230.24131429401402,2.8288275826438056,0
15.234304757577652,170.51154689103672,1.272957256752663,0
21.885245236405268,247.6733817829067,2.789682993881276,0
15.97564435896563,155.30367830119212,2.2644168721197104,0
18.119097577298746,231.0907032859257,1.6316111235628523,0
18.25936692871283,233.92680536426184,0.8132924266042719,0
21.169598260419207,183.85421078409365,1.4033712769664706,0
17.485475394547677,225.29078589983476,3.0413355894935536,0
22.273579229241108,225.47831236087416,1.9775239733545746,0
18.63620493459933,175.31291398563351,1.1420998313479536,0
18.077037122205812,224.8113318142237,2.1599093805045824,0
15.831379010729984,241.536676676254,0.7743230471108429,0
16.073875074216033,184.11843098847382,3.174804839132443,0
24.834993308696397,189.32099431693803,2.6202042835261166,0
22.13335777196479,180.69926639162466,0.7568905237564495,0
18.371475263699352,249.9841284807933,1.813282407316224,0
21.449308866216224,247.90411661068936,3.0110842112653247,0
21.208653888092382,247.51358645097096,2.105310273745174,0
21.471473607277566,153.72193761729142,2.8134738946974465,0
20.710738919251806,170.3895622970137,1.591810734395371,0
24.950369711428195,173.2902429596406,1.5956068954079725,0
21.17826558246169,242.64444810976244,0.7031839935443773,0
18.512710537137384,168.0655833044313,1.118441037073159,0
15.377844686260445,189.7914635231824,1.40503154647479,0
16.282276669976902,221.76961888216672,0.6172945971072252,0
15.91725795571906,173.308180444146,0.9073356829112339,0
16.21134776498026,184.96650111614332,1.4385233701909619,0
18.042920022130943,154.9489306610269,2.502979126101894,0
18.800492230764412,185.69630895797224,1.1270018730417,0
17.504581794083318,249.17037897783655,1.132467124199,0
16.90116330428037,227.3197210614751,0.7656247106515024,0
20.069460597745476,178.99752305274842,2.2467021970555505,0
19.811987860818917,210.74553307041754,3.423351302074069,0
18.73809636084451,207.4511354034636,1.0410413439551431,0
17.1858012356699,229.48927843990904,0.8097170170592229,0
15.005582825270132,185.00610080823242,1.5124675374679912,0
15.826903142035794,172.3631848812698,1.131795567071475,0
18.098876539000408,191.05919091881776,0.6236477424795058,0
23.171645154652502,230.71036908427203,1.6665325165830085,0
21.665626752709002,162.20288971575496,0.7791978728542494,0
22.930797431075057,156.24684952094822,2.6533246267249107,0
15.118357148847341,179.5686607139725,2.10330516100485,0
16.174087919645686,174.8274047905748,0.9230840522354474,0
19.832217861249077,174.16760934162704,1.7487812443372068,0
19.644480598305293,202.61162379464224,0.9437947815410898,0
21.506743125989935,240.87512202456296,3.3972724116317305,0
20.148006599215364,220.39913586737757,2.4593854268064224,0
24.519916606171833,180.4342005535494,2.1354836967358426,0
16.310344698593454,211.8110525641515,2.814451188112722,0
18.864997837923625,151.13956436802656,1.9556801747392019,0
20.643837617894356,230.53916030896005,2.414881826824354,0
21.802242927958154,166.20771726783752,1.3636380645263724,0
19.02060402869557,228.10938104565162,0.5717202584128763,0
17.204566895286433,184.41252598622367,2.3690127284420166,0
16.969913326564708,195.64848980947323,2.5436312064424627,0
23.88385796889183,198.3347794724071,3.239945479952988,0
15.214484275048317,243.7113907295862,2.3408314906310674,0
17.486684297456595,183.91038637466494,1.7995119388402592,0
16.207931727026587,182.68444185995688,1.1134212443559592,0
16.23908743211846,180.09376794147363,2.48470785892862,0
20.384524890422888,226.02264118512664,2.2583280406217714,0
16.163794884555756,217.9235674124134,3.3919519185602955,0
23.395225016626387,246.8381656198099,1.1381759705626848,0
23.753566977290202,245.47554445639196,2.0999763801695566,0
19.90245942655477,174.6709898032809,0.7026312952400651,0
23.510086268068875,161.40427038097386,2.393891762462411,0
17.631701839836225,184.742002620746,0.866604893205969,0
17.75994730313785,194.41557777326432,2.1197172250587384,0
22.884641175392648,246.17377359303867,2.101586254070291,0
21.61455788290376,229.1780431198843,2.418795381734774,0
20.638821904119787,171.61386740470132,2.053265651402497,0
19.145444676803745,169.852187197658,3.4576921607497475,0
23.40546803115125,235.92795745936084,0.6186990855315053,0
24.552148302408717,231.9371032346852,2.58231211088244,0
22.670904773481944,155.90957428436542,1.7253622965928823,0
22.035897453793833,213.0570489425392,2.714217216388295,0
17.091207665547007,242.1275640773444,1.0753395282131546,0
20.785925054878888,242.30540494574933,2.1987919103862423,0
18.547713896318825,191.1093251449248,0.7912997284823735,0
19.81664280002081,225.1552297897931,0.8930144088926371,0
17.885371585911177,249.1254846731037,1.2087470461326635,0
16.582388054138903,232.91481391045943,1.8214916438548872,0
16.231547426800166,219.70930184529996,3.0311439954039456,0
18.13448871938639,233.8873270933064,0.5294490009259083,0
15.114806885581373,220.5425722549121,1.1574821962444184,0
21.647280790223746,153.76133293125412,2.4710195320105166,0
16.906573462015725,168.3528411696075,2.5065590310694956,0
19.621756619215443,230.464366883902,2.3390190323177764,0
20.84675323267354,242.5488435131088,1.8049945026417986,0
22.47439609553463,202.46818107838143,1.5781486723417542,0
21.13849281315361,166.88903587902928,0.7411235346257846,0
17.6315678508396,194.84005157817512,3.0035187905597973,0
20.57064665601178,196.72220126640562,2.401412804384753,0
22.277284186916816,192.96186759303768,2.2014356427222745,0
15.818939461774892,226.76503820779232,3.386979706332447,0
17.46810083929991,191.31793940418757,2.349077513871297,0
22.13143901339507,181.23371079136496,0.6545825895843111,0
17.167167490269502,171.13600653213246,1.3530279364704612,0
23.259327107388714,180.74720000886174,2.384205971327943,0
23.48864683703875,209.79967587428064,2.600103808628622,0
20.186865275980708,165.35449025641842,2.2184470416439255,0
22.336494585331348,211.8186575521629,1.8755914730118568,0
17.478502235236213,238.9169838491493,0.8196572443382444,0
18.88834461622245,193.1143511627859,1.45261954311238,0
15.616737110368714,228.72305336531423,1.943653229176201,0
18.652529400848778,173.83715992734366,2.537917115797706,0
23.474485251738713,206.53334916837224,0.5740539740716593,0
19.62234198871094,177.12544057451234,2.7826460428395707,0
22.681760953687665,225.90660863798206,0.5643148310232144,0
17.1441745424184,164.22779540442835,1.5608011692584038,0
19.68583406180161,218.36769198639422,0.6218815164198741,0
21.475701239428712,150.9940726688581,1.5760587729075368,0
15.558151220839141,170.1246430461657,1.1549010828130366,0
19.689328006489635,244.80600000459071,1.9521429746098482,0
19.666721880318878,218.14693369549542,3.4220938193204296,0
16.330555011304323,201.4361812608775,0.9671249264930218,0
19.178837249254933,177.5137977121825,3.1433258023895534,0
15.139313175292608,179.02659026930183,1.1755104748204306,0
24.711194711844904,205.2542805241472,3.2112617580766156,0
18.368493052832797,214.45114766998253,0.657216859416792,0
20.2227945714329,199.36272829921256,2.930511277943036,0
17.530386724245503,239.32221110245297,0.9926384653297731,0
23.374712962525564,153.56637004464946,2.2715110919385997,0
24.425328851687162,185.46427452798764,1.2921714527308206,0
15.765103536771615,156.06372602683808,0.5527480969788855,0
20.898672373991367,156.77516912795716,1.3834934185960153,0
24.296705282134244,217.8881583356777,3.3727733548179306,0
23.318844774458675,217.56067248914383,1.147865194119263,0
15.098589604794135,198.22144284988457,2.894847935208652,0
22.009949693138484,182.1067220632146,2.7213629207611887,0
18.026924623688053,167.4673429473791,2.0448371873359195,0
20.875316496205517,233.11754714092146,2.183793150133041,0
24.32532876060523,159.88405215103347,1.6483922784646872,0
20.12645258606147,198.04407175249452,2.530090479419515,0
18.78906460705124,190.05759193231353,2.0849890849861628,0
19.194220864780497,184.32635834109868,2.4884621853094764,0
16.48447941817227,180.54189758032692,1.6930830860758939,0
15.658842861435188,234.32732734428112,2.729807201023067,0
20.803610887750246,245.75781313181866,2.3479808259731865,0
21.958541860595815,249.5846949597818,1.0146192619133216,0
23.366082389136245,249.59172455959379,2.668794775300785,0
22.67115314734991,162.41490260213874,0.8612212603975377,0
16.49072117920097,175.7548964725193,2.45216480812396,0
19.028298092493472,156.88091528885064,2.8007991083590724,0
21.18084534172013,219.70602223724103,3.094873431836782,0
17.33351377479277,203.78524588290517,2.5211690472303765,0
18.981366174037838,184.85592145674954,1.2789886180513612,0
18.070127762591163,172.8049375146162,1.8811142949701476,0
18.322603893444622,176.07719629577633,2.4317241509380354,0
21.485729015594515,181.79149978907896,3.397356791827006,0
23.434237821442494,160.28778062644602,2.959558177168242,0
21.004834601268506,187.07114880726226,1.3289614397067373,0
17.984019783642,165.7327408325399,3.434721558714539,0
22.568346041266647,187.4602557379577,0.7586603313926649,0
15.089724645302923,205.47647563163315,2.099231149967551,0
17.486673968753493,170.63825103970908,2.817341425497144,0
15.501151864423495,182.56394274065474,2.1404003226571398,0
18.932792140316632,248.29050816191358,2.1118879267672868,0
23.817110129291095,167.00016933629036,1.6854253692466417,0
19.324172885919687,185.50637670191406,3.101414749980543,0
20.38756535004181,171.14057131104107,1.9973475029470509,0
23.273187171799947,181.45930047791822,1.065177233196044,0
20.908197141421716,158.03430747939808,0.5792588357168758,0
21.38176752996467,187.64247774897882,1.9044395818651587,0
21.98195004799537,207.55148370242165,3.076022881933252,0
22.623255601883596,245.1596715463615,3.099194912760046,0
21.641172491382246,193.85969244554747,2.887749474156764,0
15.554933320312491,169.45697474315682,3.4967309533720314,0
15.824455217773036,220.30717231841447,1.3456120434465388,0
20.763468873336866,233.94162953187276,1.1531134535363834,0
20.77216577694376,215.88071405110742,1.5623172433627355,0
17.829066629105018,188.96141511127274,0.5038166624023325,0
16.60102811131324,162.71974306015983,0.8266457420776177,0
15.101359681905034,246.17783789820282,2.3547024654816093,0
16.471532126459394,231.67015213295306,2.799353377020631,0
16.584766875728494,202.12706417789713,1.2044447789515424,0
22.811243285867533,214.3144122497671,2.990836806937504,0
21.52910004854722,240.84207494920395,3.3502002175442973,0
16.183089916501473,158.58102654362472,1.44488754242023,0
16.055941242886917,176.3152611880639,1.6294319829540933,0
16.25214993665759,196.90528759766372,1.5385450793017916,0
18.05139920106585,210.10893886939692,2.0027761943775406,0
22.290925881322178,171.50320673590102,2.924235507719279,0
21.88575425945254,187.74053122266295,0.7106471100765839,0
19.661869964133718,161.1691153637007,0.6924050737149783,0
16.495597951675837,215.35568045693284,2.624138162595729,0
22.342897759549377,247.04195890838656,2.201335577411757,0
15.60050181347095,196.55358448908254,1.8741121558646507,0
19.965055374372923,190.58879047314645,3.2828531084809485,0
15.463124530269258,177.68999147904083,1.2577603421430315,0
17.197262048961022,170.66284736186492,2.073045149008446,0
15.737363263756198,220.58104956084298,3.2345411948491423,0
21.61583477780077,208.29858361626452,1.667356610650039,0
24.13351962793046,176.18072164490036,1.0716194817053628,0
15.552745286209827,227.10705884313734,2.503000939046727,0
24.6316186564612,158.48493266706208,2.601571541095609,0
21.42865642562722,243.01694790260532,3.089853552624996,0
15.447414236677819,162.32790581054138,2.201581288981572,0
18.693588173233366,208.03443892615786,1.1127882861828116,0
16.0345019472026,187.81332914589046,3.460983456903567,0
15.440679721446768,190.9684164299509,2.9320829644627207,0
24.845841913610457,167.4500813108816,3.4684967866490433,0
20.56085985947439,150.81222553423805,1.2725342215522442,0
20.307306916963906,176.83676473467426,1.1639020861297675,0
21.800548684950574,156.75078816306907,0.9192224625651141,0
15.445112628211454,200.41965528452,2.0461577955833876,0
15.487920577450247,248.72590422575053,0.6884505196963475,0
22.88299631842716,227.22555347780738,2.141699538986377,0
23.996285130862645,217.9191096925682,0.8853970810570005,0
24.452984455788517,158.57660392275093,2.5105446581227584,0
18.392591549540818,205.11914869252655,2.987991474560506,0
23.8467991618153,185.57780686568293,1.4784216567032527,0
16.284815749151143,182.6120413650816,2.955848673526233,0
19.702223121426844,231.47754581165924,3.4003110680264212,0
20.700662976291937,244.54510425112682,1.812492171791571,0
23.271083916925974,248.86297462594354,2.9993012326843003,0
17.01169348238015,158.15708498781322,1.5508747156851128,0
15.600950739783126,204.94683725632163,2.6264671358370233,0
21.895415458853662,173.30948566230046,1.6078345406300265,0
21.082763733474813,184.02518272013066,1.1105226604732878,0
18.415112601656865,208.5077826240913,2.9775840002764866,0
20.74608529180115,184.2999998787945,0.6615331323320048,0
20.079488610886735,218.53728142648694,2.060875039047706,0
22.459619857691496,245.63252155722256,3.205792226026537,0
23.891050560403276,173.11812903210503,1.8470129096970922,0
23.017184245010302,166.32154424518856,2.2591961385252257,0
23.123816845777725,217.6395247635738,1.0236941660074745,0
21.77029676466017,172.8976447270357,2.1335398020275593,0
19.194755051481643,226.34187011087033,2.018839350771775,0
20.98368181549622,203.13089615222054,1.2855532664412452,0
20.355998932795906,204.32734651903087,2.121060032418685,0
24.19407218510957,163.26670781729558,1.0802473949493558,0
19.336594129442013,218.3416192707417,1.6041736137379545,0
24.30741552595967,218.86260298826375,0.7591356127136012,0
23.68747374334911,175.47004811129335,2.19891244342545,0
19.25263251942884,232.43968863095287,3.392876307615296,0
20.89852036862165,235.74624119902705,2.1525584938312385,0
21.482692793452333,202.1258020555978,2.0576372999993584,0
20.585077924954163,160.89684929985637,2.077784704473834,0
22.83495753846141,153.6350634402328,1.2461705217543941,0
20.605779981846354,169.28411338669838,1.3930359855824732,0
17.702316105847753,183.83274791086288,2.397351771601333,0
20.57326981449272,161.08460054752408,2.438343329225022,0
17.858458936684933,173.03513819488631,1.7734941418861911,0
15.370109413208498,207.71325318209284,3.3908365793581554,0
20.749581602289283,166.03577090998934,1.6095235780229933,0
24.567327670821587,204.771067708953,1.4796606703418576,0
20.047945244571913,160.28312451277085,1.775690356844379,0
24.388774771447125,204.93008134794164,1.1405690676193663,0
16.355439005374027,196.04353984185664,0.5878182099440213,0
15.637444428843015,233.7576058022368,3.056598916967572,0
20.05156456995778,213.50057642463634,0.6315115324844716,0
20.828682036460584,151.93363095018066,2.298587119300687,0
17.58426102810887,232.06205208999165,3.4336857782353603,0
16.614394909900906,195.48318959993588,2.1330219100994876,0
17.584930956655413,161.7740171007601,0.6491284624815482,0
15.704917863928616,208.1400821040216,3.188514557869639,0
22.895826166432624,238.6730131596178,1.3629009304398951,0
19.79722322863873,194.51111927697644,2.583166420231608,0
20.568968492363624,223.6436001261435,2.278899205674808,0
16.87626508876446,190.6125906172476,2.5277689604232974,0
19.54706327306458,160.4218311279097,0.9730058587146376,0
21.1649913040055,183.36606754765947,1.1072397708047643,0
19.648577291589703,189.58997661129024,2.928287294192349,0
19.320544698711206,236.67637019564637,0.5976962709062348,0
19.51396094923342,245.4342226003141,2.556576181621997,0
18.791060452363737,229.00371401521798,1.1477195359657817,0
20.105350893032266,200.77225085642627,0.7895876928112436,0
15.800063136102494,216.14609107692587,2.0857225350558166,0
21.23499758835461,213.57421752192732,3.0381611262525343,0
22.57426675510999,236.03909027423305,1.9653674612140075,0
17.91454609572442,172.07109409348158,1.6530046699252787,0
20.698030886333832,165.70977098707294,3.262567374613878,0
16.837774798149994,165.26069809576222,3.3948618432825644,0
22.11110723887196,224.1832459985858,1.5625567664103865,0
18.10691283809124,194.1298988448867,1.7197394709984593,0
24.379239286553968,150.1888187091384,0.593992009987477,0
23.123747990222718,214.43745955647682,3.063704724412633,0
17.181724029127032,154.71850840698397,2.8144475366064916,0
15.40486854934191,225.39328713851967,1.0995134286545305,0
21.763097833335397,151.80518111633523,1.0501898514695043,0
17.301064335549015,199.21676279285984,0.6612955524828886,0
20.61295936664309,170.69656464289866,1.990757858777911,0
18.08478988621381,188.83921238634207,0.9654937111612536,0
15.985798645050895,181.17883294431977,1.5841278002208679,0
15.118046754961041,157.40350022227904,2.6548576207326584,0
18.961511923702382,171.23786986001295,3.114935542594288,0
18.791530356804632,206.93439162303724,1.7577298928198979,0
21.294426466604992,196.36210579328048,3.3481978116469415,0
23.615511000114232,235.81385615220012,3.1961541856647226,0
17.94006778554298,247.2329058188902,0.9198187309393789,0
18.56386178919483,178.50701001860944,0.6006038342020801,0
15.029272234075187,205.90633376510567,1.8746945668436983,0
18.715952222678546,239.12194236249817,2.390541533422065,0
19.348401619050648,234.7182827785564,0.6327738940303836,0
24.713812695615438,193.61328439523874,3.417841010797653,0
22.811630692440435,213.78140429210475,3.1786447482417373,0
20.112724321206144,248.46073855548838,0.5966850519840893,0
15.562095197585961,233.8337380642935,0.9695362116274752,0
20.318697496032687,170.3275049870089,2.5857983610492816,0
24.255944905341487,211.1056391168243,1.9450891740794125,0
20.507817939640674,163.14121958127373,2.416186187197308,0
21.51614186764384,189.91121054943557,0.8073282279753473,0
22.11815542508474,240.50059177986054,1.3898104730653125,0
15.477993564361567,187.75594293233547,1.1334621496856458,0
21.140621431988734,232.2880594195127,2.6920936966360998,0
22.93866169893415,185.4093168810008,1.261216101865418,0
18.99402667403018,181.15969993007835,2.4360025086095596,0
20.74370680261282,221.61470613164428,1.8044703838399014,0
23.44954443818213,223.82270441057975,0.7807003321870073,0
23.423610761471757,207.99673224772593,2.2172162690910855,0
18.18180375277956,243.40480679086522,2.9110602352239914,0
20.690531311451387,205.53958518674958,0.9710386187502811,0
18.869494176156273,197.59080828123268,1.3809584279010427,0
23.315534969731694,183.58144640357756,2.3784336257482845,0
16.661694303830913,213.2914095761391,2.6575591844882167,0
22.273555300178348,165.5561040553887,1.6431719986437594,0
22.712525421654238,230.298911897624,3.057907270155026,0
23.248513431326018,166.51997487605834,0.8139945032958116,0
21.01895945537883,230.61414698765947,1.558879904054082,0
21.782951425068354,172.66435423356623,2.367840706431621,0
15.606516806413442,206.77009778650935,1.5002426054353535,0
15.67376954255847,156.18648417760275,1.384326668306834,0
17.059289077503077,193.8827060217934,1.935148368043291,0
19.368033659944814,209.11906258605276,1.034581652165309,0
23.33561161935139,249.46268497310365,1.8126137374362672,0
19.072517759105576,190.3458911925005,2.2110432157724196,0
17.097127004907566,249.27250909511045,2.4309330845556953,0
18.54406008215872,171.95114533568514,0.6083346350953521,0
21.235038193600488,193.25833708756122,3.0784398540445723,0
18.8020826891249,196.61041624427278,3.233597121422256,0
22.193256693789802,207.56641334952025,2.2768736799550555,0
18.52585230610139,219.20904021283351,3.341149971441605,0
15.869713992585629,183.18362085767515,2.577937870994539,0
16.549086294889143,190.8714411553716,1.1442515897650538,0
21.15381035423823,179.27548424720047,2.7574068526073146,0
16.76053899906166,202.74183276257583,2.8420626236805306,0
16.145340525894845,193.48396823979073,0.7663394083863222,0
20.871230196955267,234.22944431449267,1.5150894650868678,0
20.187689486409575,229.8115235753758,3.3418155639980354,0
24.45042527914966,227.31073312701858,0.9634691907393053,0
22.466364745279215,158.12930288631517,2.8240600968751317,0
20.748824011685585,189.58530761137678,2.247570383921225,0
24.083077640822175,239.2138248916694,2.0819355955567755,0
16.126041426648634,177.09446544443978,1.5504621577328788,0
20.503902563154718,156.63460608436424,0.8772251670802872,0
22.69387270572978,206.17589113175748,2.677136657304276,0
16.365482344272763,227.46539651090467,1.299951813089899,0
16.452350747462184,224.13715037579533,2.2348607832302037,0
16.368045890436044,185.48660328798093,2.1206902467951547,0
16.080551732967763,220.77506232682725,1.2488547585862633,0
24.646573700413267,233.26548512200617,3.2574316284800613,0
20.02362620419685,189.24237034732812,1.5097345992505242,0
16.53812567864358,231.62616327155854,0.5785826800142407,0
22.841626918749014,193.78004868883488,1.025424376887187,0
24.762023183418513,210.2560130179208,2.3783165618513014,0
20.554561361192114,242.26256020471192,0.5882389829139175,0
24.180559119396598,211.01455355437633,3.0556266321110654,0
23.630469932216155,151.46361916839487,1.7366888918529346,0
24.552578541354983,234.40785421774052,3.438697715689642,0
19.683175909592535,234.85526855294148,2.564576529870386,0
19.341307835578288,163.37252492635932,2.1758382368669484,0
19.486434252257116,159.57981064036565,1.1130560744827238,0
21.231287725321,203.08162630480945,1.5488265115276318,0
16.71532233757606,230.87029226506914,1.4457973265920414,0
23.951993163452112,173.2322423803756,2.7819252532658174,0
17.563340999779758,197.66154905512118,3.3144322330131843,0
15.091589264293365,150.71494446526663,0.7496167288643806,0
24.031870451632898,235.90264310556324,2.229875970560479,0
23.13098784850621,207.3017403462626,2.476352147870553,0
21.63871404170279,186.61652297203608,3.164432736264434,0
16.55833984571364,236.6301015531854,2.9855774354246045,0
21.073173929616026,173.03303784848907,2.9512847729033114,0
24.867343343848937,199.8009873270604,0.8210227275411857,0
20.075652000043608,227.32745911152148,1.1651173932566161,0
22.211182616708157,179.69223407712747,2.239616193835534,0
24.705067948059202,167.33635319861847,2.347923086348885,0
20.54184545536297,196.29478805189416,3.3133749854568464,0
23.397465851206952,175.91138948424066,2.9346842090502916,0
16.230279409620685,170.73787544856697,1.262345820236161,0
15.082882686627524,191.54643012304717,0.9841284627904702,0
16.335230962417477,180.46353671157604,3.406446639382857,0
16.418260845327584,205.1140145832857,2.706099771898193,0
22.621408907855265,158.09751789011554,2.825947317699308,0
24.561610950304278,236.26017194657555,3.105135951165642,0
19.607225417630584,237.9462914957342,0.7613164632626793,0
18.187789953071714,203.9608079163247,3.205156560615155,0
17.86807530767292,154.40240918860263,1.2272358402671846,0
16.24037386738824,168.89015646393074,3.146194229517164,0
23.293618553375435,213.3828384481551,1.481044239574483,0
19.897197667800295,228.91291788245076,1.1187655337156526,0
22.679505379351866,225.28531434890272,2.39149102592469,0
16.8805283960115,217.89441737483392,2.005347785057987,0
17.087773881084175,222.53098430282716,1.4617663433068433,0
22.534022577695154,226.4335541231966,2.1107016418828244,0
21.192433589192817,198.63111894422437,1.4385801247958248,0
17.97260880939796,216.3318376131403,3.178837084268768,0
16.613071798675886,189.5128919058054,3.23401477430967,0
24.642226010127406,188.6048522335316,1.6183624573840947,0
17.925182916045415,155.66315698876554,3.3412870238787384,0
18.6825068209439,200.58785933157958,2.8565701440648024,0
21.495679712581044,166.96739390363237,1.8849396241745615,0
16.35693659305156,228.62035909770947,0.6766582460056528,0
20.346999545063145,231.22073537829175,2.450942951430961,0
24.90404379097325,236.44909366413412,2.9478024159353255,0
15.207135509750849,237.63878098510827,1.784772096897691,0
23.286972381167555,161.92500470529586,2.964840857876636,0
23.00751304441544,200.2940936654921,2.129767177723057,0
21.16339013188086,200.31198137270462,1.8139575544656512,0
15.532621669844707,174.6466981528678,1.9984582564566407,0
18.543722909851688,165.75353524192576,3.463283047662989,0
16.41454345039292,154.8040613581451,1.060705822311001,0
22.79317435639414,155.77848503360246,1.0118407206659008,0
16.639185986005117,153.5142967663728,3.1419609109895204,0
21.85231192074054,164.26727318543567,1.576021017747322,0
18.91330305098345,173.04554461403552,2.7433036914508415,0
18.15747567710804,152.0426164782843,1.0768452051943171,0
24.389607441489808,231.34453281468586,0.7037024585719386,0
15.928528785131757,244.0512608278411,2.8584681593119288,0
23.34164538039014,219.3794847021689,1.1784125396258447,0
15.755994544305302,212.73432291025057,2.9195471466966554,0
18.562382660472498,222.16832406905974,1.176534856816817,0
23.882115264715427,152.38623672345395,1.3764543387313934,0
16.501263934587,216.30259933878716,0.7647031957266971,0
21.9085473249948,237.7128808623819,2.2734080648574952,0
23.576109932718843,169.83192578011023,2.4396209268330273,0
22.05875844969732,203.81383217400438,2.540940228363421,0
17.724863196378433,181.6707398057201,3.49485292726194,0
23.563329740830447,232.06608876277608,3.4938839331970737,0
20.48684825143696,226.3250533985163,1.8622941149043633,0
18.400584794601674,246.52526219895384,2.4639464264968405,0
16.854708546935534,151.91260301493264,2.939155321819068,0
17.973407466696788,152.05456216592123,1.0407295497539308,0
17.87277989253166,195.4406170481092,1.0765219103138928,0
20.582941761743,184.78666577971265,3.2380455195776645,0
16.232264800519516,170.22658456269548,0.6559133564459657,0
21.504984387408896,163.04163033516838,0.9595339087729645,0
20.755558255151477,163.11611402120127,2.903423302036957,0
21.07719907029639,246.91099288492404,2.851092621405698,0
15.60616244448641,165.8713384531826,3.3801090548038335,0
15.149930609844162,239.89287373221177,0.7772368518035488,0
19.337388796930412,246.42563551922615,2.448977335847878,0
24.563028583226966,192.51946047422047,2.6624066381613,0
23.423717377099802,189.0112528437769,2.843834929342022,0
20.10909383086762,214.3500352348007,3.47319728486476,0
24.540673502311467,217.36915638512914,2.484251263124606,0
16.167234667247502,212.35790880140624,0.7665431824898585,0
24.763478990868208,166.93899092177543,1.6115633917457142,0
24.383767023504927,170.27446677863452,3.241629023232666,0
18.666654009393444,248.8195009343402,2.95317404713239,0
21.821082493560304,194.77073001816564,1.338011340179408,0
24.859722739042915,247.07652521534737,2.5103662226383916,0
22.319795348110485,233.12758523752962,1.0366320126012467,0
23.502703692254897,173.47139309827415,0.6820018362916553,0
17.518467358032098,249.43377834232382,2.988466718947486,0
15.28186944203982,213.4867017422826,2.891196874402864,0
18.645471868325288,169.09035756215698,3.3514164581739796,0
16.793173492843074,178.3037649199257,2.0935456061296462,0
16.56617542240015,226.28639505812265,1.5974684537039956,0
22.743298489296055,175.24266714915075,3.4941704512014082,0
22.515054444155886,170.33199414577723,2.7258358785983763,0
15.916796200135229,228.6271445880947,3.0611904406072568,0
18.0894535932962,165.86830354202715,3.3010619324151222,0
18.24962877897738,183.95521758127677,0.6799754217468754,0
24.793777164994562,196.04970942713243,1.6903339453064772,0
24.452426562175035,179.98879468228333,1.24425301201916,0
22.4700601745818,171.24987777997012,2.5242654693823665,0
21.994844232681608,185.27398322648526,0.8313497125861244,0
22.268642366421936,247.12012065330623,2.712217258714901,0
19.24579936079279,197.98217198539146,0.8469843962617293,0
22.456250033007223,241.80666202472537,2.30175602213866,0
17.026946151711876,245.88966321242881,0.6933955750571565,0
19.680462903450746,225.36658839425178,1.0040066321788532,0
17.266094870700215,208.95043143715222,1.01473914233198,0
24.35112679999135,233.97278663832827,2.467466030093221,0
23.4390241688482,234.4325013975863,2.3688477407100166,0
20.5476227974142,248.84503132793827,3.1198398750681484,0
20.73217168990553,243.69902241104205,2.578394540062719,0
20.968603143708854,244.16157126485768,0.8123832252842528,0
17.1775337785133,185.88951474797682,2.2657639976958506,0
23.708104906318642,179.8632069811629,0.5562120027931389,0
23.225426156852066,225.86812910526302,0.5280392909673782,0
17.029971066683306,246.40698251649843,2.504984696854441,0
24.821543618071168,244.8653384034277,3.4749606500402606,0
18.359969204094604,154.93757395416247,1.2782627902941832,0
21.357848838126458,223.07483046591392,3.2126430524726968,0
24.068263509103975,158.10206636836722,1.1592275462801793,0
15.712788897041726,201.38963974823528,1.9724438681989636,0
19.268040397117844,232.5282731940744,2.369623692914522,0
23.681376495611502,227.7231349503339,1.357113261539494,0
24.929460726569893,226.59014607591692,1.0745476967569778,0
18.083243820270653,197.5258868346051,2.491283523225904,0
20.594418754293322,166.61698377918694,0.5902009673539264,0
15.821682846377616,212.91683504849667,2.476216764840736,0
19.20180267853591,176.95999059289835,3.2026620214179413,0
21.00846799086264,151.34224686073676,1.060431694158837,0
20.287064918788257,201.1319357638238,1.9935550214641564,0
16.092698079202933,228.35592581402705,1.6664911636941264,0
16.537790506150838,150.6790056110686,2.3807917377985164,0
18.358998421843047,207.55945702062868,1.306939803711587,0
24.31557560765863,164.47813571244706,1.6542786710858874,0
15.709189080486217,179.26556052778517,1.0726256610460339,0
16.405292773654054,210.40500827680407,1.0904382415734022,0
16.799701231881627,198.13060962736887,1.805984990255542,0
21.043480024552732,242.79060458892954,0.6455632941266921,0
15.162175211245712,163.2368120571749,1.3071200767562683,0
15.355447071113097,166.09115898362415,1.3114502114865259,0
22.452246335444084,226.97912185807894,0.643679588157762,0
21.401866208023257,218.82682338094835,2.829893055036491,0
23.371097311536154,217.48181705293769,3.0873477629722683,0
23.259334730322166,185.6205879536602,1.7345428770605742,0
16.431890285170443,172.96494420683933,0.607351319873528,0
22.554107139982655,198.38274522974854,2.824071008447076,0
20.509544319291848,229.3458496784673,1.1175119273787208,0
23.775429126051552,175.83627833593405,2.184128142569002,0
15.173685443491348,161.80063706690902,1.9272018778508908,0
17.080655097378695,231.7516811418818,0.5661708929603878,0
16.010163017648004,170.97142077942402,0.8501762929408643,0
24.82567219893903,200.76235361771995,0.7265549690136169,0
20.69406544433482,214.34650611814396,2.152595133436783,0
17.740289879653837,195.0376553806824,1.582241913647188,0
19.98091601359268,166.93147684621854,2.779216024502747,0
20.422550960793885,181.54343798241723,3.3263171641387013,0
23.21435934432816,220.74174096778768,3.4049735282805247,0
21.244423508337377,184.0875953357827,1.903381951883234,0
18.33823001325703,181.4643586589337,2.0925832797837964,0
24.698085400530132,214.2165849086629,3.0107372424303893,0
16.287865379857855,183.57260188969673,1.2690737765086508,0
23.60538332482996,197.08979110950094,3.331391414339634,0
15.192406238018794,199.08940163644192,0.9874706389153074,0
19.95491620045079,174.67922389349422,2.2013330424791393,0
20.21724248319134,198.3472244100942,1.898524218009188,0
19.684730933088602,154.6545173339016,2.6696094818459155,0
23.859435699647694,229.6579769316039,1.9442715015113918,0
17.940904863875247,182.47051612378763,2.2338688143977117,0
22.549352935697303,226.81708362443254,0.8382616389295618,0
18.7927788236572,191.39236820963066,3.3365747556532908,0
19.63650632845241,208.4685183686786,2.9834292836432144,0
17.06576820167306,240.6738187206659,2.7868079418018423,0
19.55846821780763,203.22590789861098,1.4837511858415582,0
17.842777847145996,242.42562669408454,3.0083216532209036,0
19.922464530980996,165.0664588453733,2.670208826137394,0
17.994856644791,215.19826213725983,3.0239842057336586,0
15.027063994387735,219.98992382275173,3.1095517404826083,0
23.113856736602585,227.17163614578476,1.8728285590406277,0
17.3491851628211,192.1681635006388,1.4019136177512799,0
20.14990798345257,213.97484502957406,1.6248981500178332,0
23.524394908761543,174.69837345931245,0.5204046011790139,0
15.22519432875245,189.16691654287325,2.0348360172101416,0
22.33974970022536,171.48072005306466,2.6817638914401964,0
22.150088525864007,210.14480579416943,1.6496494949441942,0
24.68337736497096,170.8840347060665,2.7350777405683138,0
15.340264894273776,158.5303337736997,2.6026933726428862,0
17.855064582204236,193.76453981052757,1.9422292873796805,0
17.325840160635043,169.85583006004342,2.9467186921755095,0
22.444311882185705,213.6432365664178,3.461871070790529,0
20.39979956524696,197.25775725925263,1.8024137878928421,0
21.445287408681004,188.78583585527522,1.3813767253934093,0
18.548392927469255,195.97442980048004,2.340659724074949,0
22.113672858676274,165.95423609943626,1.4573299984104036,0
21.280760308933957,224.27110362532105,2.5373213247566277,0
16.4622393158062,178.4065681646178,1.6965645199078152,0
24.353677510662138,151.84610139613352,2.4961597639462743,0
20.39402813980191,244.3689264109936,2.5426457056924296,0
23.56900048316257,242.05661178304643,1.0056378770569157,0
24.676798799669463,240.4346111281053,1.5926874993894033,0
15.795526223656454,243.45930416725685,3.0534660442171595,0
24.1257309114532,167.8412882887101,2.0162437166855494,0
21.451257436144058,210.59758126457228,2.05893786184967,0
22.10767085265873,196.90474952171667,3.005537010585076,0
23.977265447949463,243.97382920247873,1.904724053372473,0
20.055913062610035,150.93296822068166,2.064507025643351,0
23.08473883116784,186.7598350843098,1.067670635896464,0
24.483702949740817,244.02727792874526,2.9694581787235848,0
21.92924839125398,191.61695720962678,2.8576199007127743,0
24.471243879665835,189.66890392976947,0.946461182828025,0
21.721111658075973,186.13480502498624,1.769328502039642,0
22.00377405908943,195.1426079271377,2.6549487016824074,0
22.84027465580884,246.38025548203436,2.643447241718352,0
21.96054529448967,162.073758246863,0.9845277417475761,0
19.349268904151334,161.08713477942752,1.8087163639867065,0
21.06194740838437,190.6027290086093,1.6086823491375548,0
19.95789579756499,210.9814946667696,2.45417816964489,0
15.87914918545234,225.183304001733,3.0850155972185815,0
20.298512382288912,212.8146338296543,2.2275502900437627,0
24.034308427245453,191.50930312846475,0.84319440906612,0
15.767582048088729,226.07598267339205,2.9799896386180267,0
21.967320736399188,156.0962731828527,3.491307260941028,0
23.76034190922598,229.30672376729308,2.152763568509781,0
23.936399266413723,211.98489281465362,1.5870570901881855,0
21.056291684552182,201.30505006110292,2.6834280546311713,0
24.725890772362334,231.31890361308916,1.9032588529393053,0
16.33919769973339,187.82065192013738,1.066018725008366,0
18.875801621651345,178.1758406873032,3.1586448670706275,0
24.242360541795257,206.35698074094478,3.4567572157237194,0
16.849945751042572,238.85393236917514,1.6689823270423991,0
16.52132317362077,230.20373210965948,1.8901217607009273,0
18.198791331350247,206.91495249219435,1.5262102315808703,0
18.054399841823233,232.11605941553057,2.3917064306838114,0
21.921769325321073,201.38163355185029,2.783065155739112,0
18.68709492090165,249.1866750369602,2.155045756936983,0
24.743273824420687,233.16389697932024,0.5882174151045444,0
19.72796550078979,171.05229200565813,1.4852822321364467,0
18.477583951688363,169.13084547350485,1.8731335597948358,0
20.87547583828808,217.47990904073203,0.5012149157417229,0
15.267668865145646,165.3627364581456,2.6355228390547762,0
17.483321939742286,241.64326064190325,1.0144188023575222,0
24.782178678596583,246.2080320648489,3.2530085348057387,0
19.733519957758272,244.28038771612694,0.670056100758951,0
24.006784641007485,170.08336207308577,2.5659790127875555,0
20.8383172726034,205.92108792900837,3.1438089605178643,0
17.348078155262115,244.71769278414268,2.2744036203568436,0
18.53998609741441,208.82003776133777,0.5207008205382561,0
16.77512133164351,215.45612796883168,2.471681347223278,0
17.581072970760786,234.3131407356402,2.4693123197138456,0
23.5038016661571,248.2016743750341,2.2618310007873275,0
20.989279574696695,229.41245089024704,3.4316766372606935,0
21.82184039028494,156.68561109048346,3.0398697918879263,0
19.559862086699773,202.87731300638507,0.5157390867583239,0
22.52922586025501,224.83808404742106,3.0464374563922405,0
17.457249679258858,151.2449934564874,1.6738845761658374,0
16.019761688457812,238.29687058191934,0.8371364337228788,0
23.185537134041557,211.03810726901338,0.5444595078014869,0
18.67797612858773,151.7023713868268,2.416290443940044,0
21.08150821445113,156.06011728328917,2.549540446242305,0
23.931414602049472,176.05416776001078,2.6727091140738866,0
15.712749050228076,199.07291217900428,2.751650130880179,0
24.320110154633664,186.38881978771593,2.934183031292159,0
15.389497748390392,216.67669426063708,1.9726694288673032,0
21.423605068628095,223.65467769023292,3.244587324096019,0
22.117027084190646,248.04968929418814,1.4010749868320491,0
16.52055269630546,248.44305824695175,1.2106857237510464,0
23.119047936561966,242.3592993766124,2.1926512963909186,0
20.084474851185607,201.92193024305394,1.8994563638647795,0
23.368799172491208,168.9041105569247,1.6823558174658158,0
20.567678151806827,178.757736919831,2.0571330089962423,0
23.011764115621226,241.3280364008038,1.5860708367014205,0
21.426188775878995,216.50183137130415,1.750653438154865,0
17.59494418587169,154.01642490449242,2.015324504913092,0
24.49843628475646,244.90404331073887,0.8893733702909152,0
19.54595687001157,228.84299893052366,3.303927506361261,0
16.553084587304845,247.03261817466904,2.7731654202000264,0
22.345470630826423,150.59139812095748,1.547593961182665,0
18.951720575219642,197.65465080729183,3.283917626348113,0
23.006663597588037,168.3761758300629,1.7833027948274494,0
15.511996138106246,200.17023315124436,3.050507500535967,0
19.657939487193683,231.1918796750212,2.2432076602574966,0
20.083419923365376,239.7058061492483,2.212091741120759,0
21.15854330081654,192.5963151698915,1.7473745833705987,0
15.600687960415604,241.81263726464422,2.294672009836308,0
24.291142949384874,202.10490192568952,1.9736715326858802,0
16.364176003143125,158.51991938601518,2.0207807961266178,0
16.264640790963348,177.6698446032114,1.8264282730876262,0
24.10809881712909,226.08346092068973,3.1008692003883294,0
20.371177536399287,157.84609212594106,1.066218436578045,0
19.97037699181032,164.72316731489954,1.6154718625240698,0
19.749674442321314,245.60850337940985,2.544910300030817,0
23.04890487223701,236.64701916763752,3.009161304363092,0
23.542066124329324,188.9039742850929,2.065279532670538,0
23.204218144505464,159.11705456671913,0.7197900385779239,0
20.38564675102739,245.06573999085094,2.8724378949395883,0
18.78684188287109,224.25215427047675,2.9148835262745623,0
20.330071601754632,231.16476245950145,3.345156606332755,0
23.913952508854578,161.06456962179828,1.1071441605710217,0
24.864528667458035,202.716937580015,1.9167443680708423,0
15.383869649227513,231.13604036826771,2.070285141845454,0
23.427163177192234,248.6137602284606,1.6286307227716965,0
16.73318249092221,158.46256590498447,1.8738935149580978,0
15.240703548224257,197.79373834806276,3.333983967717341,0
17.487248187548605,168.76642182327373,1.9267032071935506,0
15.651653858186496,243.33438018886193,3.3285208471316583,0
23.68247832612142,152.07644582976107,1.227675225656603,0
21.301818770514043,152.65199644177977,2.96660632185222,0
17.918988031996268,231.38666659225427,0.5346785352119705,0
21.70211413996312,242.27262162124168,2.8737460607477847,0
24.476096257914563,247.12495245637166,2.6084406163595224,0
16.898049577964382,190.73935471946305,0.7838006277837694,0
20.623445957327,179.8813963196734,2.903244602148055,0
21.314362919245358,166.3055715600142,0.6381179292310056,0
22.207858477312136,215.36704789582552,2.861347985652275,0
20.987186222469088,218.40378128768165,3.1525409939938154,0
19.398474238908378,169.47898279936362,1.1528891665627035,0
17.118518683586565,208.58805987336498,2.6403079210228717,0
20.08821104947939,199.28393883305105,3.236435238420845,0
21.848302950784113,199.70086063431015,3.083449105104391,0
22.49545342580353,212.6865186056134,1.693831502827055,0
16.701987480160092,242.03833879013754,3.336956725086409,0
21.04278123094273,246.4057006992462,1.5310138199478636,0
20.814552617357496,183.48943461408373,2.1899667724702416,0
15.188787587852035,168.44032691750692,2.448666609242717,0
15.25653876940362,208.31094723940748,2.654515301898634,0
24.916822298050924,231.051943908826,3.288790541586201,0
15.132188326655383,172.29440267278892,2.2876719163080037,0
19.35067956596895,200.90035906628282,0.5933932032641989,0
24.407014484220568,231.96065962309757,3.168846492689421,0
24.086286778964926,175.4099461028938,1.8619432300544194,0
21.22307026502503,163.03145009790592,1.7376190855249205,0
17.239595033663427,243.96508299579818,2.201871600832109,0
15.307519635755792,156.7100856077526,2.727891000336514,0
17.137337216007484,179.5658161568852,0.5603526529895537,0
17.12959663016173,189.4725883395223,2.7605537522923944,0
17.559043418489903,168.16830352916088,1.8714416216151775,0
22.930955061738043,214.85069302252836,1.8007750360082513,0
21.36870178645206,167.54974932172064,2.1500493915624377,0
20.973199345744092,211.87640260858439,1.7163004153215362,0
22.066947978166915,171.15346023232405,2.0191930277118995,0
17.950786584536637,225.02856321065443,2.7205960448085538,0
19.570218985613106,164.25411138918787,1.7103926518705421,0
21.530739261989194,213.88626548090468,1.1818479423730117,0
15.856839957923846,170.94907766887843,2.9894914391960477,0
23.259501065469415,173.9958526027361,2.107724784927007,0
22.114863732553104,206.97836323055054,2.832361095996931,0
22.73636256470464,180.09615260238692,0.6890297379194757,0
16.19644305302408,234.94620959934335,2.8753148111240288,0
20.397066106365425,248.96891051014518,3.1510324032942085,0
15.64325834068525,185.7716959376977,1.1911631211668359,0
16.77698054859817,172.58801896668282,2.2592349376953518,0
22.935741933525236,156.18446804934567,2.981367550378045,0
17.023909143051863,223.1578137846367,1.6742858402662164,0
23.407147202680925,173.0053989766273,2.6183174536601572,0
20.49877288552507,164.0964473253109,2.2278234064157063,0
24.89205542028248,171.35671966438372,1.2638488764035318,0
23.62059684837794,155.73042127495688,3.058451360130483,0
18.35525278166947,245.82142374514967,1.925279913898362,0
16.10716877335753,165.69157410273084,0.5305713904001225,0
21.90035811637632,199.1066389244445,3.3335764460211452,0
16.093805868803322,239.34033363554926,1.4154874876213865,0
20.198671589200874,210.44341666795293,2.1055238562611587,0
21.038419702242358,168.6604364564571,0.5706638952437065,0
19.484604072015692,220.36691317916018,2.1505063184304225,0
24.742151779988525,233.76416463011918,2.7144111354976017,0
22.520917437692606,237.69090560073724,1.5860160354210104,0
22.517393846463968,228.58363646305114,1.7212742387973186,0
22.044767824159408,182.82086742802784,0.7360791846319378,0
22.851434845395495,228.02036314397654,0.6756456753588794,0
24.91974267035836,178.42039670655083,2.653615856163737,0
23.816364719666524,167.98869258044866,1.7015259539921814,0
23.920287440369577,195.11605034645422,2.251749748925234,0
23.98363542150638,161.28992889847206,1.082177776763805,0
23.838055131366716,173.44296650312458,2.8254412610581925,0
19.050592536999368,208.44214036121804,0.949881011291253,0
15.649310425353864,207.75268665044686,0.6858238477671762,0
24.129000417497043,177.98143377464496,2.7266195893317144,0
19.933945112906883,241.24320286964635,0.7293103074439284,0
16.310406907373242,224.23126387681938,1.3308307899788896,0
22.634427917089766,162.8080442052943,2.103044661473518,0
17.928731202291807,216.95138413731786,3.4154070263925425,0
16.998546081883898,237.36653941534638,1.4587168316385852,0
16.177143906926823,230.24949492942324,1.8642404550773959,0
18.32556531957048,220.74612511509127,3.2164123570092094,0
20.909001655584678,182.07142003796727,2.5071762527180743,0
24.96910602638551,248.19617252412735,2.340671123348082,0
23.48350175282637,150.90078939422511,3.2919642170292347,0
20.078355421493676,154.54238189396185,1.6212581587100423,0
17.489012739907402,186.35123831042733,3.4160069836105276,0
23.131558466483988,246.98084884519346,1.0274620848455491,0
17.04551475303824,158.1570519017609,1.3131479902543064,0
15.30280522867162,237.75686914378488,2.244989506962905,0
21.905526415348838,186.34755950327798,1.5349208719959362,0
18.30191446610666,230.55397502637044,1.4870403781104617,0
23.35999761499628,226.26693691062871,0.9226121306546096,0
18.45663597601346,200.8550447894309,0.5806984533005666,0
15.38057555563832,159.0895915423912,2.7008043394742867,0
15.450607963145238,199.1368472029252,2.0901241183908987,0
23.165033007822693,201.46269737909788,1.0191056253557838,0
20.82032560055071,233.95509623414466,1.2374540646317547,0
15.36008362367426,165.84722280648387,1.8529980869740483,0
20.223602657562786,201.61150859241275,3.0277470793926047,0
23.48895096529011,219.78158322928113,0.8319580431520851,0
21.51995753807455,207.83022704963847,3.2970330223023794,0
15.926624135333377,180.51067821828116,2.0768270146042793,0
15.695529815708635,242.5061163806704,0.9570751150831808,0
19.71814773310024,181.92828436509754,1.7202936418050443,0
20.28417030009686,163.53103572421418,1.2460852037975023,0
17.545470436300278,208.14346206842777,2.260085443516255,0
16.61676057254266,190.17532793590883,1.5559069046101912,0
17.668662037059416,225.3212412374202,1.3028845673145186,0
24.323718853261134,172.75612225350648,3.399666193466368,0
24.788587905551523,211.47829421463567,1.955608412253882,0
20.103600202472453,236.43410262361294,0.7372904939844938,0
24.419381449944545,235.0035440845697,1.4762710599454585,0
18.792411891228898,163.63276355059998,1.0945117329777703,0
19.21022951792592,226.82215715468192,2.05134081169255,0
16.253436757862918,156.8151308520773,3.1912961372889876,0
15.785787583795612,154.72606140276753,0.9684701406665336,0
17.753863574058055,238.35319970136032,1.7050394429769258,0
20.761779059715224,234.19719456165797,0.7053991084371631,0
19.223356380145955,157.14290015916453,1.3229841599138392,0
22.694123941129,213.60923495074636,2.706128190178822,0
15.540523536278862,198.57483044555917,2.049448969302275,0
19.39232818170924,197.64740446060912,1.0600707531189344,0
19.13480539046128,198.39166141597022,2.59830045050208,0
16.86176296374982,204.8113166006055,2.9304422115133693,0
19.81712983874822,214.24925258615997,2.8197787485084955,0
24.832285530444633,223.1005848191659,1.77115054652368,0
21.031893450903837,186.32047422877432,1.9176292978259921,0
16.45289535103518,160.2139732636706,0.9024022898634305,0
20.559063649143,224.74458379267242,2.5227638650435362,0
17.884739831209384,204.19266079174372,0.5593300327745897,0
15.024004240912445,210.57882781754262,0.5183964035438334,0
19.498911516450285,198.58984634149598,1.8130951639673114,0
15.114787373196638,186.4823971285349,2.2561151850917547,0
17.4726821255412,199.00390621567578,2.9823806745365493,0
16.793685868410233,166.9207212129119,3.219982023390342,0
19.68947885841492,202.5988519477072,3.0093477616057656,0
22.817286333271277,154.4498768490413,0.7853931099622242,0
22.813373998758088,174.5922636930237,3.3184322014097285,0
20.757259168820408,200.84562551587342,0.9907700355496306,0
21.905184462325806,152.33565137382737,1.0499567481445178,0
20.39580964094661,219.16265783603643,3.1039570614148504,0
21.163169839467223,226.9473596272203,2.4298213881508373,0
20.84860153341107,222.55408704226176,2.3137087533218357,0
19.750931628658297,209.302632982587,1.9883446604525545,0
22.858881980857824,209.87219667799224,2.9018283924179764,0
16.859196770216304,220.46398767160076,3.0148499631500396,0
19.567837563632033,224.7968052877916,2.641354936807347,0
20.201084940300895,217.28503815708598,2.283356669498043,0
18.900713497192537,190.52395882032062,0.5098624386275739,0
20.88133211406863,211.21373426336888,2.7421660240422905,0
20.9122862579326,164.42090452125527,2.899471988204186,0
22.19365711619446,229.11115974807092,1.9215454132579834,0
23.353137986312735,197.36758391209452,1.2770377300606937,0
20.451193763717274,218.5785033047061,0.7212985978943723,0
19.33876144464962,188.73033248257752,2.961404127993097,0
22.272675746299775,203.71521087786743,0.653276744483345,0
19.549350475126346,188.3133046710907,1.4607006856600522,0
15.790764854234485,248.21194711240355,1.0964499028779664,0
21.656168506311978,196.99695877635452,1.6271131594837813,0
23.71060945709967,209.49963785449495,1.1880512142276596,0
16.34053996754459,247.77936365701214,1.050125466733555,0
23.82212699538519,212.8761320294047,0.6157082779363713,0
16.367214286773187,164.23532012601754,1.9714991425399773,0
20.62301707473055,232.74401968388287,0.700423996990487,0
20.22762255372153,234.72544047908266,1.4280539430221393,0
20.920249087841533,191.4627110271628,2.714694383539063,0
20.53192844584857,213.90111409071343,1.79281207595021,0
24.55174224762423,153.52643742070998,2.4119710672325625,0
24.353555825630785,160.52325754600196,2.655867339528471,0
21.239062340680867,199.106373287272,2.4168635429492733,0
21.938515877548966,223.90585613679937,2.748855116693133,0
20.151012318448004,154.75092724119324,2.951914191588645,0
17.437616763307886,238.89640631609478,1.645006710763434,0
15.504895381465756,215.825582465458,2.342855381411585,0
16.840494296045243,198.88256075132944,1.813031100669047,0
20.678142869052568,229.72883004263446,1.7515496787383356,0
23.666044320777154,212.17408243626244,0.7285433821465439,0
23.12157324897613,196.56592944887512,3.115239670108515,0
17.96070427638896,198.40642464965276,3.3199013734148357,0
21.720975684478077,234.44940719389945,1.679810721579447,0
16.6578127297493,176.99258536460346,0.9474929648825744,0
22.703235888255495,233.3101316268398,1.8783212545033374,0
21.43888741387328,235.216755943983,2.026240293361184,0
15.53975302590336,168.34697140889594,0.7998767495947285,0
18.744266039936143,174.59328512570698,3.0244336551451485,0
21.700122202446206,213.9470993328496,1.6074264429452576,0
18.961484761831002,226.0555791079077,0.5200250467491419,0
15.960490839752648,190.64120046444003,2.716464879675867,0
24.09597316427835,228.183286785782,3.4776799312075006,0
18.329809474568425,242.88275770151097,1.5623774724879307,0
21.00194350069423,216.64557821057588,1.4592534225140903,0
19.465131698897373,175.09245107293964,1.264208292789724,0
15.6127194290073,169.47116553794757,2.6175419209272697,0
22.04971020874252,231.7507492806855,2.228392534004924,0
21.76557193066658,236.3048861632643,3.495394152567861,0
18.2957065956039,228.77477043446794,2.483684206752354,0
24.32260083093848,217.09013092322596,1.8686844364197355,0
18.928785628924004,207.57855980786118,0.699651949917677,0
17.1657691653171,244.22760094034243,2.4792377089098587,0
18.54702458019641,219.08491043333356,3.3793445614259103,0
23.90336121039953,163.68443320850318,1.6931381608110767,0
22.43911672006292,220.19390182191498,1.9373503937351937,0
15.38976154581269,157.16728527789266,1.5486087718854673,0
17.17022745370388,167.66573746854272,2.3095115484777717,0
17.367104109692985,205.6908872810012,2.9311852111621914,0
24.938949968442024,216.53037422366313,2.4251629035610756,0
24.231462889280614,182.21734456991302,1.63399118132005,0
23.41399394592453,225.48648774536846,2.5056358934875775,0
20.076376852972558,195.34960273465336,0.5665535182311794,0
20.211602698668948,205.86995945705561,3.4700676532763017,0
23.304606471994234,212.98578234463028,2.7468746064132623,0
15.605293989884236,187.1402727685216,2.326971626450082,0
17.662939385453658,152.073137743648,1.1281131610839947,0
16.703991854346302,226.50681669906618,1.1495310864644979,0
16.300812850016243,218.62960407074323,2.908360888665787,0
18.382606059014993,222.70714416582308,2.616463750503847,0
17.414197550668774,227.5586191619809,1.2655185259202693,0
23.378390405647764,180.39403614591157,1.34709382407415,0
16.14377691877121,191.9302405511866,0.6729020252767612,0
17.033778341567302,236.7499285644045,0.9910558757412208,0
20.794405010887253,212.93418528948848,2.312438937152703,0
22.763736768945076,223.9314442065316,2.950754140480435,0
20.844387364653436,188.0226079292427,1.388824076081273,0
17.885507276155693,164.16989550477365,1.6219846332212104,0
21.408561239783737,220.66811431667608,1.2430072312677833,0
22.685089186161726,239.9966899452897,3.2100107989002815,0
23.201621889847406,204.34679714939924,3.342290775657923,0
22.136447822107392,215.02916481182308,2.6490672671724296,0
21.523666383067603,160.2719219757518,0.9449889812183968,0
23.07775999624131,230.70563198971226,3.433547289934179,0
17.91308047586505,228.9062486918354,1.9366924342065248,0
23.42739562725874,222.75223766014983,2.76022211057498,0
22.395295167346305,249.977101607846,2.890409592058891,0
21.072012596575924,180.09769790760313,1.5886387133976307,0
21.045137752669323,231.61633983331214,1.5106224794714436,0
19.019329953303224,151.5339314647142,2.84921551474624,0
15.143752464515323,234.55304482714013,1.850459575705698,0
20.77029152229202,222.51609166448696,1.9410045075129347,0
15.422634789337945,172.38927102913965,0.9624885783352031,0
18.769978393982456,232.68119700864276,3.3856684232794914,0
15.786416629744657,207.21853233419552,1.6674629588535985,0
17.194711049142086,188.78251474863038,0.56577933210204,0
24.197757943929545,179.0577315780152,2.639214442582473,0
16.84276792928022,167.7175549616373,1.0258571107067063,0
18.070203067915813,219.0464583096961,2.3632301916268617,0
18.75220164133083,181.10181777310683,1.909691219930171,0
15.239207303525752,240.9355782432811,0.8802702681801396,0
21.178679646963317,212.24771931556768,3.306610389430143,0
24.165741638533447,155.51300370556072,2.619299271649738,0
15.795606551935702,154.50533824467348,1.8464426285176054,0
22.25285041692698,189.81171942300682,2.653303631632704,0
24.664636534528714,241.8935510957332,2.4549747853315442,0
16.942907475781666,178.98103725900492,1.109187490879016,0
23.147537131096257,166.4550462857012,2.95214965303518,0
15.424899773283931,228.11542101520422,2.540763977248499,0
23.22917622628355,236.19641604323155,2.8306387873082315,0
23.804876895740765,186.01466691996188,0.9321415631002352,0
24.2558396465368,188.26239269055435,1.665614109597136,0
18.140527734251698,235.2336394185482,1.6746417482986906,0
18.721761025971862,178.467205868706,2.02071413931404,0
20.213348723779482,185.86854116912116,1.5335434991167654,0
24.109719794460673,172.9507406297683,3.4318218440869,0
19.245288043429404,157.26745609793056,2.6900664413687037,0
20.687506517412864,200.6215285760293,0.6256864493195464,0
15.927531673894094,239.7790566061846,2.6125986624191526,0
21.202217949627386,207.28078288917874,2.569915627404325,0
23.95558659839535,244.84707257193946,1.4599142222878148,0
15.68990426909733,177.52304926025266,0.5234005633793912,0
17.880990753216615,229.78170283477,2.5355151274251018,0
15.548163719329349,229.86083386342654,1.6361178246980588,0
15.198721306119696,246.20490549796648,0.7357859252592391,0
22.666829917955948,240.32825687282957,3.001976039366722,0
16.595556960372225,152.96340008145773,0.5383189793909583,0
23.521726924360827,243.57077318865464,1.20141497890996,0
18.26981087826151,207.25496656448288,2.884913630191576,0
16.529158089861603,247.89385164645353,1.2928748667861558,0
17.19971163658296,158.57600937285798,3.36364874004143,0
17.61288900234562,213.07615386145062,1.8912168118429622,0
24.74112109111153,226.75166370894485,2.8529512387453106,0
19.680529772604267,164.0191905706074,0.6696153245936833,0
22.77860658528614,161.8561796674424,1.2315059060933118,0
21.666474803042714,168.04681790367425,2.6112985904072925,0
15.806847372038773,160.97878980128945,0.6738223547906698,0
17.59428260975516,189.477619342963,1.4560046915261884,0
19.815024624050665,238.90454084276,0.5874703691674145,0
18.075850293361036,202.61451013932728,2.3867052651598963,0
24.26528349669252,218.7813941395745,1.6571133267074467,0
19.85327194121937,214.38843524132864,2.1870819599634923,0
16.813292195084372,151.86549924856917,1.2064813049619203,0
15.593611336724845,248.61665279808193,2.5411899165907954,0
16.499443227341967,177.62028339705938,1.0327376592883968,0
17.52356588261908,204.9240299637124,1.765805680822019,0
21.417585581037653,177.71661934595357,1.0692258477968208,0
24.860097779062205,170.16975469314883,1.7206050216525344,0
17.22312796178061,247.76441350872332,1.0577947058220332,0
17.700658689128513,213.73100500007106,2.9841669048623394,0
18.638488459387265,240.75277715358376,1.688531027703582,0
21.03150818714574,239.804634951166,0.690148089674013,0
21.47710271892846,183.0004463825132,2.6285530485955957,0
20.82086607025493,201.7759855126808,0.7883142910511004,0
22.14535146942621,242.2191858378693,3.022113964520819,0
19.77427676119661,164.8168795064941,1.797239328600495,0
24.86903565761383,176.08514638063636,3.2201819415526645,0
24.83149701203815,224.1345825923592,1.5563440872051595,0
15.583710373537533,183.19921619720623,2.3451560404799894,0
19.791653106935286,192.9263025517619,1.3732385759702106,0
18.88042084388922,215.4098880286153,1.6597440645188404,0
17.595723430142414,177.12976537461265,1.0366287519536375,0
21.663393910268585,187.74899928474855,2.8580541907792707,0
15.626318114252923,245.8643451097612,1.5168516800160932,0
21.534041803552768,208.01294807648793,3.28432429655692,0
21.812680467224816,160.1491516393438,1.2685508408929134,0
15.487812975623465,246.73997473127352,2.0879093010390966,0
24.569169910416427,193.55784526758023,1.0529983710894495,0
23.50296308146471,219.0728561410814,1.7359753179493078,0
15.748065785866554,225.30511834184585,3.3371269195579703,0
21.812836587956763,208.70195552643173,2.381033564462216,0
16.223334889294613,177.5416031547923,3.450959556985278,0
24.274303337919697,152.6445327578326,1.6730722222215466,0
17.083672898678678,160.86065519718204,0.9676768782324842,0
16.059251572890005,203.33055583803497,2.2964892249681723,0
15.66972648618804,208.73702507569053,1.3219907823124273,0
16.404738021410445,244.59923174230227,2.9052450849898634,0
17.710384106164824,227.17170088903967,3.1086015999020042,0
19.40280466692912,220.88647311861854,0.6312641368965672,0
21.20847161385844,172.64011148609848,2.644471688585588,0
21.74524545149269,230.5783530235069,2.2088109074387434,0
15.179204032875601,157.77157019433835,0.9624329698859178,0
22.195968113265465,224.90523549507026,1.220720503002065,0
19.11622475496268,230.05149095676106,3.0487026627328797,0
16.404366992570463,214.0853610736288,0.5511787483151145,0
20.40842772762926,194.1788606890142,2.342239864352431,0
16.649090877343383,198.79907442263652,3.169523165035751,0
24.22018058369366,200.92451293284242,2.4550858959194026,0
19.609888127179417,210.48048679120322,0.9636946124313034,0
19.43686276580231,221.5796182777426,1.5613215229773632,0
19.16203673362375,175.10075247637258,1.7424026049888974,0
22.994136925148887,211.17526562427375,2.125346089230474,0
17.383266527687972,211.60089585935648,2.4649069012582387,0
20.819304654209688,240.25884130947568,2.378299388671989,0
23.470326225192164,219.89035623444184,2.2059775409269853,0
16.103236794276363,205.10483867257577,0.8201164418801224,0
15.77824803475503,188.8636085983571,2.0340918712353657,0
17.47380655348321,167.27234225956266,3.009984138326192,0
22.26180901252829,177.8954856849734,3.151125162392499,0
21.772648130121325,226.34205988600814,2.0253309699025848,0
19.28375149395758,152.5795113325052,1.156108394094695,0
20.041827377555787,160.88294712880295,0.5414887600024454,0
21.883172892832743,197.37172493612235,2.7102737084673407,0
16.34138485381842,156.2510842945833,2.0643526049091414,0
20.936793843654552,193.91631442601465,2.3464002006170914,0
19.599111109642173,153.8714941230208,1.707163153011659,0
18.77360758010376,153.17461204177198,2.6397350644513007,0
24.108797872109356,172.66654322876428,2.143374102119153,0
18.02443404110139,215.50167846789333,1.366954236178584,0
16.28278103259011,190.27287538657558,2.2465107640402415,0
23.72188901835996,233.9767749696186,3.321892155736421,0
24.592380475868744,238.29490122387497,1.1368463708195864,0
23.381529370280077,151.49736329370842,3.3133089987363182,0
21.4266074330611,199.25433311882094,1.9231945753273154,0
22.910530692138778,168.59197111265718,1.9105466459732692,0
23.253510171558844,235.55476537280316,2.58877664721584,0
23.801471229304262,151.61270261096547,1.5783870061493732,0
18.36120434166263,233.4173573204625,1.4939084997663552,0
22.89965812374032,227.3380122125403,0.7306993301156123,0
21.40668811426897,173.42684756856522,1.1866595421131572,0
22.730681767199187,151.18297129546374,1.187518830766313,0
19.4947372915426,241.16427750479755,1.4685487602075356,0
24.34993394998998,218.40580085741306,3.2476965394499593,0
24.523051812652703,174.1043465784851,1.2253083879608893,0
18.98236038224782,197.3207556551946,3.261100669518583,0
15.04221930466416,150.41608705735405,1.6113540367201917,0
24.609074526911527,238.3756686398945,1.3335002926619588,0
17.0282499753077,193.93211384136885,1.1844918786785636,0
15.81323538810107,167.59083826231176,1.899520049611994,0
16.06891852479299,207.93313992739184,1.27939516534305,0
23.052096172847317,205.40123233249966,1.5053486665587008,0
17.239820801537416,170.47494051129635,1.097951747854959,0
16.323028063401612,186.53646902271953,2.1455549825685987,0
15.620351919080402,212.8725270105316,3.3066947129789535,0
16.374551350457377,237.5038424110574,2.7659643457024026,0
18.605407885664544,167.6120250123264,2.173131015696787,0
24.294590008787484,188.06608006893887,1.2354935279884602,0
22.73047725633493,225.23155261065494,3.358174889498031,0
19.314809996686556,221.86335869772077,2.80221378599337,0
17.8623101173157,207.46795994990453,3.146929444569897,0
16.684196526658017,196.64581186124968,3.463543865928518,0
16.23332446421507,239.21017616650687,2.5507221256249686,0
24.89029131566386,209.45603041013283,1.5563052022708697,0
16.811928677740013,217.97014829855533,0.9916134821515054,0
20.68108938802804,152.52933751066,0.596725041739549,0
20.287889574811757,160.4991595928421,1.6464512615747646,0
22.67447302519906,199.33999151507288,2.6888714656010295,0
21.595814175107215,242.38512295392547,0.7602660670576227,0
23.352863878031286,173.40308653055484,0.9611801372438993,0
15.518900923084257,157.69985973135232,2.34513021365683,0
20.261793181857037,183.0571652122646,2.5999105177246276,0
22.318284310656093,204.55975000731354,3.053485658007835,0
24.42054306654436,175.4835309191593,1.836824152342909,0
17.534943695241655,226.49582575072037,2.6419306505485864,0
17.5369955191256,223.500727335878,1.0607600211128871,0
19.084685725823526,160.18135741312534,1.2966092449681739,0
19.29218231589603,170.5760182377826,2.719793270390361,0
19.24159013197048,181.56983348189928,0.6649883844079896,0
23.822510214744714,225.07232347386054,3.179221822073471,0
17.794342512548823,162.2240481849106,1.2600909522661525,0
17.003791907496247,214.42740408802362,1.6575674321445473,0
20.244379698051294,221.30775280535102,0.690182014893414,0
21.850601814055306,203.19498054148437,1.9424962412698088,0
24.946721794703368,188.00765239863458,1.0501145116422939,0
24.95453244559017,170.12457029623977,1.067184670199846,0
20.55940649959677,182.1830102367088,2.5629000813720286,0
20.821576990423562,194.38948529843694,2.9262170142335964,0
16.896421979477456,225.11148005159447,0.6693974495541418,0
21.565656086857423,205.23182579606612,2.7609985302420212,0
22.139084450314968,240.43056841627606,1.7816281092926087,0
22.9737940509236,166.51174522524346,1.6033076169735723,0
23.420984659522137,220.65898930460835,1.4281837098666508,0
15.467908837461872,222.61416816056783,2.707315670352955,0
17.15694623604536,217.80116527195116,1.593681363955632,0
15.066055941355787,193.2446790416642,0.8267866687677882,0
18.04527484297588,161.53923778623027,3.071181664347388,0
15.775177773004206,235.5123997054193,3.448199562295381,0
19.139744308995123,193.15030127522888,2.4945994314791493,0
18.46784263308484,245.28147221304357,2.653436722383162,0
17.251555131516188,246.7444716190565,2.464591362097085,0
15.639361778774656,235.84741821963092,2.536400112273655,0
17.68010843929162,204.50518719244238,1.1706767763181452,0
16.54344611415269,248.81937925692785,0.8413832857134622,0
16.016888425278946,213.7823903719449,0.8150117471770437,0
18.864604571932787,152.7089510563364,3.184780086520884,0
16.380613614640346,222.76717784034065,1.143062027394349,0
21.641088372831536,219.67825683392664,3.192829792607498,0
16.093140769750814,233.06642367827232,0.5765372903615056,0
17.256121188351322,203.39104618391457,0.5497669444621233,0
23.704279624704267,205.87018781964966,1.4813083937292926,0
15.550769019722647,154.11508215552053,1.2475891575477687,0
15.045439397688927,190.33313459529512,1.0193253114464995,0
18.700954768442813,168.16293389497758,1.569499434961168,0
24.896034314376763,179.01662182543961,1.8457978895868332,0
23.215488595463576,225.410115402228,1.058588654077639,0
17.356061912648237,220.7843998137139,2.370106013852887,0
23.678419167356235,194.98113368021723,2.3450263674510525,0
17.17339749571232,154.28613404691896,3.4305929724091326,0
20.029132332662577,249.1565279734503,0.9539254951686802,0
17.36699830505558,193.74776249129837,3.4662351861613967,0
18.539946596045365,157.49012309716295,3.2028876958548596,0
16.878131194215594,214.76454735943204,2.1450463193888347,0
19.168598792348586,215.76591339286836,2.0166247234953794,0
20.3893557464015,239.61394717326513,3.4393998564612467,0
20.845155586006477,226.97521893778202,3.4235550996726825,0
24.532119542845642,212.3495358272152,2.5459831676177442,0
21.14970562233526,224.59830996440814,2.643735407589968,0
24.12448612399014,207.29111361090756,2.690475331666928,0
24.895095916456974,247.96478376238844,3.3221427670102375,0
21.331317190266425,219.94466505110057,2.394189734295595,0
23.001977465513384,220.82863548423765,1.5036028183710506,0
24.77351365098813,172.64139541655538,2.612491117139921,0
19.389575331407492,229.202317827115,1.9564229688927854,0
17.842312561990255,170.12500906529502,3.3697679341556475,0
15.271686652846167,216.06619864148792,2.113232582041432,0
18.169164536007823,183.07950330414747,2.366013759459295,0
23.427705995185374,227.72886150342566,3.250002509621252,0
16.285965689215022,172.7023237119614,1.9221847866875794,0
19.96687421813444,234.78290327331916,3.1777830693801423,0
22.491940996605546,241.162472889424,2.5891198852287114,0
17.928709746702076,158.86274614555703,2.673169386529006,0
18.197108084574193,170.65145135454964,3.396585331015216,0
21.219808632629977,226.60268692895508,3.4633273021692084,0
20.17437202012511,178.2032990480019,2.403502659868188,0
20.05868795138727,170.28996651935336,2.573662269601557,0
16.482980307601693,203.3878769480907,1.4400124580966396,0
22.266179419515115,162.90549259926925,1.9572721486513016,0
20.428908809802156,180.41543790107184,2.488430417062916,0
21.932525481844387,153.29816190234305,1.6124011426985858,0
17.415980728114096,235.61287321773148,2.3828344091976814,0
15.91630460452729,152.01714542644294,1.4862613375590292,0
21.942710973570104,244.02956567408506,3.06517564436805,0
16.007183502215895,160.72536680882297,1.5803613475331382,0
17.806376776693202,243.99495913035284,2.673046090939896,0
22.85328335603757,176.7980362555728,1.1381360066348916,0
23.1761104248952,228.68087292309357,0.5668444720065023,0
16.85636202943227,230.06634684302043,2.2443941796218887,0
22.793493746449897,189.27900785500515,1.440994895009862,0
17.59303232128509,162.3358564404501,0.6386587373396875,0
22.97483379128127,158.47095365110334,1.6170435838101818,0
23.494071230753754,241.1541594977759,3.429231772426704,0
19.892033527138196,192.18918975246663,1.4492454639862538,0
23.532337420618557,154.3058248164517,3.42321086555818,0
22.25235521605846,164.18465384661062,3.2201620526772636,0
16.507913427732277,152.64109457413434,3.3321379823437014,0
22.25629698801156,189.6251917053815,1.5407933658742312,0
15.375022983970213,167.15787551251103,3.120060777977428,0
20.31267002146457,212.41896819463557,1.9706774675215937,0
21.53640222174019,163.29903606833415,1.6414547261375991,0
16.573952729375847,163.9919303788377,3.242820855144244,0
19.908347484456222,179.60424542453092,0.6148590491050723,0
16.326322124939367,219.25666136350168,2.9611900293656137,0
16.18927749880394,153.8049915102554,0.5343830103403328,0
16.59775560334333,221.9620021631331,0.5295348422251988,0
16.227496501741275,205.96695110613734,3.1366672377615816,0
23.54998300353074,172.61773779372612,2.836825996164202,0
23.99813228889324,167.0081906735007,2.46386211736064,0
21.91402755935864,168.98412162071597,2.99881273408816,0
21.69529510758668,200.55014423704344,0.7353441300277858,0
17.080626236322985,169.97069315743587,1.2908023983950265,0
24.103102749097904,184.03493734834035,1.2914905114299344,0
18.22658886804765,183.3916251744788,1.478966440280221,0
22.907743534549926,221.07761855855688,0.7701581216247273,0
15.32336269975843,208.1984399612342,1.6708022515898673,0
20.706070674730558,214.95566375184012,0.6522684994341794,0
16.02413437676128,166.0890682155809,1.982636626053558,0
15.096570684162991,168.3137646126477,0.5756487884288989,0
23.500343186597675,211.29755175476487,1.0997640178863035,0
17.26935739542239,226.86993706565278,3.438576386337096,0
18.451372673721714,152.57763722030572,3.0456555501457356,0
15.490936246623718,157.15911922306347,1.173098553833348,0
21.49629728376969,230.73288396769442,1.6516426809609075,0
22.51412349787702,227.02862091463186,2.5821154534576536,0
22.595170817694534,174.73139526678727,2.560342396996857,0
20.81833446229819,165.90956167201034,3.463938688904554,0
15.434215667811834,169.07614034225423,1.9343809616522392,0
17.837723427357137,248.25146157833146,2.7931562262522434,0
16.54096260938003,154.31383736414818,0.7267891502816,0
16.124772913387158,225.44463268865474,0.5562653074548831,0
21.231139161262753,163.14385777823125,1.6396737307598972,0
18.411105366069172,204.99425790804443,1.9203785923100418,0
17.152996483058036,173.44306992474836,1.6354731085843102,0
23.061507483246334,219.74081980588295,3.4029562776360285,0
15.65366741356647,181.33767674087838,0.8680830961976775,0
16.475294511046425,243.55845967142338,3.171149570906124,0
24.226929856592974,186.4684720922936,2.3342254139484133,0
19.538526047344654,156.19135782827365,1.0744287719611156,0
22.64845700652387,193.6745020077605,1.9278982991222482,0
19.26168814026979,229.0929240876597,1.6120213276371222,0
16.030241300981086,212.84776420853842,1.8841116331852905,0
22.942379585403312,214.1833434712634,3.4166621584393746,0
21.97725201749312,245.30753620102604,1.86181412379326,0
17.894925201031903,212.92321392636188,2.669704603506687,0
20.17056258100009,204.4524120516865,0.8992517566173206,0
18.97518970952087,207.77546903672206,0.7561896588365129,0
18.740452421114348,187.03132723315366,2.4180272782253502,0
19.33619178387366,218.6261925660395,2.71313877601215,0
21.26316985009172,196.08524279766,1.8926665020843139,0
23.71481357208173,231.31931349460703,0.6162178085755681,0
15.344170031257498,207.23185654948855,1.645744465653936,0
15.185855615340767,210.37284571748543,0.9556528038263475,0
16.835655316980052,161.19683809335274,1.6245728944199362,0
21.98646416514197,197.78251552487848,2.292793077041054,0
15.355577828330572,198.8699408279101,1.0404758354678278,0
15.335163086673194,227.52238320850134,2.4989604292250416,0
16.911823792449322,179.4713531569049,2.3316729134886183,0
23.32232772069811,197.3985396924974,1.449243155836518,0
16.572194776844917,168.77442511716055,1.5783855034789662,0
16.4424707075751,225.0606922405976,2.4408845069415834,0
24.43876332541881,245.4234210817308,1.0880625361259386,0
17.819804977300013,238.1236335673766,0.9290365285163095,0
24.201404630017027,202.5034705623835,3.4542633460350096,0
17.659181343364416,163.33586970184336,0.8626495924726242,0
16.951045918842926,204.176536009313,1.914609372095545,0
16.86078725938689,164.08597633600363,2.9855936117179267,0
21.907836878795123,224.8581814930605,1.5306839687147362,0
21.473078068999317,246.75494739889442,1.2707128731082618,0
16.773134690820452,178.40178085447985,1.8954185965069308,0
19.788594069895538,241.68974414610216,3.141819904184495,0
24.564645835307275,162.41106322828375,2.6519653006897883,0
24.79964313411018,187.81608461308844,1.0226425092648972,0
18.751343713555226,228.5317179679114,0.7940671104897606,0
17.178414961531093,175.87940206183254,3.1656906812948344,0
22.66562162401602,199.7198822853639,1.2349382084867042,0
18.701908829547804,167.5098271920278,2.895254728789901,0
23.56532991912651,171.42050145082547,3.0913230716631115,0
19.81027040368146,150.46201704303718,3.281260611906563,0
20.2850685375454,175.7457767533164,1.930094869374706,0
21.291968542871217,151.34888936772919,0.9935074321926892,0
24.129128531504524,151.65166213438238,3.3191652168740635,0
18.81970860292722,168.8880763315118,1.4666757992273842,0
24.241382795306276,185.4258680286814,3.287877464449914,0
19.57706865107365,150.77527092368783,3.249320751981428,0
23.583240318462146,198.79830586751555,2.999736002623944,0
18.211430633797363,210.16556572773374,3.336057058754215,0
19.18455655431523,155.12404828174402,1.2148305446028558,0
23.94480943888818,202.08027646362657,1.423333547177743,0
22.177514967625815,238.9533482982308,2.8187596471636756,0
19.492706116369817,182.4530928170476,2.0152793565681932,0
24.55029947055982,174.46325320644382,1.1728067005193326,0
20.96468338309166,193.14847577054135,0.6224900261160341,0
24.59486734572652,207.8654378949832,2.1964674918074585,0
21.66480143259223,164.50208246633412,2.4082013984758297,0
19.518343482571527,216.33388074629977,1.6923199364285686,0
21.27142075920441,233.8636691349101,1.2268046519116576,0
15.205622824670554,198.68993175341632,0.6706291219859263,0
21.354616384770758,159.22700386086143,1.5076913645242054,0
16.455468889669824,161.1899852766671,3.1498580411257553,0
17.334012461559904,247.09980791526112,1.022170196193525,0
21.830260557997704,150.09648708622203,3.1296073521846943,0
23.327470223619763,200.40107500072253,0.9660933105194944,0
18.01649843342919,191.5688638694169,0.840001266050915,0
19.34796526011138,184.23087284199806,0.6077897820766001,0
21.299568086115347,223.432565182156,3.1008152429528835,0
21.423300368665785,193.7612192788552,2.7113292223994074,0
23.499194565479215,178.16314285850697,1.6774507139105368,0
19.260311852100962,168.52165840150195,1.542705055509159,0
17.14289528680866,186.31945531862536,0.8889960030833511,0
24.92093547453988,228.4236586260165,1.5187779956213174,0
21.660453750424367,228.45358422630807,0.9835964614176222,0
23.440602521114194,227.77590800428788,1.3123153923230226,0
22.005585008383726,241.24353586637653,0.6803833521822228,0
17.197717543157818,160.8274600757868,1.895753244541312,0
19.19596368359861,225.36229533027188,1.9231546995882431,0
17.868785942287687,236.19727042108093,2.979494641507446,0
21.762937057107987,158.45436146383767,1.1529882516376202,0
22.614013313105676,158.50770491063054,2.3333997090336274,0
17.309253041508693,235.14739665047784,2.1140577260137916,0
18.700525223822233,203.8578096344316,0.5520189500814996,0
22.3066572790622,173.3920363667782,1.7800857146976328,0
21.098276179265447,190.044644972325,3.4093004872963792,0
21.96859064117767,229.37105738820196,3.3154246011709767,0
20.255036050619736,216.8587202427227,1.041423171161444,0
16.996115901006075,156.74361903956006,3.1343068576121693,0
15.955132970341825,152.04041957788706,0.5088608715927271,0
17.157579568930306,157.45425865712514,0.8871169440780856,0
22.57938834371364,227.4701426383279,0.7313465585175741,0
20.261891484554695,202.8431323668507,0.846287290637591,0
17.631062516852268,247.2414820306505,0.70516417630038,0
20.533974963251946,177.53128539686313,3.024544805726525,0
16.491970198947012,169.61500072463446,1.443739243880834,0
21.06857327621423,177.25018839989883,1.1894107370962796,0
21.487279479150992,215.83689891819785,0.7555222849081776,0
20.36149599877436,243.51282138208944,3.139858517109408,0
23.424294584019144,155.22499427850738,2.511886963239783,0
21.0692753432377,202.91943209814596,1.7313718119290966,0
24.42348664801428,225.16996415226902,2.0377249756330507,0
17.6849232827437,197.8861114850569,0.9803927286922401,0
19.982025718779894,209.11970481830303,1.5764364102102582,0
16.05774677249003,227.11494498860662,3.3443046062391955,0
18.769864723210084,207.81984449200795,1.3750129872632795,0
22.621109207914817,150.71988084295245,2.7571032358158885,0
17.156576191272407,192.57232220681968,3.4277655851647677,0
23.90364496157843,152.91401912967018,1.364594806614463,0
17.945702049778177,177.9012469170241,2.5532008993802866,0
15.947879625602216,224.29984669125707,2.559297492130384,0
19.462689184984526,194.2786941298402,2.6472867504295334,0
22.609079330605063,185.4238641457761,1.321424661807729,0
20.955921508501554,196.67461585548523,0.9274163558296212,0
22.11523282295397,207.3830422555527,1.8379920961906075,0
15.603887068480597,187.1553483019204,3.009847374264253,0
16.903294285898163,232.4229366059086,1.614871347460157,0
16.48277329065872,220.3393316226729,1.245207146977391,0
20.774162920372476,158.5073567700706,2.738986780822518,0
15.505479965952873,167.82359340030152,3.105959613174183,0
20.64495905546666,153.51730461300167,1.8742409610508077,0
19.58717407705545,247.6597593833655,1.5909310942681374,0
17.33288874381521,206.10603652675536,0.8379457878455009,0
18.16411663947472,223.25076628243306,2.301969199083567,0
24.66704550426201,204.73631492335775,3.3416656217742067,0
22.411880663417833,162.74500086049716,3.1969777524704273,0
18.62305253257087,185.13265281522825,2.216042314516045,0
22.057382456450895,184.54084723507685,2.651087845104315,0
18.98895653322292,209.63201690425052,0.635053643170627,0
23.95449254680564,171.7559398475384,1.0172939537028864,0
22.730237498868764,225.4527581158494,1.1471834607726374,0
18.081361596246715,151.8666648046891,0.6081076832872682,0
16.307738268039216,190.65222571442996,1.551111484607789,0
15.12431985111872,227.1273234928578,1.9753015486127907,0
17.395687436247627,175.09697210632072,1.964123115467335,0
15.309011648103706,184.14752144949549,1.9458194228488903,0
18.505300388055606,240.22132779466705,3.203579725043363,0
22.165628608442432,217.80491123787348,1.1960595720036538,0
24.57780959850628,229.0521947082533,0.8318937434949977,0
17.00850623763601,243.05019178594205,1.6269906089461137,0
19.148311424644053,203.18564895217816,2.6992959603413595,0
16.71443419368896,224.72244065676176,1.662200064955199,0
24.790396036208207,204.98232386706349,2.0677379554445126,0
21.623581643106363,212.89963356999183,1.1457194411095242,0
18.451395339714512,210.5035262814162,1.2869695935928704,0
17.280018183707533,164.69088932309884,2.252702704649435,0
15.108902754638653,155.88453566917408,2.8363660285500387,0
19.550958370282547,240.6056247704365,2.657540248492443,0
16.725633289137164,173.8864283744652,0.7204308347764432,0
19.552296697166476,169.55017875611725,1.6395777595520236,0
17.074078585517846,242.2175695670216,3.0451545933738116,0
20.742722608756168,227.89654577315315,3.2615864864504114,0
23.670840322133216,191.10780298464138,3.415950878098838,0
21.86487833284744,203.60390502750383,1.504129761193811,0
20.923829882478824,237.40447234482272,2.4112322855179715,0
19.25455779360641,178.2862235941551,1.3469130661963262,0
22.239090060086447,157.21572691560436,1.367048281831178,0
17.839399185840005,248.9253491772373,2.98620376495968,0
23.848038879057007,199.4494099652419,2.8600793384582706,0
18.869027931678513,248.38775419416794,2.55630079221133,0
16.772298483759172,213.01867381524542,1.1840568463542105,0
24.410510806830942,152.36100514393002,2.5063849173664194,0
20.87733909392181,189.00600969656307,2.0965780171570696,0
16.745450507569036,203.14776176599227,2.47678845843469,0
20.780313786136844,154.97370164415798,1.7028942429755163,0
17.63324622681366,152.69202636691008,1.5047177500241822,0
17.922079637059316,194.05935273220342,0.5272837762128163,0
16.630234057103646,236.56468248503876,3.0769575906005002,0
16.06945531061323,242.42377508714597,1.0589351732615886,0
23.104943143088313,186.24539931007746,1.7581726152964205,0
18.254477967652164,153.88887271834398,1.5528997125990203,0
19.367356037767813,221.04729583746277,1.4416072077698798,0
18.86062240097055,172.3852156511805,1.696988873887931,0
18.644404053131378,199.31654936420557,3.130008984854462,0
15.81063740620108,217.93793724020225,2.539455742345051,0
19.182162942386928,191.6722682735796,2.505232559865505,0
19.550958426978106,212.60354613821715,1.8385469901042955,0
17.960102409090315,213.37682128173427,1.5841199842001132,0
23.43621696843953,154.14765562263412,2.846361953934122,0
20.210305502122186,224.60825989053643,0.9866765951471402,0
15.721199841837196,207.54831842125554,1.792144431763115,0
21.72221735885899,209.4076174897178,2.054623791373874,0
21.306088641196585,232.0922301735435,1.6979131425705338,0
22.130742776835074,175.44749076237483,3.0094117555132387,0
18.389294003301366,229.50419691504354,3.2464983467736115,0
18.118484759511546,248.55371983910987,0.7368062501069502,0
23.821994806663643,196.17300193453508,0.577703073136096,0
18.289767632116828,221.47319557363488,0.5550621199146941,0
22.019344530734905,156.99447057401102,3.284616136584072,0
16.608979842907242,207.11955199785845,0.8313979292505632,0
22.023651962820516,174.98816489617585,3.390549411688416,0
19.314678963719786,220.8007302868333,1.3604780189343022,0
22.023069078364074,218.68938215485963,1.2666179486439963,0
17.999444229117938,151.64831476018378,2.8509209086642437,0
15.090650659168805,207.14238495830412,0.584765570386258,0
24.975492535709066,206.31633008503383,2.0597469848998258,0
23.835165193954197,181.1406925738726,2.441031486331531,0
20.082346172002676,203.1620341719441,2.313413882107935,0
19.103212300559065,162.28061948149474,1.524903845448065,0
22.442125227282943,212.88851130611087,2.757775832130123,0
23.488937001128377,240.9941574832983,1.8868378240817072,0
16.664349263421073,235.7565356143242,2.9138649695815877,0
24.863487864926455,249.4889885195574,3.2300073292696228,0
20.526405461566576,224.21500723114576,1.6556000464856777,0
21.58702559730644,175.24307563242175,2.64044311486165,0
22.926384634249473,194.6635435181222,2.873355342278317,0
15.998780038099998,189.00020668958484,2.0704860166910883,0
16.947188183016472,160.96933282530728,1.6326717283905294,0
23.732407162130336,197.6866887587297,2.9652659974444986,0
19.837107727623945,204.6217066835268,3.0571798423146257,0
20.19960382482772,158.6975279303063,0.6691344220740139,0
19.22827723091346,249.14047031878698,2.7379288634442918,0
21.849069428103903,207.17510575279402,0.7340036641649054,0
22.383845967236716,214.647927511544,0.9923349297439357,0
21.168470581884357,151.35313714485244,1.916212260643445,0
21.209520449443623,172.29906812593413,1.6032356629139572,0
19.923291884686186,247.43939093434477,0.8347031291713375,0
24.315007304063936,171.1843085463228,1.5919280199647523,0
15.635084723711483,199.03187308040614,3.022661103774009,0
18.3985531029516,220.2046460743543,0.6575935632460801,0
20.48981242414397,182.03618582333814,0.6027216093102918,0
19.97365248229808,245.64899728458923,3.419947394601765,0
16.81296363550391,239.71294339888613,1.0607816807237496,0
18.461564869359368,209.36535261317147,3.3895063193347488,0
21.0580409158962,173.44693601370523,3.418406806470749,0
15.432047607094363,171.71138038289942,1.2993092395967323,0
23.62281226573176,183.0413037235171,2.7875407522047375,0
21.819007259511395,167.4823861216446,1.417613889520616,0
15.320243913619393,241.20513753327194,1.4934774498374623,0
22.987525823566315,239.6767448368541,1.2688213797632344,0
17.65243683684162,229.31141653839686,3.4591210875563245,0
22.285887781993026,157.26927329141708,3.228682293981041,0
20.06072909583994,205.70851523967295,1.6866173372359237,0
16.356917846020913,209.43117443610828,2.4371623408224385,0
21.75699118773122,202.75486258745656,1.65071065372137,0
18.551206370994514,187.70556009236685,2.8201191362077203,0
15.32200110779697,227.29075594047157,2.6328753032281504,0
15.915202483370992,216.37731795256647,0.5397494935099098,0
18.290898021928268,248.9539752153239,2.211254674819318,0
18.0849573457161,206.57777490688983,1.8481043254602647,0
16.305249801523935,167.9684257659037,3.1177760991770476,0
24.719531138008612,184.64756947384387,1.6037037480869398,0
20.539146397372555,163.86402400774267,2.946272401054326,0
18.920888794295866,246.23152840696804,2.3046608606110617,0
16.016616482045407,244.67424552419598,3.2542490345267345,0
24.642800860735605,209.86644414581127,2.1656204856647725,0
20.48715194622378,199.70901211330022,1.1409630280736964,0
16.13658933143025,152.1171546590892,1.5101083294519286,0
20.451903695661198,198.7747858182324,0.9240006061882092,0
22.779522271483174,184.56549974015553,2.639460972014489,0
19.669747146086063,209.93110968927982,2.7087156690165384,0
18.684457207444662,219.45464789162241,1.5247583392593138,0
20.09472412928444,249.50384580126595,3.4582123212614064,0
15.951976538186342,221.70403301585156,3.1249566587812323,0
19.11175845173579,210.26865211750123,1.7196515977436349,0
22.059015462807622,214.39426138665533,3.3449028225712247,0
18.002684304307003,192.63041948183013,3.016707706359108,0
20.565832528633262,176.21103279673122,1.3762670880761918,0
21.093237378804837,183.05407635545862,2.6320477853919684,0
23.87562968490053,236.00547571514193,2.16578661571256,0
15.224592966276834,227.44549382292072,2.7166475887889208,0
22.041504569670238,189.02048100799414,0.9755478059908586,0
21.848101810139852,155.21516359870475,3.2972792929128216,0
18.7812322923042,206.02969365938372,1.2917528580161015,0
24.131811054578677,163.97393559557486,1.0065707921016478,0
20.05827445629754,188.95716777439682,2.1347937562434582,0
23.57450564955498,235.30968082995355,2.0337403905564924,0
24.142555610789813,196.27281168035742,0.513761735579927,0
19.246886189779012,214.56212843533393,0.6264542186704727,0
22.326461633626003,243.46166555810686,2.5660821352349026,0
20.815389151020142,155.11768183490483,3.0259063714009837,0
16.473635898366748,237.88415215167737,1.2236048330889613,0
23.357544340073435,175.2858578810798,2.964015000624986,0
22.38323347008148,184.69614239874838,1.5516265936197602,0
24.591574251610474,186.87645500667531,0.696170280808838,0
23.056757573490856,191.8723104099359,1.7754636530971042,0
22.418950814003136,245.55748153961864,1.077068974915838,0
15.990548155883785,189.51390343859626,1.1085469645368926,0
17.185107881468834,162.20639599563233,0.600718967483176,0
24.196416780978673,168.9246526889168,2.2502762911786927,0
17.379826561871873,246.56693098385279,1.8764522761338074,0
23.3885556980617,209.3640184437627,2.3096840644554795,0
19.909151020191008,199.75971172732793,0.758958746128767,0
18.611200632674517,157.9397141320374,3.313280206862359,0
22.12339516279989,218.70546910285447,1.8482019574199415,0
23.624096385717884,244.1075865273124,2.19883474148572,0
21.0083311236844,160.94550588177484,3.4105564738354808,0
15.533709776236826,210.20666050217153,3.1979464087057576,0
20.828304860581728,227.7114501217046,1.1964950406642476,0
16.724638703169582,156.2739832855911,1.650065488872207,0
19.740162033010915,199.36733368729654,3.215464870238572,0
18.51124704503378,199.43932381161147,0.7537097143851823,0
23.45665888793797,153.62866335633433,2.6532157718157565,0
15.315825194578121,168.0019511246746,0.6968429493192614,0
15.912347634358227,152.6912626338829,1.2742511607174671,0
22.79604543071322,152.0895956369073,1.609692421133209,0
17.14055596296797,221.42618306310254,2.4657062074868774,0
17.422071922536496,227.69411382787803,1.7529679738997332,0
19.11057037849794,217.96821214895695,1.3647844389953532,0
23.753746141821765,152.50353964047508,3.4010796173243136,0
22.65167780975547,171.2251451756511,2.5797506464330207,0
23.503402006466942,178.82756491863137,1.265605926931355,0
17.671861008315403,176.97397733710858,2.404708966717714,0
15.454711948644473,200.44164850762405,3.0818396730054025,0
18.891677489829473,234.7184693997611,2.7812984976185717,0
18.110065111898553,249.8643082254446,2.861073310214624,0
24.11562962484392,239.71039383804302,2.14200713065351,0
15.933629044527354,208.9278001250117,2.75049776761482,0
16.679107161779793,235.9792466211045,2.777106548140323,0
24.776996472981764,190.35270242827295,1.806953889551159,0
23.454264448464652,190.1200063749061,1.5967171082391793,0
24.04668328675712,213.27663016792377,2.1882377333006,0
15.331236192469323,204.438792493802,1.3280028046778685,0
22.51255963167104,183.32146268424162,2.627521924663778,0
18.08288688959196,179.98160166170908,1.5527503603587949,0
21.73176564451017,150.23238738878555,1.981077651019918,0
21.815152736250646,162.6048952010466,3.090834356583225,0
20.21127574626702,198.30353869555645,3.224599781377807,0
24.06864918065866,192.79330441541214,1.9516491195848582,0
16.734924571129582,168.18014294358719,2.3414265301250214,0
22.925367964554233,159.7888005398007,1.6807696365986309,0
23.7883920576655,212.59205427785525,2.5745510002684022,0
23.203420859502003,204.18360036083484,3.349648033521426,0
15.785904331217502,200.64400646695464,1.4511853277804199,0
21.68257687240247,180.0827956950203,0.546715884709904,0
17.200389363162447,232.3401962079858,2.1303110092028175,0
23.3526703829036,191.70462191943918,3.300343628453251,0
20.772215222042508,161.8083947015983,1.7646538141304808,0
18.987169775735264,222.9352261150221,2.9744152009828326,0
24.906518700809993,150.9634584810812,1.8616037855269139,0
21.58277235784965,243.1465000022679,1.3394979796283732,0
21.358903950812955,243.23391049617248,0.5883304578118952,0
21.351831044743005,247.73177515450823,1.3310282863150726,0
23.99180580270896,249.587975220072,2.2807753995898055,0
23.340088754209543,169.30155815613375,3.175580892437279,0
18.953465639333324,190.08632313221582,1.0146881080954575,0
19.757289876114566,230.27042047960808,2.4817046340679942,0
15.745929005641369,204.869724727217,0.5930467153362174,0
22.936236776803142,166.7233085103259,1.7571876052941244,0
24.278350749860344,227.46183623694262,2.3850137295946454,0
21.06432141889003,198.95894157154717,1.6400514879460464,0
18.478596226567475,186.92763249168593,2.4080501373303154,0
24.656952781636694,176.3484974135905,2.0655303086034786,0
21.178448728012604,218.73548354052934,3.392616012324967,0
15.471735982263993,205.3376497776474,2.986846401933113,0
18.560469174755212,198.79072708982935,0.6788408349295361,0
22.177503712274746,216.9832717546239,1.4648947626473967,0
21.496159525258445,221.38776223808324,0.6425152202769407,0
16.110609255218208,154.8104157152916,1.1954144930234243,0
15.65291192197046,211.47703046041835,2.762798464386546,0
24.183291979568097,154.9235569969785,2.7876182548316124,0
19.14964340503998,193.42350921674353,2.542640005375449,0
23.768762353210622,200.95240991538188,2.026320544669026,0
20.075168961985906,210.67578543445478,2.8854967636650994,0
17.346272913186812,191.5871488006254,0.8337281193344498,0
21.351785498597803,233.47217519968382,3.4908389095565524,0
20.27078590469881,199.8072812979488,3.40289492766064,0
18.64427344540596,207.01071343650824,1.7335719571632682,0
15.48022306306,205.6533793092222,1.6596047325466565,0
24.68970069092574,221.51537991539033,2.2399121734536025,0
20.934251364422394,182.00729159759263,1.8197143243807292,0
19.814196165011623,208.78573207266055,2.31807336612686,0
22.49843202396037,233.69972031355252,3.22413517329955,0
24.67947048835883,201.1968096688047,1.877760628800233,0
22.4910396023542,221.50494455926412,2.5279252217613477,0
17.077193602253733,200.63457924818437,1.670999875437614,0
20.03049653551893,156.66645756887416,1.92759814975855,0
23.656325831768413,235.84751660504685,1.8784495173376667,0
23.067292973985577,164.64885199058452,1.1671321649233992,0
23.61287539642287,164.7709479675687,2.8164024170417346,0
23.717590008290536,248.02024336863883,1.9866570695478596,0
18.116343587190233,230.30487954110197,2.4595288949263576,0
16.312012682406642,181.56302127992174,2.3821736609000244,0
19.5096065938155,185.31809834607998,2.6603075999347277,0
19.53617862495159,195.33692624038449,2.4533268866993447,0
20.54735651504702,236.80857850703683,2.963891238858416,0
15.078253273432887,195.9132188094814,0.6221415862950501,0
23.008080047136787,179.51120578294297,0.7794388948411504,0
15.673440168879427,175.87072869129645,3.070676572098914,0
15.291237544105446,176.3516163836435,3.319090730271051,0
21.85602783967019,171.34869823576082,3.345969522691045,0
19.354691644404703,152.01692339260867,0.8214232703677024,0
21.421365764708092,220.282871827694,2.7063529320208675,0
24.789214276248984,243.61200893200248,3.2786955997603955,0
18.175555240406858,164.1672031295186,0.5847490498985928,0
16.54921984683598,187.51923120348334,1.9693794765861385,0
18.29196787713257,177.21425185512456,1.3276367417241826,0
20.60354989647589,156.5578233484763,2.642364210774905,0
22.17142379359256,231.13276624880717,2.970090949276364,0
20.7318616926212,187.6782260793275,1.2358238787782025,0
21.34585833606649,191.37701825614812,2.572740474115143,0
19.04653662182269,159.95652295190735,1.7709631206744965,0
24.346295342972432,162.64394206449637,0.6689496501720528,0
22.920257338415034,212.342342394589,1.6561650770185996,0
20.96295652695101,178.55630396270996,0.8381406340437432,0
19.695106745357283,193.43893975299858,1.7284157082441216,0
23.025374824517332,217.31640602520383,2.962999929151575,0
20.429250843222146,186.8367584062651,1.2708631421724657,0
17.057466323637076,167.6930877011863,0.772133781062396,0
17.266708057947323,236.0950842192516,1.3132219018213984,0
24.204288617397577,166.36141794418035,1.2282117833179231,0
21.776366114213218,222.7285520514402,3.371579978150163,0
15.45426141193078,178.99467456529308,0.7644557185052655,0
15.190799745802746,192.5757507394249,2.2202015524351246,0
16.08361173569334,154.6233701918756,1.008166283222942,0
17.526577939352002,243.95306094887877,0.5232548000235451,0
19.906044284980222,207.32551590340185,1.7317981748284312,0
18.9290395684868,161.5736457494869,3.2896325376781563,0
17.476191017436197,211.52835113130763,1.835413323437162,0
19.829073287389548,155.33897472019464,3.2092059997205356,0
16.802946332989478,227.07436632142247,2.1222573646260807,0
17.294267670075342,161.46378794266028,1.8761138441371523,0
16.626238728238658,166.0718436614421,1.575423189929162,0
22.00681277019275,213.19742442886164,0.6939795734316808,0
19.457552250237615,240.83619177048837,2.338958577446432,0
18.445972031571884,167.00471666155147,2.9968608791165323,0
23.955943424443774,150.55610023671366,2.6707668130064706,0
18.74611734430931,219.24562736103053,2.9434100599211312,0
16.83573896027649,172.14638337943046,1.9972149020863992,0
20.35534268130504,240.85725959990052,0.944702208303607,0
17.191573077796903,195.1011993003285,1.603157866763513,0
17.46360916860126,153.18563197632955,2.0421825677931422,0
24.863307395210345,191.79774347730347,2.070806733594937,0
21.211031486523993,162.27293066165555,0.8330948609491854,0
19.041702946023122,186.2409554195516,1.3637276281899542,0
18.2345095265838,230.43819139203606,1.5351341848222602,0
20.207759319097832,223.7515250647765,1.2896335757025505,0
22.683534734337357,206.5786440468354,3.2410352279455035,0
22.404666580128453,189.42944336336583,3.0953696153640315,0
17.87916351870809,196.52337757305637,2.7728229999032603,0
15.134646580876817,174.13937307804235,1.6080312419989957,0
20.90587242159181,227.51336632510788,2.5950974916003426,0
16.853460734976316,186.741690369072,2.6093379109751416,0
21.333758538136262,238.70244814128637,1.7510827600835368,0
15.162451893837094,186.92797843373904,3.2369591743219654,0
15.706116577689372,171.26584285524828,0.9714063546852504,0
17.640370812601237,171.4183912884655,0.5884895474014505,0
20.90649174715444,221.14389849838904,1.536497081187334,0
24.332080332162363,244.76518882055217,2.796135084494111,0
21.791553957917714,207.26315875966657,1.766702664751541,0
21.22997344700575,179.33848372138303,3.094060623064591,0
18.416225706263237,193.71864400061045,1.084330512039845,0
15.667697098374997,222.35178671512824,2.650994803445995,0
22.527764869114996,233.71688435182637,3.319814030237106,0
18.284879702828455,205.2501846128096,2.4743301244443625,0
18.78727965518255,153.5869234976412,0.7558890927464131,0
24.43179985100552,188.89247460778438,2.804432666141404,0
23.490461822024997,247.38597653011422,1.4123744909869356,0
21.530273218387748,236.84175349357872,2.120593705576753,0
16.6932399488475,226.4012378770321,2.249537955612025,0
21.6858518064209,240.94013685699002,1.2170616028192311,0
21.70792335784935,239.7597809027389,1.4071898026044898,0
18.126334415070154,181.18283344097696,2.7781824068798713,0
16.7493150079767,234.09407800948293,2.890002148427056,0
24.008325643747952,207.64444795400271,0.9087219037755516,0
21.97404787032868,205.70258998966,1.5055316425309808,0
15.228248986825234,232.53851624956593,2.430374522200288,0
19.817115991089892,174.59201080783689,3.084887553367606,0
21.720076495813064,182.38545957639067,2.360339726734103,0
24.442045230868363,186.0540010840512,1.476773974818835,0
21.47461031323514,200.3504269829252,2.6088077176887485,0
21.07244732755691,221.72230358039818,3.077402415075716,0
17.310121115060245,187.01982480558735,2.5658839921327496,0
20.788462622273798,235.7262354621197,0.7993422103906428,0
19.887671857614304,180.0803046542461,1.9864988189281745,0
21.78492702089465,224.87225212170569,3.2953480985166315,0
23.540926316936932,245.5150737309911,3.098803728408721,0
19.487678247809733,211.9279537847003,1.9495680421096266,0
22.715139001841237,177.80129272217167,2.013646804738264,0
18.225753949152033,201.41882525329393,0.948846094889727,0
21.831656779910908,177.45898069657608,1.3681661236793943,0
24.575566160045156,216.31195166522306,2.5863460130702283,0
23.86440357786831,187.49091298668472,2.9817534850484515,0
22.552745042184142,234.28237053381093,2.2234790996511293,0
15.417766298066944,246.0033890582802,1.523358900033562,0
17.66407895953176,197.08591460298004,1.6319155974999142,0
21.32596012461427,226.94256798745874,2.2501167797272035,0
19.768121397005018,214.6154719632946,2.3876438346217648,0
17.17430238795545,249.35437625517991,1.4279319930462673,0
24.069554250781128,181.65810029718097,1.330119064026947,0
20.938201485772986,207.56103598955312,0.5290024669149851,0
24.095094457229344,194.3258502968829,2.2343364378572397,0
24.21754319899805,188.60594143637735,2.8671830347850444,0
22.742688474260923,242.58341984658978,3.384302276932163,0
22.376324987407852,166.92159732072236,1.1763705103771307,0
15.53474346987661,180.94373741283317,2.449257373187728,0
17.017078927119016,226.97593059425878,1.9216355951493362,0
15.3368206228368,234.81664780219972,1.5611723000057682,0
17.925275762470346,191.31179054301964,2.25314300839116,0
24.219853587429075,208.17970670686233,2.725013560324171,0
17.777312084759316,232.3717254478901,1.3802760434549763,0
21.26939466200806,190.98659616947222,2.5073476361446825,0
16.88348223210209,181.1964136909291,1.2199193261834935,0
22.81251468293113,164.4235067105672,2.156247385210227,0
15.914229077213758,152.03571853188623,0.9257118360141112,0
16.04064383828428,158.3430152298249,1.5769232978123684,0
21.070774413370646,153.25879346136375,2.4410736261327464,0
21.45255075280475,197.67411845626737,2.4241743476092568,0
17.57573942212845,153.81079334690452,2.562273910552177,0
15.599354575794166,185.0641577597797,2.328410850127268,0
24.174798464880027,242.4169883848666,1.49570959185469,0
24.16525362225827,213.98167659913224,3.148678755858715,0
16.854696669255233,218.2722837207088,2.7474300077654212,0
24.6541480700813,180.25362266012922,1.383846478287432,0
18.510319970716807,223.52662711585228,2.093056756042353,0
18.69303138070091,188.78087605096786,1.0495135259898503,0
22.644508741884174,243.09037856548383,0.5530333425383298,0
17.044393349471804,235.47109791489243,2.068674278681588,0
18.16721014844999,215.86358742459208,1.681212967538381,0
22.772333853723534,185.63327261511108,3.1454903398481857,0
18.767861973586957,168.0932362352857,2.11992644246298,0
17.323985089153798,164.7678146582349,2.4220147952162625,0
20.749387951543632,180.53069032845042,2.9795756287066437,0
24.995741199984423,227.4332178039559,3.4247577115743453,0
19.658761199341253,168.49024495315987,2.608654499577027,0
19.806984465215,150.75659904924103,1.7418622808062834,0
15.428945207116454,231.340075348614,0.8959811438432047,0
23.51542173666092,221.15612146776687,2.0357379734579757,0
24.313295286831995,207.6393728971218,1.4888441410155426,0
19.965861437901964,233.71114980015568,0.9735032955846443,0
23.445374781210624,234.66398332148967,0.8205330112194127,0
18.464260405728567,156.48068413363666,1.9156930229454738,0
22.907237705833523,173.73208806458405,3.395008197215859,0
19.50299929636846,220.4689804554568,1.7035520081616902,0
20.64109592745276,154.11229561829248,2.2133169625534146,0
18.560950911044728,198.34200584381813,1.3542032838250977,0
19.545374934935158,224.3296708039851,0.7343198559849654,0
16.801075100695332,226.0286118794885,2.9057543960022088,0
20.95433643579222,176.993427766929,1.3762598665305927,0
19.459106973479354,222.53598029478724,1.6380715015776106,0
19.94120663826913,226.0440040722408,1.1168857001864354,0
17.48006070439957,152.82334782640282,1.4975823136135573,0
15.691238749036405,182.23459868237038,0.5965751987205948,0
19.07147511223451,249.47979036728486,2.431168922893756,0
18.0370106245897,238.41348174669412,1.3928138357426205,0
15.868750170128251,233.98225351801577,0.9164267857026034,0
19.669282224422673,208.25275569738866,1.8812458908683647,0
18.66733393446875,189.65503371867595,1.1093869227664346,0
18.438515456232782,172.64744217256603,0.5139576915548565,0
15.40366049280654,176.40482114046142,1.576980691099325,0
20.945230048720283,208.31253018689762,2.3252758050953473,0
21.789189141442144,153.41821189180223,1.4722363315866573,0
21.233948797829747,179.41189485479958,2.335405675902903,0
23.444674953851127,206.61348570157529,2.4217286688752924,0
15.601349886647455,208.7328728173233,2.8107579990374916,0
20.38223073903868,206.1701883060275,2.261794984791152,0
18.47476901160563,216.43386380716183,2.72626712979827,0
19.635602961280405,160.99727760302056,3.0618613766789022,0
15.087332725194123,228.444611483249,1.943909699402025,0
15.819378902417109,229.56507331882196,2.754454702214283,0
22.303162555278686,160.1712762088414,2.158194559964865,0
24.227069631830854,224.44617690985632,1.9695698762680935,0
16.81273418956404,240.59591584640293,2.3089611722819376,0
20.13246878776608,216.67638654283536,1.717348955806709,0
21.020418146809654,196.4626815381704,2.676054567858527,0
16.622885803581628,174.91470140452373,3.3591368423248644,0
20.59471267196917,170.7687047904921,3.1927182325090224,0
18.961561893069973,157.57659038438987,1.4356866751249409,0
21.321709955377194,248.0055584418943,0.518616802771235,0
22.12729136905486,245.2799846751536,3.1784504241928024,0
19.480452197824757,232.84436101351037,2.2896988705572974,0
16.25213237808056,223.05559629669403,2.7600988566955413,0
18.516265625232517,243.43150042172232,2.4860644748051177,0
21.313529441115165,226.1811661262417,1.3290157307317223,0
16.788036036379083,194.3119152526428,2.913935273292357,0
24.168741709774828,244.96019493121113,3.318586090183771,0
23.61108877726482,224.1528721834493,1.2420112039881215,0
15.278324236770233,201.6340888812145,2.733566658953146,0
24.52334507186978,224.94781926608965,2.617046350129606,0
15.24266392801942,159.1071349579233,0.9007357334358415,0
17.301134859292883,223.05205975376683,2.0772217626719427,0
23.266680048355944,230.5262989903669,2.292101877156597,0
17.255556828421554,168.54718392605116,1.7141968886917391,0
21.390137048246032,216.68728936897543,2.570070312605594,0
15.60995739612159,217.58777723910782,0.839305756077782,0
18.572749932294332,168.90295999728457,3.1072840735875165,0
19.144875421410777,242.48006013653844,1.373843904566118,0
20.104940633492593,189.19615727105662,1.3470087050459871,0
19.32809348237562,245.5455700181019,3.0672294291845725,0
22.281725273316916,161.258333638242,1.5240384802244074,0
19.080383641049462,189.76154289069942,0.9923859843759281,0
19.772042718477636,220.3296037825021,2.4027654576071082,0
23.025467622089803,182.3128839162897,2.2150805717246804,0
15.898110413329924,172.98037321575444,3.4879314503788366,0
17.275779827433006,154.43844094129565,1.0049977975331945,0
20.363942442374782,232.22851688907224,1.3115081558628825,0
19.051629610520607,214.1042813595908,2.2353287404081343,0
15.129148754471888,232.44614024073047,2.76235113825588,0
24.080757129093364,199.74813512695275,3.3985727140069555,0
18.036780698677518,170.9482558392825,2.423948712012263,0
18.079205272668503,211.8507357907823,3.205406574342963,0
20.521316905583877,205.4448734862134,3.213947279051399,0
23.096074980925167,155.5285572289501,1.2798009868332576,0
15.232211800900338,205.44979987318868,0.6217805348969908,0
18.100844617884626,226.21917258829814,2.0141729477198433,0
15.539973698432135,204.80401575698352,0.9257668323637972,0
24.124650920222358,197.08298051855286,1.924778709401878,0
15.596348524985471,208.9234196132516,2.432586716608339,0
18.37254810527879,208.0497898706123,1.5061361632641739,0
24.256014604875183,175.76202728504848,2.6588109534936892,0
18.623918541877988,249.86183099584215,0.8292812992966742,0
18.776913157679367,203.5039895517641,1.8856458690268512,0
22.75713005031909,225.420790448113,1.4909364919627461,0
19.700303408237858,152.30929701395854,1.9981739201898505,0
15.977432614899358,171.47137619535974,1.9859006694057126,0
19.11483147937377,233.90044500564548,2.0391632664299726,0
24.137671158029484,244.01854153701038,3.147794747888844,0
19.578694599152985,183.17600034886323,2.7816171651107977,0
22.662590004027184,183.4199204967718,1.7231102132024896,0
18.12991784471571,221.10114788960092,0.5537669322207369,0
18.800585330117663,231.3246382093961,1.9053911560435959,0
24.45521628339111,189.5734202937179,3.1572131858148555,0
18.298517842029142,178.57432165986867,3.2897356859064626,0
24.392105642596853,201.81300819707658,1.6382845939479633,0
24.30651756472364,169.44400208471424,1.572387049827912,0
18.296507260854,184.59667410252717,1.010554128650411,0
19.4096920005165,201.97611022079644,3.4919227122514886,0
22.177430416917517,244.63120496811587,0.8046331284174167,0
19.447201050831644,233.2926660455388,0.9726672309242806,0
21.508926195064475,160.59585413454133,3.232429386646556,0
20.86821090746591,248.34351115452478,2.455056673480764,0
23.670728461698346,247.45233107931745,0.9890488688838384,0
21.49922181651484,196.61579434670483,0.534980472965278,0
21.204381348483967,171.08818274126364,3.265508458672407,0
22.755632449062798,189.66650187427553,0.6250640862903777,0
20.107659851621644,163.2185183196202,3.27204719641752,0
15.301118173137747,200.10643944135228,2.6749609868874633,0
18.275912755114305,164.99806317425404,1.7982439499222482,0
22.64441645346232,154.20221730476328,0.7961475371657948,0
24.478133872829506,246.8082121244264,2.9091173300712607,0
20.583009690857086,228.80756791613464,3.4319737663197754,0
16.628035890688604,163.30789944747144,1.8260009584627896,0
20.216954772984757,191.70050168122697,3.2264608855668184,0
21.69368867765568,181.76400582882997,3.02871806344987,0
22.9588410101885,220.67324259880155,1.225621516551901,0
21.934169085807635,248.44491408138055,0.9454567114050473,0
22.2040239743037,192.57565582558078,3.4216831917214687,0
21.856870882049527,221.67596704413546,1.730439019327973,0
20.612623268771394,225.93206507061308,3.143370623121854,0
21.53702836065586,204.9370969550944,0.9040454476067591,0
19.07328203795609,164.60130178172076,1.9866906880600692,0
22.63007842032912,242.8692994472998,0.5394798692508677,0
15.991351008450927,236.61927654791214,1.4749893108377652,0
21.000098375413202,232.28798466917434,2.8303830176874394,0
21.971300805779336,171.808616269618,2.1883153261133774,0
24.085720772656785,186.42420643314077,2.2914123456830007,0
17.459376768098803,178.948909427516,2.865418940508354,0
20.84069745293272,228.25512233146986,1.7687368814546145,0
20.603832797457393,172.85903460434315,3.4859487108743625,0
23.99752885784929,210.3023268863758,1.5145221204507302,0
18.65749847609646,157.42510545523155,0.8338591136262978,0
22.9430074395283,227.76845118676601,1.969420387172718,0
20.12475335781775,188.96556327689458,2.6063631365961775,0
16.634416398739717,249.8845032250474,0.5043029394555618,0
24.815345801624808,175.3110188631299,1.021993490524983,0
21.83968020187941,180.8641772289124,2.4646225004855715,0
19.107980662485083,186.66789762315292,2.478752122261377,0
17.176759769569163,238.16603283366305,0.6221589788736724,0
15.927739582591457,164.21388693372955,1.0902303030526042,0
16.24970061413323,240.09549112199326,0.7740554427846688,0
21.44361038307393,218.964517414292,2.7001242340664806,0
20.22540429481597,156.50683338779234,2.6340164018828762,0
19.084766282358693,230.2624257824112,2.327371754954542,0
20.212763139611546,216.39717305826423,0.7210744093082596,0
23.311415799272226,236.19790832510603,2.7647485191499217,0
23.39075648680316,219.6329080274732,0.8621831213290279,0
24.01600729277608,239.3664020697816,1.8987132805251945,0
22.843305211095156,151.37640255217516,1.446297574474817,0
17.846173101619925,205.7898090434276,0.8815505217487352,0
24.57266946511194,218.24919125158186,0.502091564998702,0
17.434516635854703,171.2840612616813,0.7649488234137424,0
19.688460342903362,152.1863496509546,3.4755628881731733,0
21.189282007120365,245.30470553001655,2.5218580458597954,0
22.61304835181312,178.33595080999558,2.7910022903960345,0
19.459125656431013,176.76210968240767,1.5268287249091081,0
17.704935822953022,232.44233516367206,2.4090318990454107,0
20.04654632214057,183.14160088027052,1.5985119571370727,0
21.172931150704056,190.6522859580592,1.0201818596815813,0
16.628932027608478,249.2255253157383,2.1457961254911764,0
22.187385086914915,229.48181304417466,1.46401724213929,0
18.36278246951869,189.93221811291187,0.823363043287667,0
17.679776128539565,209.1843947923408,1.1852117938855287,0
19.247955272228438,185.70046697903905,2.8812540985642623,0
24.64888766838895,240.066055414006,0.8150093197511837,0
19.99378299196314,236.74178196239475,1.1407411290193448,0
21.70919799532662,175.6321740109026,2.330872012079482,0
18.85852332119222,200.74511329096538,0.989139643996485,0
19.389434607898487,200.47224391405447,0.6921195698284646,0
16.864345548073334,164.5841621647033,0.8267057927028401,0
24.755154986352892,218.32841319676646,1.2949768848783454,0
20.13213512629713,161.88658578586774,1.3919109909066143,0
22.536612868431913,179.1021428161388,1.4976888603507816,0
18.852630432656543,232.87219043440382,2.0188054396804125,0
21.956463955265853,150.66857198744887,1.899343294574774,0
21.679748148076442,162.46978611771712,3.072650148213314,0
16.29768655656899,225.10322288490914,1.6074739027890963,0
21.541575701989952,190.89014116771497,1.1142191785174922,0
22.62137341753243,184.760803720903,3.338380716060129,0
23.99233327345337,218.5546767261979,2.957917101533363,0
24.285183730997495,200.4758760155881,2.7713833203152194,0
15.228905996070795,189.03862063267974,2.0406111814719,0
21.50705949657202,162.18406842175517,3.377855406345052,0
15.38425432060985,198.6172140275313,2.216164454940449,0
24.27669298088985,209.2962127032277,3.3218966863585475,0
19.465017449002556,233.33773689637533,2.465685099706108,0
24.15838061800411,234.79135097474384,1.0741163650931913,0
22.568493124544645,231.49983514457423,1.5416945544437564,0
20.034203621973663,244.19970835559093,3.363311069075883,0
17.75064334782101,207.92727777176418,0.7240978793954493,0
24.25416295658922,167.4959848808233,2.0373400004571534,0
17.500043176039085,227.31711430213358,1.3404720549094977,0
21.23824065639485,182.7042720818655,1.2631045389704534,0
15.303146384720025,168.41025291862263,2.5215127947323444,0
17.472801526442865,228.33204732852622,2.43351089968891,0
23.647030125530232,243.04759437128826,1.93992723348059,0
18.543465704528,168.66270419274943,1.7113797403552216,0
24.987865063921696,163.23780645314966,1.103547076828526,0
24.94469813170187,196.30071402320937,0.7444805411338067,0
19.552782179164637,248.34263194644996,3.387307508359184,0
17.435596024876876,162.85526759751295,1.0897063188664657,0
15.370758215601828,242.94978488971583,2.146696051306985,0
24.465120233960604,184.82460417399923,1.2966187088800005,0
19.92434040463577,180.3789772454544,1.6316623827961911,0
16.80317005723172,222.1929279396801,0.9584257705336182,0
20.172636354183673,180.12085472831123,3.425207285335339,0
23.657194534741706,191.70375027791746,2.0576557771785753,0
18.06843215413539,171.05866555298124,0.6103743902099322,0
23.829253984689565,162.49269454053558,1.814429816671712,0
21.063896328245182,166.32950302335848,2.2980639161179464,0
17.143806177076122,192.9441159887803,1.2540611023335622,0
18.860529585814444,212.78312481836468,2.4633799201647886,0
23.11273241004291,154.86858764600282,2.417221936312644,0
22.975970634046135,233.60246191627147,0.9344537659140467,0
19.412904549289678,208.83761628871588,0.5797426699674636,0
21.242624650030063,157.38384485253036,3.2598181786194433,0
16.559575360787775,150.4561008848957,1.2948281738015046,0
16.984978273220857,214.08412260672043,2.121799931127125,0
15.775183025328177,248.24789097789784,0.5281358531840412,0
19.859320977510453,225.56449489985607,0.9281299920763186,0
17.7207929547802,178.13708508988162,2.2250589015522104,0
17.22383703125257,193.1708602601597,3.210459029852191,0
23.583292223170012,223.46816615188717,1.0595338563726164,0
15.812722431375889,220.1741578079095,2.6609777587725683,0
23.02249841747431,224.49121673256397,0.6383960941118622,0
16.226902354581245,152.06586350217643,2.259753604936516,0
16.789985021511292,191.58201055089694,1.1962352503454334,0
22.321246315442842,209.2716669734192,1.9670762634654744,0
24.04698041477586,212.57962515593275,2.3500566822524647,0
21.088278586224924,211.84341622417287,2.6147761800437013,0
23.272914343032088,181.311875454672,1.627745782106028,0
16.96035302383723,162.72515250132165,2.8280736845020455,0
18.42721584999208,249.51153379023668,3.3218888159905635,0
17.269287127121306,215.59801146890157,2.9124211040324286,0
22.532166181280207,151.22776163420593,0.8713142445745999,0
16.35225061490365,209.2893244091594,1.7130201627552193,0
20.74263856661794,225.3113275861847,0.6286390231180707,0
18.468190090902763,182.39805146193544,3.3834191360496875,0
23.574614612769402,216.3492784096946,1.7437186097150479,0
15.131855945390864,185.56831509991514,1.0054066031812254,0
15.197388290287476,153.59529630557122,1.5690065759336966,0
17.78547635645817,241.1817413394004,1.9736209354045378,0
18.586457216150052,212.8005370107324,1.3775373859481785,0
23.850935332347724,194.53354785098344,1.5718515711527001,0
17.39121076152706,178.36839331560387,1.4887048694741511,0
21.528574017338336,207.4215307008658,3.457761772456972,0
20.292840986258597,233.21620380152467,1.7592127898819274,0
17.555164244392866,155.2642468617565,1.985101265041484,0
24.733276680492544,224.2969191020103,0.5551618541938208,0
24.929833351083843,165.87272972593803,1.9355294408984727,0
19.444754981116226,166.57167979102866,3.35519381383694,0
23.277910811845167,162.1364321463033,2.906932936981458,0
20.83405843278978,182.3947924777401,1.9413848782075482,0
21.240663352083615,168.24758644705076,2.5599958843779653,0
15.091170512496689,180.72074112899716,0.8465821621340208,0
22.89693453009206,185.01163491726118,2.500919305169744,0
19.487417331130473,175.64962309901375,2.774790946759337,0
15.587643291797727,207.18591586655972,2.9747712028326947,0
15.860342365012361,243.7494114973387,3.3225830078842433,0
17.749811027835932,244.7482703887862,2.0183696145762267,0
24.332313881091054,225.29785904642966,2.382049256910686,0
23.948173927555747,151.6452835822049,3.027096830176154,0
18.791025267639174,187.94952244281717,1.4923678919916572,0
15.011013453519698,192.5451866926564,2.6823270745878482,0
20.7374396127411,183.74496294277725,3.2834206526747,0
19.60477113863489,198.16539797276062,1.0769381702864287,0
18.857397958566917,173.86121970015716,1.1634637451465601,0
22.58119225162181,186.13564361894862,3.397055411941124,0
20.327004299130564,202.45411828631,2.796680277313535,0
20.065753602788607,162.93894932858515,3.156067554083762,0
17.202121854865037,245.133971624415,1.5238474434252067,0
15.958982829411916,242.04842928635298,3.2937347600881703,0
20.54885566308265,230.50633785120905,2.9370393230688423,0
21.119748951822544,239.6471215029663,2.2811808253165085,0
17.623711229194928,177.99109586056653,1.6578257000963923,0
23.530543849647486,192.41081765829136,1.711041682622311,0
15.676316871332215,154.674694056954,1.9911682872603533,0
24.862194313190876,190.67930336708943,0.8729121585732188,0
18.478817046431676,235.84898757564443,1.6983237257803676,0
20.34557615262422,239.24685835211915,2.3820863208472542,0
18.711044670885876,180.25584202787644,1.3096274619055843,0
20.43675664781611,168.17213974841206,3.3111886716921566,0
16.384194420381863,188.06592176164494,1.0658535652857015,0
23.065465771788574,191.42406150483635,1.370524260030133,0
24.615232155313812,152.0183731277561,2.723585676730597,0
19.102316225585678,220.9350304552575,1.6341991524293378,0
20.597269576086816,155.74008308710228,2.6924333117320844,0
19.98992600070524,180.0360388924448,2.763363981428286,0
20.286035805787556,178.09001122141402,1.404691918336811,0
18.527349373260048,217.89123309924497,1.1816563788954482,0
17.383498227723884,194.2928619612474,2.42535268410065,0
22.458372606887533,182.37769020368825,1.5847028822426061,0
20.66128017405425,184.71024412065083,1.9959981234315538,0
20.10259075489757,154.87152528445398,1.8684112227599954,0
19.519472659411058,244.8400899086414,0.6959062906954773,0
17.723429346498225,247.6031311493765,2.1893922501389826,0
15.07437245599877,238.31961802936826,2.4282444966011942,0
23.819130983977157,225.1962970832188,1.208343857863794,0
17.851662554047703,211.48805462599321,2.218182213006135,0
15.293733397704273,161.82614510900152,1.3975160890336462,0
16.10986766638163,168.50884412288173,3.35313210521101,0
19.943412193717545,231.59938940949118,1.3945390121721717,0
15.626402485010463,171.52618809637968,2.653131169859549,0
23.565010537491347,239.67177848987922,0.7919584833624267,0
15.356382437467632,193.64123983749428,0.5410000809608442,0
19.445620251569448,196.44999260283845,2.112999289533746,0
24.810804155886565,206.8938831571697,1.3613230964378367,0
21.59512141211436,234.46376912580396,2.8855398784996895,0
21.795460950568867,193.8498158422767,1.6241683004536984,0
23.524125741906914,185.47999685717454,2.5881542661124683,0
20.303073116992337,191.35066234204461,3.412245275919898,0
18.462420598335505,171.6083533996819,2.7847974196810634,0
22.329688566736678,188.87487985129482,1.927690969275642,0
17.790979147582146,248.37805187906156,2.495306565655338,0
21.576509279537447,225.7016602757045,2.999691541204461,0
15.443566236138892,167.67896807630126,0.6732067657130174,0
21.665843210626722,189.21582641422742,1.9526948592225941,0
24.54824416045079,226.8658569463385,1.353180762760951,0
18.29901061545668,150.1331205581398,1.2880417254030132,0
20.484838358238363,185.38093816334907,3.369528144255286,0
17.175447202527327,161.0958664303696,0.907504794596769,0
17.59261924886831,187.00714371100338,3.0342369483425204,0
17.54405329825852,210.7661016389639,3.4918130606486626,0
16.118992537442356,196.9124593679404,2.7924235837650326,0
18.376463966690952,218.84052891406316,3.280360355656868,0
24.85744525318015,190.9037885389733,1.022740088580529,0
21.819524885452978,234.88632365335835,3.430901691706355,0
24.34793237451995,236.12806302821045,3.057179080081348,0
19.925562038119075,210.8158417870065,2.9470066675005144,0
19.898058628629297,247.69918306309356,2.957283190983423,0
21.272793736819825,215.7231603155116,1.6314718816983236,0
16.080521923597193,209.89658727523815,2.365139875033561,0
19.48215341607979,211.9558930082533,2.426819317768534,0
23.849713026387974,203.9837350953133,0.979433702762861,0
22.00212794432284,173.33977583905852,0.9190956584047811,0
22.665352097123062,201.53098226674763,0.7845505576789034,0
23.367174592978138,228.85148620719644,3.151996655901619,0
16.416221525760953,233.62489460214113,1.6303439743896342,0
21.35520905121297,192.89211701256264,1.0732464643393747,0
17.8217771693972,213.29660415649818,0.5990998633928318,0
19.03700816187095,232.71395070503843,3.3327904968178115,0
24.715544050415943,172.08531634445146,0.623321097639757,0
20.317282104086548,163.02245421950863,1.4576465572993786,0
18.208524056245786,158.63013079705755,3.1881723262516806,0
19.33276046571769,171.89673727889618,1.3779967229438737,0
20.58635085842704,232.02530122509174,0.6917311692608289,0
21.828434020489816,216.15576661546913,3.047946882607077,0
16.43375169010043,152.70793393064218,1.2889536580143677,0
20.111080961367822,194.90396910042125,1.7246937858561768,0
20.10500730760155,236.76973035608714,1.0314213573704663,0
18.407785758190517,172.91585449964214,3.3420998140736904,0
16.280330329100487,192.91812389967896,1.7803237630809683,0
21.597630980788878,166.2353824576351,1.6893816933926087,0
17.64533770628279,178.30320065069932,1.5585508295003867,0
21.88346128489185,204.53223237820634,2.781089535378761,0
21.17770366575902,220.56290802444056,0.8350162379741344,0
17.4459850750439,162.1814166502661,1.6801811660655892,0
23.374800677519122,196.9891193263789,0.8539449123328704,0
18.18747331744063,182.30600710233946,1.3120705929683247,0
22.937491527304257,213.825842759544,1.2274001087205857,0
20.70217762853297,197.2419907241174,3.425426684159282,0
22.839604347775737,238.96038461315328,2.1641346626678293,0
21.091361717418337,217.7807233385044,1.6178790313418867,0
15.082042159527736,244.09393101863884,1.1252575403492038,0
21.116628302144058,229.3989388716792,1.9632970366020197,0
20.678446298732606,152.21495232716813,3.2886573056990906,0
23.148870341130888,159.9846614204698,1.9619113186292716,0
19.457233014140513,243.79469341664628,1.4967450315721842,0
19.173467326273684,167.92794017287497,1.2654389600500373,0
22.00551523929362,210.81324023457017,0.6411858312837035,0
18.295874847635183,185.79937104413486,1.6092919303659716,0
18.83704824219876,247.3022612963421,2.571793985934482,0
20.165083814897795,224.44808469738334,2.3981270852354766,0
16.801190337496863,170.51965868344962,1.6006754558474507,0
22.795048693277867,174.9922653033171,2.2477552717300706,0
18.80116090507127,161.14518406868672,2.173916727961993,0
23.737044104784076,191.29550952177487,1.6891081481397174,0
22.697249994824325,237.09440145627264,2.332090424845228,0
24.789809752854673,191.26326204769268,1.1445907090746275,0
21.70156179735164,183.73022812491126,1.68904874570426,0
22.762562056463736,206.87228958062735,3.3694054518887264,0
19.599152692263488,218.60779068792561,1.170098426555293,0
21.427372015170576,205.7758983064711,2.4925379792991498,0
15.61973234458279,172.89949605716748,1.7134896551895604,0
15.322636155724782,205.63144777426106,0.6030010784767905,0
19.55212783081934,178.26704041915775,2.4114624805284466,0
20.101219690984955,212.6210261881634,2.0527256332098407,0
15.762545835175704,246.0144070906821,3.218822429014612,0
15.886612683145287,180.7316571590037,1.9855736797670278,0
23.28570051759258,165.05586459654808,2.05642941828021,0
15.593630584186538,236.70048748642188,0.9665906727493084,0
16.330146252787472,169.52476960920012,0.775890645638747,0
19.314553862838373,245.22659099517784,1.0822519031358804,0
22.311571634159183,207.8585266000846,0.6980823766308938,0
23.666561215085167,244.26807948758497,3.2411643765874714,0
20.86744597010901,175.69928259949373,2.285126581396279,0
15.758174485879842,189.87511156286672,2.7324874446693452,0
23.12020779102316,214.3026297407817,0.944434988691605,0
18.936325831197905,179.13781880744335,0.5077757681159651,0
22.13367521943327,213.71074874551903,3.14888285789404,0
16.99573300205302,196.2628389180162,0.9769921528579866,0
16.93720954383868,237.4711697361161,3.023331376853559,0
24.09072782408871,175.2948146651289,1.6423119043739898,0
19.460845357984038,160.20896188871959,1.1324423954775256,0
15.04130431526295,190.55535464459317,2.661081472044823,0
19.820585497906542,227.27165710886078,0.5833261236882594,0
19.90266156523888,198.39567836792804,3.2798668066745242,0
15.536115673101282,170.990826922083,1.5915216845098787,0
24.908077011103444,204.7680840736353,0.8530891084935297,0
23.483689063238792,241.5787453562297,0.6406092570902738,0
23.871379988760097,224.79411138691574,1.462166098165026,0
19.10300146968919,206.04138811267433,0.7523615385995314,0
20.01925118043858,167.51750849870842,0.9479391764652162,0
24.468875454427845,168.1163501008769,1.5854826801646373,0
15.841184206603316,228.8000642507223,2.2323303231838354,0
24.28707511273397,217.05666085542578,2.1987559998660027,0
16.89139219099405,239.31382834250954,1.0348625889499896,0
16.339008395744198,177.1264924805492,1.3767255033605201,0
18.187518083561876,227.88181837462332,2.153097664686839,0
19.976337204085226,153.5012763727408,2.454620457829639,0
19.704567197574384,210.2774334853082,2.622594576305177,0
20.535200490191787,231.80479739657423,1.2015695747477264,0
15.911339733979222,166.90844800627963,2.0069275423401733,0
23.490500844239364,220.70814351303045,0.6348009647557128,0
21.04029162777111,223.92397745909707,1.4457690766735105,0
19.65508607455413,249.66466564789687,2.7869705488425844,0
15.250490201939007,214.73295509356004,2.743255281002602,0
16.652263116584336,184.50262993338492,1.1925389832934048,0
17.39603114677201,211.24298375136271,0.5433165112789303,0
16.090291166914284,158.10919436133648,1.2709226156982876,0
19.69555543902908,246.187138368464,2.8351333119401714,0
17.96817168790851,231.2376340248435,3.2020530403012977,0
21.12828059508716,179.2228147850901,1.3570094923477192,0
21.556626853850194,193.62754632834157,1.202099341499351,0
23.911051828903286,188.4909540641711,2.439483907147178,0
16.100919139515607,236.08851958878063,2.0348102775479706,0
20.992630097019607,155.53460884856543,3.051077977376517,0
15.181887087378746,243.85861630050184,1.9577663693370622,0
16.084932693609385,187.76344394794182,1.77008326206606,0
18.677872143189358,239.43493386663303,1.2153269697191895,0
22.902532498647766,200.08554236188957,2.83943958894114,0
17.615825875076318,161.44417069910827,2.531854982888523,0
20.169875229062765,177.7558549517294,3.442995641515651,0
16.682529391664946,180.84793332015502,2.114782110042783,0
15.475613090779039,186.05258832358163,1.1862244238575368,0
19.12556500569654,234.48476742223286,1.2842836922228702,0
22.13670030142478,193.9278519679155,2.728542645314078,0
18.119877862815954,155.9797640795438,1.7259467693746329,0
21.435379113021938,228.1314344789875,0.9722258797985451,0
19.713985443603498,193.9810059677851,2.6233621616116047,0
17.93083593206381,204.47912121830643,3.3873092072915982,0
20.187480486602936,179.82220140987025,2.585865627854074,0
22.274427561060335,152.08317099441626,1.4774768491088244,0
24.410482453025892,174.09392679490622,1.9362784323586233,0
24.522112526258326,178.15721418746196,2.7590156855984556,0
21.945953988428037,197.19355871310083,1.171486593281546,0
16.471138940622517,164.55976857950094,3.3834342466898626,0
18.734474516013506,244.43900843062454,1.559547207752738,0
23.486281489426986,199.06091851677294,1.469207024561682,0
19.75998045969919,221.83263019293793,1.3586093076534511,0
17.61229773117477,209.70210475888706,1.385065684671499,0
15.251828459039462,152.080298486123,3.30900706196696,0
24.740041954626843,162.71143300894354,0.9834982241805705,0
16.272452004427123,164.32532044414046,0.6873583087091261,0
17.38220608748379,246.6069163809947,3.0695953064780053,0
15.349380835083132,220.75730863327593,1.8927206507679808,0
23.967193803340244,227.67724666682255,0.5357622499415445,0
19.423269998995455,157.28498683265127,2.2908524477714884,0
19.25961962708756,223.0324849622474,2.601256669489096,0
16.056308127562808,223.14695944577568,1.5734877752305976,0
20.72138829125501,198.11137473244415,2.421463635800874,0
19.68869864800597,156.827171039279,2.013726764287875,0
20.444957319600476,220.24197850050032,1.124002205278909,0
24.924366680253094,217.11999563242338,1.4993141018249272,0
23.784268450790012,224.04953604765137,2.1442008518969247,0
16.837892982350375,186.54104557444583,1.460623421744856,0
20.44118461069233,152.63703966394473,2.837357601057582,0
15.556936687045372,240.15162744740414,2.41066071250859,0
24.088697547216583,236.57912626855793,0.7476604419010785,0
23.734631904468973,221.07883838636974,1.399077819604277,0
15.172591545693436,180.59426529735092,2.982195461287457,0
22.782967747673254,232.33053950675415,3.0114716510682396,0
17.66061706935552,209.80842489468364,2.5725632269759178,0
20.94157955727472,160.54386225201438,1.466841685832408,0
21.99923449743317,206.9317992646412,2.2644609575565164,0
21.32475035534132,184.40707143124794,2.3420769953375378,0
15.283042994577253,209.07510178274603,2.3155345309859015,0
21.372372755058503,203.7202867981581,3.2865620584786157,0
20.13261799916494,231.15510913239535,1.2816916113986698,0
16.36855880467295,247.49297982617662,3.1325652887188395,0
19.548943585387775,239.82665367040224,2.638904270321753,0
23.494530063531997,219.3802636263353,1.9920853203004496,0
16.8129550049025,183.65318930010196,1.014752763840201,0
20.743632162034,225.024052222582,1.1265875952680267,0
23.85270358765588,240.3468565634162,1.3001943722378988,0
18.94246794250257,167.6418192355171,2.429744895463999,0
17.122781860473275,205.53034531618886,3.2373554962391147,0
21.95159443654283,196.05918514821687,1.1977481772782874,0
21.432241698106957,220.09922685961882,1.304724353780009,0
22.671149749652436,193.2025288583195,3.4458395170770824,0
22.706616921494863,159.91174400059896,2.7125665619591186,0
23.225605056156162,158.88760089046997,2.9689305788347773,0
21.91863071204481,171.70198267969522,2.644571610769507,0
18.09468196968369,157.2292405813496,1.402132365509673,0
21.27302483725567,236.60056884969026,1.5780146625272848,0
19.1091000142902,216.63552871994938,1.3915452172357887,0
22.38856781994167,164.3726370341396,1.788652665863161,0
18.678348739745253,161.32924887323077,1.5500070753156803,0
18.09904294597694,179.2104171823915,2.2443863073114763,0
15.959889792750321,239.96266841344152,1.0999222307061784,0
16.46724977894732,191.01381133038245,2.753953002378223,0
19.965404251190392,211.3795028143523,2.4581347429160756,0
15.738362416540816,247.96438699109297,1.4125095805706431,0
22.709035345516064,186.5912344458909,0.921158647013609,0
20.1537766435422,159.39855046648037,1.069338547088521,0
19.060050147181002,189.23593858419054,1.4875867665604223,0
22.889541117481105,171.24741024259998,0.6390260008577928,0
19.10202898929997,244.49068078672272,1.3741441823375582,0
15.426463534769189,200.44905801372374,2.130988082611026,0
21.976900973321797,219.17415616070798,1.07147126938406,0
18.051388225479037,246.39728356784593,0.8767799279883673,0
17.042663804363794,178.49779233558104,2.9492146585500034,0
24.44857410313129,179.05971289129556,2.7498872789530244,0
18.85230243853794,245.67382980344237,1.5127189251870832,0
21.06352894028135,165.9204355131968,0.5421603602858869,0
23.45787926815947,169.27489614336716,3.1995798413294207,0
18.678557710860787,166.5057482212599,0.9662006377612338,0
24.976027856990974,221.60060196246502,2.71722630226446,0
22.842253875041415,233.22219211746358,2.5247662340535433,0
17.0632665813902,190.90169372242943,1.153628145528323,0
16.42746267853237,236.91497704112027,1.8489893383613987,0
19.232464741461488,198.00822993207217,1.1435373529044668,0
22.449612951632915,184.2169829769078,1.7542052023233252,0
16.32892994950646,240.76125102560354,2.105699854664966,0
24.73194781267044,222.41851865157804,0.5375871905596055,0
20.21162065673753,185.49286678031777,1.412027068981247,0
21.265374607034396,211.4752318422604,0.7541594195376775,0
22.866577965888546,204.03430198800768,1.7315556319354293,0
20.01495006899149,189.616164538798,2.3133333008297634,0
24.291975471186745,180.95755790224678,0.6176265194642959,0
18.751684349982767,161.54683258099226,3.1146784123690905,0
16.79555170737094,191.04841849830538,1.1135770146686865,0
16.633018869948643,219.8336455579272,0.5734967550700462,0
17.650476138378004,204.33642289110142,2.4968083268928507,0
15.653735299734048,201.41730799945594,3.1962890441801033,0
24.191423510219977,212.2361715085942,1.2640867114790293,0
17.660387071081153,163.09529635618395,1.5273243332770305,0
21.319662543451237,152.33339549385482,1.887657747839883,0
24.44391113081083,176.9997904481332,1.5255451049972002,0
20.436678848492356,226.56115771242142,2.6073876931968774,0
22.515943889036528,162.0045073852217,2.4396877281683502,0
21.3900145103758,175.93080056240296,3.3065453706399732,0
18.29647763261557,240.42173187345787,1.9926889828169339,0
23.24353435760694,200.6124522187406,0.6543091602246175,0
23.599489187874518,151.37875268945223,2.1956488884136656,0
17.49251532036923,234.7885989458809,2.7318852683918946,0
17.06797825170872,150.34401525875353,2.961309071875664,0
20.98198537379588,171.57889263188935,3.053509138624664,0
23.335465214133905,239.65164667229868,1.545166661164489,0
16.59421264978716,208.19723674848697,2.3454080018597225,0
19.782027916062404,213.33667729174604,2.9253226167407065,0
21.035759229807258,212.03144435312768,2.1411772973816965,0
17.58704842571912,228.35071259921466,2.4143953222734105,0
19.818244092481486,156.49406123634657,1.9693903250666613,0
16.82391707351633,152.12224495857467,1.1291772007645118,0
21.55552513747636,168.6917347490149,3.0610256964040263,0
21.75391382306201,228.8041799794256,1.1479474921418,0
18.156747543751383,155.97973842299243,0.5695194600884523,0
16.570122482648543,195.4047703951369,2.033065750177,0
24.981194162094756,221.32773761977415,1.1620758381551648,0
20.391605790027036,156.2950831477595,1.0845724749247974,0
19.21510793202274,186.27177060946994,2.59611601348869,0
24.633453685947313,171.51255854872636,2.243139508929774,0
22.55192390645918,212.38468570112195,0.8013733164107806,0
16.53358706714635,231.2426103073097,1.1344803949272366,0
23.682046770581746,195.4852672309886,2.9539356145068556,0
16.235597887417292,213.9353145157395,3.456753520638059,0
17.652290753174956,212.4783182939606,0.7557218477482354,0
18.770285392610027,173.10378354023703,0.5891214120841949,0
24.892649580203603,234.2663940621452,1.554207499088867,0
22.079764604334812,173.7379051428137,0.637879601299613,0
20.341139237598522,188.98102182975353,2.331242921975102,0
22.884853461091524,178.6038250193355,2.9579507313220503,0
21.853037291128643,150.70967278147373,1.5378984609797421,0
16.986771403830865,159.38279795390167,1.467869073419016,0
21.99981086410723,214.63997592330998,1.7145858243962016,0
18.339830968387158,174.70042671061606,1.493821301763369,0
21.579052803415376,190.1639561111469,1.9789146944026261,0
15.91144141473156,155.98097546550397,1.0291531029927228,0
17.46101604861319,166.07246352387114,0.8791327889319661,0
23.261818298900298,246.72779553165054,2.3055006071028314,0
22.00383627285943,190.96044348218135,1.9670456955532982,0
22.266206769618165,188.30164762848122,3.3079599114823197,0
15.890185839824401,240.6392136521637,2.1292427373060834,0
23.631082431877118,182.97268624447614,2.1667957237822932,0
23.74536225144633,236.9789308125179,2.5673327003906437,0
24.43831144461845,242.4637192048126,0.6566990904174488,0
22.598987340325106,192.35186354600677,1.7969911167007675,0
23.692732469754084,171.94046804528668,2.9288281475178577,0
19.945051272625186,200.24512756783537,3.2820105526865295,0
22.81173972192093,169.41365644592054,2.139471841329918,0
16.603370605264125,180.0083024592175,2.477112810472459,0
19.335403819462478,165.06290732128735,0.9931745233418212,0
15.520583878611625,180.61242534876854,2.5417406945929666,0
18.479539780915488,229.63301244297185,3.2702009928294045,0
23.6282634284128,169.9253184456839,2.8482370743753362,0
18.274577393629453,214.23980806966242,2.568092381286216,0
22.425270830150225,241.4257447696881,1.2250393984541332,0
22.627117624687834,210.64277970030207,1.6963592641050211,0
15.756925874768672,204.11341140553796,0.7455370551250097,0
19.161786572016375,220.51433323387292,1.1916273739405332,0
24.650284205013726,162.76483784796602,1.2723504993348684,0
17.412884846972158,217.98875382764027,1.8107183326633642,0
16.05859474385046,191.31420153542834,2.063241311402426,0
16.871926018653195,152.82475169097165,1.6443607954790727,0
17.445005458985086,241.88955079465478,1.6080324528665806,0
15.204457673007333,168.28354649998283,3.1618149304598147,0
20.613431590570414,168.0110841869602,0.7755770090489973,0
18.88894203927739,237.3311597722374,0.7889468986591903,0
20.433171481881285,154.59815344952872,0.6242598493533542,0
22.25564514738023,167.98568290786986,0.7896913217695918,0
20.842504450569614,206.22112298731946,2.114383091667647,0
22.176232558757157,163.31424189335524,1.3863651503932748,0
24.143011719242082,197.47080026320822,3.1925914649632356,0
16.98201109026823,240.72638229023198,2.674542613021909,0
18.48064242647969,169.32818039803513,1.1668093890694957,0
24.951521408492674,222.68398648187716,3.009168013438274,0
23.96722861168167,174.79718875157323,3.3382776076568366,0
23.340680662312632,233.08600433240136,1.8915761980710504,0
21.755487142528626,165.72549481401305,1.5061888727661548,0
15.533633392919164,157.63985441433633,2.6088403315917743,0
20.8594092823886,235.63635270585638,1.3268296133340756,0
21.271331422574786,159.45458210122243,1.9978600004441276,0
17.654857447927238,183.31372553471473,0.5848784065326857,0
17.969185098000843,223.1306049180663,0.8932751096328849,0
19.358879405847095,244.5265946564154,1.825311928319442,0
19.466573384485145,241.62952747925897,0.9573115955777326,0
17.43361782208661,226.63526315881364,1.3579566375376726,0
16.163086205713697,215.3107285659604,1.4462046217640745,0
16.690190089016113,244.82443801012056,2.8284370964682335,0
16.5461507004293,165.81175387591992,3.3075242250921866,0
22.111243026849273,240.9603572406753,1.924947338431808,0
16.386083732299838,232.42354213052397,0.68049417675368,0
18.429406926233952,235.00935357788353,1.952713290372467,0
21.931444557854938,209.97472870755684,3.2988747515821792,0
17.291662116685657,157.36036883554846,2.093365524345364,0
19.584053155922266,159.65013253488019,1.188149756769088,0
23.19244505170697,222.95189857898106,3.2033120678986013,0
22.460049825911064,232.99991432251002,3.1917753646128,0
19.944424262073248,191.72347597122678,3.281086841228381,0
17.52828423871899,229.19539896804832,2.222767365493459,0
21.36179456376039,201.846649173931,0.6454251621084028,0
